mutation,segment
2,0
25,0
31,0
34,0
53,0
58,0
67,0
73,0
74,0
80,0
88,0
92,0
98,0
105,0
106,0
142,0
154,0
156,0
160,0
187,0
199,0
212,0
224,0
249,0
277,0
298,0
324,0
328,0
363,0
375,0
410,0
411,0
413,0
416,0
434,0
444,0
458,0
460,0
502,0
503,0
509,0
519,0
528,0
529,0
532,0
546,0
549,0
551,0
562,0
620,0
654,0
666,0
681,0
684,0
714,0
734,0
768,0
771,0
780,0
789,0
793,0
820,0
845,0
869,0
922,0
983,0
1003,0
1015,0
1021,0
1027,0
1122,0
1133,0
1140,0
1150,0
1151,0
1157,0
1159,0
1176,0
1184,0
1188,0
1195,0
1197,0
1210,0
1241,0
1243,0
1257,0
1264,0
1287,0
1306,0
1307,0
1328,0
1355,0
1356,0
1371,0
1394,0
1415,0
1421,0
1433,0
1451,0
1461,0
1484,0
1501,0
1518,0
1520,0
1521,0
1536,0
1538,0
1546,0
1553,0
1564,0
1575,0
1577,0
1603,0
1629,0
1636,0
1648,0
1652,0
1657,0
1661,0
1669,0
1684,0
1685,0
1697,0
1712,0
1714,0
1715,0
1730,0
1745,0
1766,0
1769,0
1790,0
1817,0
1818,0
1821,0
1829,0
1882,0
1897,0
1930,0
1938,0
1949,0
1969,0
1972,0
1986,0
1987,0
1992,0
2013,0
2022,0
2053,0
2076,0
2098,0
2108,0
2165,0
2188,0
2189,0
2192,0
2196,0
2203,0
2234,0
2236,0
2244,0
2256,0
2258,0
2260,0
2291,0
2301,0
2320,0
2327,0
2329,0
2339,0
2341,0
2348,0
2353,0
2367,0
2368,0
2378,0
2379,0
2382,0
2390,0
2412,0
2437,0
2470,0
2490,0
2495,0
2504,0
2516,0
2546,0
2547,0
2550,0
2560,0
2578,0
2586,0
2604,0
2605,0
2606,0
2610,0
2618,0
2621,0
2626,0
2627,0
2634,0
2656,0
2672,0
2674,0
2699,0
2702,0
2724,0
2726,0
2740,0
2747,0
2778,0
2806,0
2818,0
2819,0
2831,0
2850,0
2867,0
2874,0
2944,0
2983,0
2989,0
2990,0
2994,0
2997,0
3012,0
3028,0
3077,0
3086,0
3102,0
3109,0
3123,0
3126,0
3139,0
3142,0
3149,0
3156,0
3165,0
3200,0
3205,0
3208,0
3236,0
3238,0
3239,0
3243,0
3254,0
3256,0
3270,0
3281,0
3289,0
3296,0
3300,0
3349,0
3360,0
3379,0
3388,0
3394,0
3402,0
3406,0
3416,0
3425,0
3426,0
3454,0
3498,0
3507,0
3516,0
3593,0
3595,0
3598,0
3607,0
3617,0
3665,0
3669,0
3670,0
3686,0
3689,0
3691,0
3697,0
3703,0
3728,0
3765,0
3766,0
3769,0
3772,0
3783,0
3802,0
3835,0
3839,0
3851,0
3858,0
3877,0
3883,0
3917,0
3924,0
3927,0
3971,0
4001,0
4012,0
4020,0
4030,0
4049,0
4094,0
4095,0
4097,0
4110,0
4124,0
4139,0
4155,0
4165,0
4172,0
4210,0
4222,0
4225,0
4277,0
4293,0
4312,0
4313,0
4320,0
4331,0
4338,0
4347,0
4362,0
4370,0
4396,0
4411,0
4454,0
4472,0
4495,0
4504,0
4506,0
4508,0
4513,0
4548,0
4555,0
4560,0
4574,0
4592,0
4602,0
4622,0
4633,0
4639,0
4646,0
4679,0
4687,0
4697,0
4713,0
4734,0
4742,0
4779,0
4802,0
4826,0
4841,0
4842,0
4871,0
4911,0
4918,0
4919,0
4934,0
4936,0
4945,0
4952,0
4954,0
4973,0
4975,0
4984,0
4989,0
5002,0
5013,0
5022,0
5026,0
5033,0
5044,0
5059,0
5080,0
5092,0
5103,0
5106,0
5112,0
5121,0
5137,0
5139,0
5162,0
5166,0
5177,0
5198,0
5208,0
5260,0
5265,0
5309,0
5312,0
5345,0
5354,0
5372,0
5382,0
5384,0
5421,0
5427,0
5444,0
5452,0
5465,0
5484,0
5495,0
5497,0
5499,0
5505,0
5507,0
5514,0
5533,0
5534,0
5535,0
5567,0
5568,0
5604,0
5617,0
5637,0
5648,0
5664,0
5678,0
5699,0
5703,0
5719,0
5732,0
5755,0
5757,0
5758,0
5791,0
5794,0
5800,0
5801,0
5803,0
5815,0
5823,0
5835,0
5839,0
5889,0
5899,0
5902,0
5917,0
5924,0
5927,0
5934,0
5954,0
5963,0
5965,0
5975,0
6005,0
6007,0
6010,0
6043,0
6062,0
6072,0
6083,0
6088,0
6098,0
6099,0
6110,0
6133,0
6147,0
6175,0
6191,0
6225,0
6239,0
6240,0
6264,0
6268,0
6270,0
6281,0
6290,0
6308,0
6309,0
6332,0
6347,0
6360,0
6381,0
6387,0
6389,0
6390,0
6398,0
6410,0
6425,0
6433,0
6444,0
6464,0
6466,0
6467,0
6475,0
6498,0
6509,0
6520,0
6523,0
6539,0
6545,0
6572,0
6586,0
6588,0
6590,0
6591,0
6652,0
6673,0
6706,0
6708,0
6732,0
6737,0
6744,0
6756,0
6763,0
6778,0
6779,0
6783,0
6844,0
6850,0
6860,0
6933,0
6935,0
6938,0
6939,0
6947,0
6954,0
6986,0
6991,0
6999,0
7008,0
7028,0
7047,0
7059,0
7065,0
7075,0
7080,0
7092,0
7130,0
7147,0
7167,0
7171,0
7205,0
7207,0
7214,0
7218,0
7222,0
7237,0
7258,0
7275,0
7276,0
7289,0
7303,0
7310,0
7360,0
7362,0
7387,0
7397,0
7403,0
7437,0
7442,0
7444,0
7479,0
7501,0
7545,0
7551,0
7556,0
7589,0
7605,0
7622,0
7624,0
7643,0
7667,0
7690,0
7718,0
7728,0
7748,0
7752,0
7769,0
7770,0
7776,0
7788,0
7813,0
7814,0
7816,0
7832,0
7843,0
7858,0
7868,0
7899,0
7916,0
7931,0
7939,0
7952,0
7954,0
7955,0
7961,0
8026,0
8036,0
8048,0
8052,0
8070,0
8073,0
8088,0
8091,0
8103,0
8117,0
8129,0
8146,0
8150,0
8157,0
8201,0
8221,0
8223,0
8235,0
8250,0
8276,0
8290,0
8308,0
8317,0
8326,0
8332,0
8336,0
8347,0
8368,0
8373,0
8390,0
8392,0
8396,0
8425,0
8466,0
8483,0
8484,0
8555,0
8558,0
8561,0
8573,0
8578,0
8586,0
8598,0
8600,0
8614,0
8645,0
8657,0
8658,0
8671,0
8672,0
8679,0
8688,0
8701,0
8707,0
8718,0
8745,0
8779,0
8790,0
8794,0
8795,0
8798,0
8806,0
8814,0
8822,0
8846,0
8871,0
8877,0
8890,0
8897,0
8954,0
8987,0
9001,0
9008,0
9024,0
9044,0
9049,0
9080,0
9118,0
9136,0
9150,0
9156,0
9168,0
9170,0
9171,0
9191,0
9204,0
9214,0
9238,0
9250,0
9279,0
9285,0
9290,0
9296,0
9309,0
9314,0
9333,0
9355,0
9371,0
9380,0
9381,0
9396,0
9405,0
9410,0
9412,0
9433,0
9445,0
9460,0
9497,0
9498,0
9509,0
9513,0
9529,0
9542,0
9571,0
9574,0
9575,0
9589,0
9605,0
9622,0
9623,0
9637,0
9665,0
9680,0
9697,0
9706,0
9734,0
9778,0
9780,0
9785,0
9793,0
9808,0
9882,0
9896,0
9906,0
9908,0
9909,0
9930,0
9945,0
9968,0
9973,0
9988,0
9991,0
22,1
38,1
52,1
61,1
76,1
117,1
122,1
131,1
174,1
186,1
192,1
210,1
214,1
222,1
239,1
264,1
270,1
286,1
293,1
303,1
306,1
365,1
385,1
426,1
471,1
514,1
524,1
527,1
537,1
564,1
569,1
593,1
601,1
602,1
628,1
629,1
637,1
656,1
662,1
664,1
712,1
716,1
722,1
755,1
756,1
761,1
800,1
802,1
824,1
825,1
826,1
842,1
851,1
855,1
892,1
893,1
902,1
923,1
929,1
930,1
943,1
968,1
970,1
977,1
987,1
1004,1
1014,1
1050,1
1070,1
1088,1
1115,1
1123,1
1124,1
1136,1
1143,1
1163,1
1168,1
1196,1
1203,1
1207,1
1233,1
1320,1
1324,1
1351,1
1366,1
1367,1
1369,1
1410,1
1417,1
1426,1
1428,1
1429,1
1434,1
1435,1
1450,1
1452,1
1475,1
1482,1
1494,1
1510,1
1517,1
1523,1
1569,1
1595,1
1602,1
1606,1
1609,1
1612,1
1659,1
1664,1
1680,1
1692,1
1704,1
1731,1
1734,1
1741,1
1752,1
1762,1
1768,1
1794,1
1809,1
1812,1
1827,1
1836,1
1862,1
1871,1
1890,1
1893,1
1896,1
1923,1
1974,1
1980,1
1989,1
2017,1
2038,1
2045,1
2070,1
2077,1
2078,1
2086,1
2088,1
2109,1
2118,1
2141,1
2170,1
2172,1
2184,1
2199,1
2202,1
2220,1
2226,1
2261,1
2269,1
2276,1
2280,1
2297,1
2313,1
2315,1
2336,1
2343,1
2408,1
2428,1
2442,1
2446,1
2468,1
2491,1
2498,1
2517,1
2537,1
2544,1
2559,1
2563,1
2589,1
2595,1
2611,1
2622,1
2638,1
2643,1
2691,1
2725,1
2741,1
2763,1
2764,1
2773,1
2798,1
2802,1
2804,1
2808,1
2823,1
2836,1
2838,1
2849,1
2860,1
2895,1
2900,1
2937,1
2952,1
2954,1
2960,1
2961,1
2971,1
2984,1
2987,1
3005,1
3015,1
3018,1
3019,1
3035,1
3058,1
3067,1
3085,1
3087,1
3088,1
3107,1
3114,1
3124,1
3138,1
3144,1
3160,1
3169,1
3174,1
3193,1
3212,1
3230,1
3232,1
3265,1
3279,1
3283,1
3291,1
3303,1
3320,1
3324,1
3333,1
3351,1
3375,1
3376,1
3410,1
3424,1
3428,1
3437,1
3463,1
3540,1
3546,1
3554,1
3556,1
3583,1
3592,1
3594,1
3623,1
3631,1
3650,1
3672,1
3704,1
3734,1
3739,1
3742,1
3759,1
3768,1
3796,1
3804,1
3813,1
3823,1
3826,1
3831,1
3840,1
3868,1
3873,1
3887,1
3905,1
3907,1
3912,1
3915,1
3934,1
3946,1
3967,1
3989,1
3992,1
3996,1
4059,1
4063,1
4081,1
4089,1
4104,1
4109,1
4112,1
4118,1
4121,1
4131,1
4157,1
4177,1
4181,1
4194,1
4203,1
4228,1
4245,1
4246,1
4261,1
4282,1
4291,1
4296,1
4310,1
4327,1
4333,1
4343,1
4344,1
4353,1
4364,1
4369,1
4391,1
4392,1
4425,1
4441,1
4448,1
4462,1
4475,1
4496,1
4502,1
4542,1
4562,1
4566,1
4571,1
4605,1
4621,1
4626,1
4630,1
4637,1
4656,1
4672,1
4676,1
4691,1
4704,1
4746,1
4747,1
4814,1
4825,1
4837,1
4839,1
4856,1
4867,1
4873,1
4879,1
4909,1
4953,1
4961,1
5017,1
5029,1
5031,1
5034,1
5045,1
5051,1
5053,1
5111,1
5148,1
5151,1
5154,1
5158,1
5159,1
5175,1
5184,1
5205,1
5238,1
5263,1
5270,1
5283,1
5293,1
5301,1
5302,1
5304,1
5315,1
5319,1
5369,1
5380,1
5392,1
5394,1
5411,1
5413,1
5415,1
5418,1
5420,1
5423,1
5424,1
5426,1
5429,1
5431,1
5439,1
5449,1
5475,1
5488,1
5531,1
5539,1
5541,1
5569,1
5583,1
5591,1
5625,1
5628,1
5652,1
5661,1
5702,1
5708,1
5710,1
5722,1
5731,1
5741,1
5802,1
5820,1
5841,1
5842,1
5844,1
5859,1
5876,1
5877,1
5898,1
5909,1
5937,1
5964,1
5970,1
5973,1
5999,1
6006,1
6017,1
6073,1
6089,1
6105,1
6137,1
6152,1
6169,1
6171,1
6203,1
6210,1
6224,1
6228,1
6238,1
6245,1
6249,1
6252,1
6261,1
6262,1
6284,1
6291,1
6295,1
6314,1
6345,1
6362,1
6395,1
6412,1
6424,1
6426,1
6427,1
6431,1
6432,1
6476,1
6495,1
6496,1
6507,1
6511,1
6516,1
6517,1
6525,1
6559,1
6583,1
6585,1
6593,1
6595,1
6598,1
6609,1
6610,1
6639,1
6640,1
6650,1
6667,1
6697,1
6704,1
6710,1
6731,1
6740,1
6768,1
6771,1
6793,1
6820,1
6823,1
6855,1
6896,1
6907,1
6910,1
6967,1
7004,1
7009,1
7030,1
7036,1
7057,1
7067,1
7088,1
7096,1
7098,1
7117,1
7131,1
7155,1
7194,1
7202,1
7213,1
7223,1
7238,1
7242,1
7254,1
7279,1
7282,1
7300,1
7307,1
7318,1
7366,1
7377,1
7412,1
7426,1
7439,1
7466,1
7468,1
7483,1
7492,1
7496,1
7506,1
7515,1
7518,1
7520,1
7526,1
7534,1
7542,1
7582,1
7591,1
7628,1
7630,1
7652,1
7672,1
7674,1
7680,1
7687,1
7697,1
7703,1
7710,1
7712,1
7716,1
7722,1
7729,1
7743,1
7754,1
7763,1
7790,1
7800,1
7805,1
7823,1
7825,1
7826,1
7830,1
7848,1
7856,1
7867,1
7874,1
7879,1
7910,1
7918,1
7930,1
7944,1
7963,1
7980,1
7983,1
7995,1
8020,1
8056,1
8061,1
8077,1
8099,1
8106,1
8107,1
8112,1
8119,1
8151,1
8152,1
8165,1
8172,1
8192,1
8193,1
8213,1
8229,1
8245,1
8251,1
8266,1
8273,1
8278,1
8292,1
8293,1
8297,1
8310,1
8325,1
8328,1
8343,1
8379,1
8403,1
8412,1
8451,1
8496,1
8523,1
8537,1
8606,1
8628,1
8629,1
8639,1
8655,1
8686,1
8691,1
8708,1
8710,1
8714,1
8730,1
8768,1
8782,1
8830,1
8865,1
8869,1
8896,1
8908,1
8909,1
8927,1
8988,1
9004,1
9061,1
9062,1
9063,1
9113,1
9130,1
9141,1
9143,1
9162,1
9187,1
9192,1
9193,1
9200,1
9202,1
9218,1
9247,1
9249,1
9283,1
9292,1
9311,1
9313,1
9322,1
9323,1
9352,1
9357,1
9413,1
9443,1
9454,1
9457,1
9463,1
9487,1
9510,1
9519,1
9520,1
9528,1
9537,1
9539,1
9572,1
9577,1
9584,1
9597,1
9600,1
9603,1
9604,1
9606,1
9619,1
9684,1
9698,1
9704,1
9707,1
9709,1
9713,1
9724,1
9731,1
9745,1
9779,1
9784,1
9795,1
9805,1
9813,1
9815,1
9858,1
9862,1
9865,1
9871,1
9880,1
9892,1
9894,1
9922,1
9940,1
9944,1
9974,1
9978,1
9980,1
9993,1
6,2
9,2
18,2
124,2
132,2
143,2
206,2
216,2
223,2
231,2
238,2
288,2
292,2
333,2
342,2
372,2
379,2
390,2
392,2
398,2
408,2
432,2
449,2
452,2
464,2
468,2
472,2
482,2
483,2
515,2
542,2
576,2
579,2
585,2
589,2
635,2
682,2
695,2
696,2
697,2
701,2
703,2
735,2
738,2
759,2
781,2
784,2
801,2
815,2
861,2
867,2
873,2
876,2
910,2
941,2
971,2
986,2
990,2
992,2
1054,2
1061,2
1090,2
1093,2
1170,2
1181,2
1206,2
1214,2
1215,2
1216,2
1224,2
1229,2
1246,2
1254,2
1288,2
1295,2
1319,2
1375,2
1380,2
1383,2
1391,2
1393,2
1398,2
1402,2
1436,2
1447,2
1458,2
1472,2
1486,2
1532,2
1535,2
1551,2
1580,2
1601,2
1621,2
1646,2
1654,2
1675,2
1681,2
1691,2
1696,2
1705,2
1729,2
1732,2
1831,2
1835,2
1846,2
1853,2
1865,2
1884,2
1891,2
1901,2
1903,2
1906,2
1911,2
1932,2
1951,2
2023,2
2041,2
2044,2
2059,2
2079,2
2099,2
2104,2
2110,2
2124,2
2135,2
2152,2
2155,2
2174,2
2180,2
2195,2
2225,2
2281,2
2305,2
2394,2
2397,2
2414,2
2441,2
2453,2
2461,2
2467,2
2478,2
2484,2
2551,2
2601,2
2607,2
2623,2
2632,2
2635,2
2637,2
2659,2
2714,2
2730,2
2737,2
2746,2
2751,2
2786,2
2811,2
2841,2
2876,2
2886,2
2891,2
2920,2
2941,2
2947,2
2950,2
2951,2
2963,2
2980,2
2981,2
3004,2
3013,2
3038,2
3056,2
3062,2
3090,2
3111,2
3164,2
3180,2
3211,2
3260,2
3264,2
3268,2
3278,2
3285,2
3305,2
3315,2
3329,2
3338,2
3352,2
3356,2
3395,2
3398,2
3414,2
3438,2
3446,2
3453,2
3459,2
3479,2
3495,2
3525,2
3526,2
3535,2
3585,2
3587,2
3602,2
3604,2
3657,2
3658,2
3740,2
3741,2
3746,2
3754,2
3762,2
3770,2
3795,2
3815,2
3846,2
3848,2
3854,2
3856,2
3866,2
3879,2
3906,2
3908,2
3923,2
3982,2
4003,2
4008,2
4019,2
4022,2
4040,2
4046,2
4091,2
4096,2
4129,2
4130,2
4148,2
4170,2
4187,2
4206,2
4207,2
4235,2
4267,2
4273,2
4280,2
4294,2
4341,2
4350,2
4359,2
4371,2
4460,2
4465,2
4523,2
4525,2
4533,2
4539,2
4558,2
4582,2
4586,2
4594,2
4609,2
4625,2
4632,2
4640,2
4649,2
4660,2
4661,2
4680,2
4703,2
4721,2
4722,2
4729,2
4738,2
4756,2
4778,2
4786,2
4790,2
4809,2
4821,2
4860,2
4874,2
4897,2
4901,2
4912,2
4924,2
4925,2
4941,2
5046,2
5073,2
5087,2
5108,2
5122,2
5157,2
5183,2
5210,2
5228,2
5248,2
5264,2
5289,2
5320,2
5324,2
5344,2
5378,2
5435,2
5467,2
5470,2
5472,2
5502,2
5511,2
5525,2
5548,2
5552,2
5565,2
5574,2
5595,2
5601,2
5607,2
5619,2
5665,2
5721,2
5730,2
5736,2
5774,2
5814,2
5821,2
5828,2
5833,2
5847,2
5858,2
5885,2
5895,2
5901,2
5911,2
5921,2
5922,2
5930,2
5933,2
5943,2
5960,2
5983,2
6009,2
6018,2
6033,2
6037,2
6058,2
6059,2
6060,2
6065,2
6068,2
6078,2
6092,2
6097,2
6116,2
6150,2
6154,2
6163,2
6179,2
6182,2
6218,2
6220,2
6242,2
6257,2
6285,2
6302,2
6306,2
6310,2
6376,2
6406,2
6416,2
6463,2
6487,2
6493,2
6504,2
6518,2
6527,2
6537,2
6544,2
6560,2
6584,2
6618,2
6619,2
6620,2
6641,2
6721,2
6724,2
6759,2
6767,2
6787,2
6796,2
6808,2
6827,2
6834,2
6838,2
6843,2
6865,2
6876,2
6885,2
6908,2
6928,2
6945,2
6965,2
6981,2
6994,2
7016,2
7020,2
7032,2
7041,2
7045,2
7062,2
7069,2
7077,2
7084,2
7116,2
7123,2
7133,2
7262,2
7269,2
7294,2
7355,2
7368,2
7376,2
7378,2
7392,2
7404,2
7417,2
7422,2
7435,2
7440,2
7446,2
7470,2
7490,2
7502,2
7505,2
7519,2
7527,2
7529,2
7544,2
7559,2
7571,2
7579,2
7587,2
7609,2
7631,2
7635,2
7651,2
7659,2
7673,2
7698,2
7699,2
7705,2
7741,2
7749,2
7759,2
7781,2
7785,2
7837,2
7838,2
7885,2
7888,2
7894,2
7907,2
7925,2
8030,2
8042,2
8069,2
8084,2
8085,2
8086,2
8092,2
8114,2
8134,2
8170,2
8176,2
8231,2
8261,2
8322,2
8324,2
8331,2
8333,2
8399,2
8449,2
8456,2
8479,2
8501,2
8519,2
8520,2
8532,2
8551,2
8570,2
8579,2
8604,2
8612,2
8619,2
8625,2
8630,2
8664,2
8666,2
8687,2
8689,2
8700,2
8712,2
8742,2
8757,2
8785,2
8799,2
8862,2
8875,2
8881,2
8891,2
8899,2
8915,2
8934,2
8949,2
8958,2
8962,2
8965,2
8974,2
8979,2
8980,2
8993,2
9010,2
9026,2
9043,2
9057,2
9071,2
9090,2
9108,2
9124,2
9151,2
9178,2
9231,2
9235,2
9275,2
9326,2
9329,2
9331,2
9366,2
9391,2
9441,2
9494,2
9508,2
9516,2
9522,2
9527,2
9552,2
9555,2
9556,2
9563,2
9593,2
9612,2
9687,2
9715,2
9737,2
9741,2
9755,2
9756,2
9758,2
9796,2
9809,2
9825,2
9863,2
9878,2
9885,2
9889,2
9912,2
9919,2
9942,2
9953,2
9977,2
9981,2
9982,2
49,3
86,3
95,3
102,3
103,3
108,3
141,3
193,3
230,3
240,3
254,3
258,3
272,3
295,3
327,3
338,3
340,3
361,3
377,3
381,3
407,3
412,3
456,3
494,3
501,3
508,3
534,3
540,3
577,3
578,3
590,3
595,3
597,3
599,3
606,3
611,3
627,3
648,3
670,3
678,3
717,3
718,3
747,3
752,3
776,3
805,3
829,3
853,3
871,3
900,3
963,3
969,3
1029,3
1042,3
1047,3
1068,3
1079,3
1100,3
1106,3
1134,3
1145,3
1182,3
1219,3
1261,3
1263,3
1282,3
1317,3
1341,3
1425,3
1446,3
1448,3
1456,3
1457,3
1498,3
1504,3
1509,3
1515,3
1526,3
1529,3
1573,3
1582,3
1587,3
1616,3
1640,3
1642,3
1651,3
1698,3
1749,3
1807,3
1825,3
1833,3
1840,3
1843,3
1847,3
1856,3
1861,3
1869,3
1875,3
1880,3
1899,3
1913,3
1952,3
2040,3
2052,3
2056,3
2065,3
2069,3
2101,3
2113,3
2126,3
2134,3
2175,3
2179,3
2207,3
2208,3
2238,3
2251,3
2282,3
2287,3
2295,3
2335,3
2344,3
2361,3
2388,3
2409,3
2420,3
2448,3
2466,3
2513,3
2531,3
2575,3
2613,3
2624,3
2652,3
2678,3
2689,3
2690,3
2718,3
2721,3
2745,3
2793,3
2830,3
2837,3
2843,3
2872,3
2873,3
2875,3
2877,3
2901,3
2909,3
2925,3
2939,3
2949,3
2991,3
3025,3
3033,3
3037,3
3049,3
3060,3
3075,3
3089,3
3110,3
3210,3
3213,3
3216,3
3237,3
3330,3
3332,3
3348,3
3358,3
3422,3
3441,3
3457,3
3480,3
3513,3
3570,3
3588,3
3615,3
3668,3
3690,3
3705,3
3711,3
3720,3
3760,3
3799,3
3820,3
3824,3
3834,3
3855,3
3880,3
3889,3
3896,3
3898,3
3909,3
3945,3
3984,3
3993,3
4029,3
4035,3
4039,3
4067,3
4076,3
4101,3
4113,3
4114,3
4117,3
4125,3
4138,3
4156,3
4184,3
4191,3
4238,3
4243,3
4253,3
4274,3
4305,3
4307,3
4311,3
4326,3
4334,3
4352,3
4375,3
4379,3
4383,3
4394,3
4398,3
4399,3
4404,3
4437,3
4457,3
4477,3
4509,3
4510,3
4572,3
4623,3
4693,3
4708,3
4740,3
4767,3
4800,3
4810,3
4866,3
4913,3
4914,3
4965,3
4978,3
5006,3
5027,3
5057,3
5058,3
5077,3
5086,3
5093,3
5232,3
5243,3
5280,3
5311,3
5339,3
5355,3
5367,3
5377,3
5397,3
5404,3
5417,3
5455,3
5479,3
5486,3
5553,3
5576,3
5581,3
5598,3
5613,3
5618,3
5621,3
5626,3
5659,3
5663,3
5680,3
5694,3
5696,3
5701,3
5739,3
5747,3
5748,3
5750,3
5767,3
5785,3
5786,3
5792,3
5799,3
5819,3
5855,3
5871,3
5887,3
5906,3
5908,3
5950,3
5981,3
6048,3
6056,3
6071,3
6086,3
6103,3
6119,3
6123,3
6132,3
6134,3
6146,3
6148,3
6161,3
6164,3
6170,3
6181,3
6187,3
6212,3
6213,3
6282,3
6368,3
6396,3
6415,3
6428,3
6429,3
6445,3
6454,3
6455,3
6503,3
6505,3
6552,3
6556,3
6567,3
6568,3
6579,3
6594,3
6675,3
6680,3
6722,3
6743,3
6751,3
6769,3
6798,3
6804,3
6824,3
6837,3
6840,3
6849,3
6912,3
6913,3
6915,3
6963,3
6979,3
7000,3
7019,3
7033,3
7037,3
7083,3
7104,3
7128,3
7132,3
7139,3
7179,3
7195,3
7198,3
7206,3
7210,3
7245,3
7301,3
7311,3
7345,3
7351,3
7365,3
7367,3
7371,3
7379,3
7411,3
7447,3
7494,3
7524,3
7553,3
7567,3
7598,3
7599,3
7606,3
7627,3
7649,3
7656,3
7658,3
7666,3
7708,3
7711,3
7717,3
7758,3
7782,3
7786,3
7794,3
7806,3
7817,3
7822,3
7829,3
7833,3
7903,3
7923,3
7924,3
7948,3
7991,3
8003,3
8010,3
8018,3
8021,3
8038,3
8043,3
8047,3
8053,3
8054,3
8089,3
8097,3
8104,3
8135,3
8144,3
8145,3
8153,3
8161,3
8199,3
8228,3
8237,3
8240,3
8244,3
8256,3
8264,3
8294,3
8337,3
8360,3
8380,3
8395,3
8420,3
8429,3
8441,3
8454,3
8458,3
8462,3
8516,3
8539,3
8552,3
8554,3
8563,3
8583,3
8632,3
8641,3
8662,3
8673,3
8685,3
8702,3
8741,3
8743,3
8775,3
8821,3
8876,3
8898,3
8919,3
8932,3
8933,3
8967,3
8971,3
8996,3
9029,3
9054,3
9078,3
9082,3
9083,3
9087,3
9096,3
9102,3
9112,3
9148,3
9161,3
9164,3
9166,3
9167,3
9188,3
9194,3
9197,3
9208,3
9227,3
9246,3
9269,3
9278,3
9303,3
9317,3
9341,3
9361,3
9386,3
9387,3
9404,3
9420,3
9432,3
9435,3
9462,3
9472,3
9476,3
9484,3
9501,3
9546,3
9551,3
9553,3
9582,3
9615,3
9689,3
9695,3
9747,3
9760,3
9763,3
9800,3
9830,3
9835,3
9859,3
9910,3
9926,3
9994,3
48,4
81,4
85,4
121,4
135,4
161,4
180,4
182,4
194,4
227,4
233,4
235,4
244,4
268,4
284,4
312,4
317,4
332,4
352,4
354,4
364,4
378,4
425,4
480,4
481,4
491,4
535,4
563,4
565,4
582,4
650,4
657,4
661,4
739,4
750,4
778,4
794,4
798,4
810,4
840,4
854,4
909,4
958,4
980,4
1001,4
1039,4
1057,4
1065,4
1089,4
1113,4
1116,4
1137,4
1149,4
1164,4
1187,4
1202,4
1212,4
1244,4
1262,4
1274,4
1292,4
1299,4
1463,4
1476,4
1478,4
1479,4
1488,4
1511,4
1530,4
1558,4
1560,4
1571,4
1593,4
1600,4
1614,4
1628,4
1655,4
1703,4
1709,4
1737,4
1755,4
1761,4
1798,4
1801,4
1854,4
1859,4
1947,4
1985,4
1999,4
2004,4
2006,4
2042,4
2063,4
2111,4
2148,4
2205,4
2257,4
2304,4
2316,4
2346,4
2350,4
2356,4
2358,4
2359,4
2373,4
2416,4
2473,4
2474,4
2487,4
2514,4
2524,4
2554,4
2556,4
2558,4
2580,4
2585,4
2592,4
2596,4
2608,4
2617,4
2645,4
2664,4
2667,4
2719,4
2734,4
2736,4
2753,4
2761,4
2776,4
2784,4
2790,4
2792,4
2810,4
2822,4
2856,4
2893,4
2906,4
2926,4
2936,4
2962,4
2974,4
3002,4
3014,4
3032,4
3047,4
3061,4
3065,4
3083,4
3098,4
3120,4
3122,4
3125,4
3182,4
3187,4
3188,4
3222,4
3223,4
3224,4
3250,4
3274,4
3302,4
3314,4
3334,4
3335,4
3344,4
3378,4
3391,4
3427,4
3429,4
3474,4
3500,4
3511,4
3517,4
3538,4
3542,4
3544,4
3550,4
3553,4
3568,4
3582,4
3584,4
3614,4
3622,4
3630,4
3643,4
3680,4
3684,4
3699,4
3718,4
3722,4
3757,4
3773,4
3781,4
3787,4
3808,4
3827,4
3832,4
3843,4
3847,4
3860,4
3893,4
3894,4
3899,4
3962,4
3994,4
4000,4
4005,4
4021,4
4042,4
4045,4
4088,4
4103,4
4132,4
4150,4
4163,4
4174,4
4186,4
4197,4
4201,4
4202,4
4212,4
4231,4
4241,4
4284,4
4309,4
4349,4
4355,4
4380,4
4385,4
4395,4
4407,4
4419,4
4420,4
4429,4
4446,4
4503,4
4514,4
4529,4
4535,4
4549,4
4553,4
4567,4
4576,4
4578,4
4618,4
4642,4
4647,4
4666,4
4714,4
4744,4
4769,4
4770,4
4805,4
4835,4
4851,4
4875,4
4878,4
4884,4
4887,4
4926,4
4958,4
4959,4
4966,4
4968,4
4972,4
4976,4
4983,4
4985,4
4993,4
4997,4
5000,4
5048,4
5062,4
5063,4
5143,4
5155,4
5163,4
5214,4
5218,4
5222,4
5308,4
5322,4
5368,4
5386,4
5438,4
5441,4
5447,4
5448,4
5508,4
5520,4
5544,4
5592,4
5593,4
5600,4
5640,4
5644,4
5655,4
5660,4
5662,4
5684,4
5689,4
5700,4
5706,4
5717,4
5726,4
5763,4
5773,4
5780,4
5788,4
5807,4
5857,4
5940,4
5947,4
5951,4
5967,4
5972,4
5982,4
5996,4
6027,4
6039,4
6081,4
6087,4
6101,4
6207,4
6216,4
6229,4
6246,4
6248,4
6265,4
6266,4
6274,4
6278,4
6287,4
6288,4
6301,4
6340,4
6350,4
6358,4
6367,4
6414,4
6430,4
6435,4
6437,4
6442,4
6458,4
6465,4
6494,4
6528,4
6566,4
6581,4
6582,4
6608,4
6633,4
6648,4
6657,4
6659,4
6681,4
6684,4
6690,4
6692,4
6719,4
6747,4
6772,4
6780,4
6829,4
6836,4
6839,4
6853,4
6875,4
6892,4
6925,4
6937,4
6940,4
6951,4
6968,4
7003,4
7017,4
7022,4
7049,4
7094,4
7115,4
7161,4
7169,4
7174,4
7175,4
7217,4
7255,4
7270,4
7272,4
7280,4
7292,4
7295,4
7312,4
7315,4
7319,4
7324,4
7338,4
7353,4
7369,4
7385,4
7410,4
7427,4
7465,4
7480,4
7486,4
7488,4
7530,4
7531,4
7532,4
7537,4
7555,4
7578,4
7592,4
7604,4
7610,4
7613,4
7655,4
7670,4
7677,4
7684,4
7737,4
7738,4
7739,4
7787,4
7791,4
7795,4
7809,4
7815,4
7841,4
7855,4
7859,4
7862,4
7863,4
7901,4
7928,4
7978,4
8001,4
8015,4
8031,4
8039,4
8074,4
8094,4
8100,4
8113,4
8120,4
8124,4
8140,4
8182,4
8197,4
8204,4
8218,4
8284,4
8302,4
8305,4
8339,4
8367,4
8393,4
8417,4
8437,4
8438,4
8486,4
8493,4
8521,4
8527,4
8542,4
8547,4
8569,4
8576,4
8587,4
8594,4
8599,4
8603,4
8607,4
8608,4
8618,4
8631,4
8640,4
8648,4
8651,4
8721,4
8725,4
8756,4
8765,4
8792,4
8820,4
8834,4
8836,4
8841,4
8868,4
8906,4
8912,4
8937,4
8950,4
8970,4
9025,4
9027,4
9028,4
9073,4
9081,4
9127,4
9144,4
9169,4
9195,4
9268,4
9270,4
9288,4
9348,4
9351,4
9359,4
9365,4
9373,4
9382,4
9397,4
9399,4
9403,4
9409,4
9415,4
9429,4
9479,4
9480,4
9573,4
9588,4
9608,4
9620,4
9640,4
9641,4
9647,4
9655,4
9658,4
9662,4
9667,4
9692,4
9694,4
9696,4
9700,4
9719,4
9720,4
9733,4
9736,4
9739,4
9743,4
9750,4
9753,4
9774,4
9790,4
9834,4
9873,4
9890,4
9902,4
9917,4
9935,4
9950,4
14,5
23,5
82,5
111,5
136,5
137,5
164,5
167,5
177,5
185,5
190,5
204,5
205,5
211,5
221,5
274,5
275,5
278,5
281,5
330,5
346,5
359,5
362,5
367,5
371,5
384,5
394,5
415,5
420,5
422,5
436,5
445,5
448,5
466,5
469,5
479,5
488,5
496,5
512,5
517,5
526,5
547,5
617,5
618,5
638,5
644,5
646,5
680,5
685,5
698,5
700,5
715,5
736,5
751,5
792,5
799,5
803,5
819,5
823,5
866,5
875,5
884,5
889,5
895,5
911,5
913,5
915,5
940,5
947,5
953,5
956,5
961,5
995,5
996,5
999,5
1002,5
1005,5
1010,5
1016,5
1019,5
1028,5
1040,5
1060,5
1083,5
1086,5
1129,5
1162,5
1171,5
1205,5
1225,5
1294,5
1344,5
1352,5
1440,5
1491,5
1495,5
1542,5
1550,5
1568,5
1578,5
1586,5
1589,5
1591,5
1596,5
1615,5
1617,5
1634,5
1635,5
1650,5
1658,5
1667,5
1670,5
1742,5
1744,5
1765,5
1770,5
1785,5
1788,5
1814,5
1820,5
1822,5
1857,5
1864,5
1905,5
1936,5
1939,5
1943,5
1953,5
1956,5
1963,5
1984,5
1988,5
2002,5
2005,5
2014,5
2027,5
2033,5
2073,5
2091,5
2094,5
2095,5
2100,5
2103,5
2122,5
2130,5
2143,5
2144,5
2147,5
2171,5
2176,5
2190,5
2198,5
2211,5
2215,5
2217,5
2235,5
2283,5
2294,5
2298,5
2299,5
2321,5
2332,5
2345,5
2376,5
2391,5
2395,5
2402,5
2405,5
2436,5
2469,5
2488,5
2503,5
2509,5
2515,5
2548,5
2658,5
2677,5
2701,5
2712,5
2749,5
2805,5
2813,5
2820,5
2825,5
2829,5
2832,5
2844,5
2846,5
2883,5
2896,5
2897,5
2915,5
2938,5
2940,5
2958,5
2996,5
3000,5
3017,5
3022,5
3023,5
3068,5
3129,5
3141,5
3145,5
3154,5
3176,5
3181,5
3190,5
3194,5
3221,5
3225,5
3235,5
3241,5
3298,5
3316,5
3350,5
3367,5
3397,5
3399,5
3407,5
3434,5
3439,5
3445,5
3471,5
3478,5
3485,5
3529,5
3530,5
3606,5
3639,5
3655,5
3698,5
3702,5
3706,5
3727,5
3782,5
3801,5
3814,5
3837,5
3842,5
3897,5
3918,5
3922,5
3941,5
3948,5
3950,5
3970,5
3977,5
4006,5
4025,5
4033,5
4034,5
4043,5
4048,5
4051,5
4058,5
4062,5
4070,5
4075,5
4098,5
4134,5
4152,5
4159,5
4162,5
4167,5
4223,5
4240,5
4271,5
4314,5
4318,5
4319,5
4325,5
4328,5
4361,5
4365,5
4390,5
4405,5
4413,5
4430,5
4431,5
4432,5
4442,5
4445,5
4450,5
4459,5
4469,5
4473,5
4515,5
4550,5
4565,5
4569,5
4597,5
4612,5
4614,5
4615,5
4628,5
4641,5
4644,5
4677,5
4684,5
4705,5
4733,5
4777,5
4783,5
4789,5
4803,5
4806,5
4816,5
4828,5
4836,5
4859,5
4881,5
4905,5
4942,5
4971,5
5015,5
5019,5
5047,5
5049,5
5095,5
5096,5
5097,5
5099,5
5100,5
5131,5
5132,5
5138,5
5145,5
5178,5
5215,5
5230,5
5244,5
5256,5
5306,5
5317,5
5328,5
5375,5
5388,5
5410,5
5430,5
5457,5
5459,5
5461,5
5463,5
5471,5
5498,5
5512,5
5516,5
5529,5
5554,5
5566,5
5572,5
5639,5
5647,5
5658,5
5679,5
5682,5
5690,5
5692,5
5744,5
5760,5
5761,5
5768,5
5772,5
5782,5
5790,5
5798,5
5817,5
5825,5
5829,5
5848,5
5852,5
5861,5
5865,5
5867,5
5883,5
5884,5
5944,5
5959,5
5984,5
5989,5
6028,5
6031,5
6042,5
6051,5
6052,5
6070,5
6075,5
6113,5
6126,5
6194,5
6200,5
6204,5
6217,5
6234,5
6243,5
6244,5
6251,5
6272,5
6275,5
6276,5
6293,5
6334,5
6341,5
6370,5
6384,5
6385,5
6391,5
6423,5
6446,5
6461,5
6491,5
6497,5
6514,5
6526,5
6531,5
6536,5
6548,5
6549,5
6578,5
6597,5
6600,5
6601,5
6628,5
6630,5
6632,5
6634,5
6646,5
6686,5
6709,5
6715,5
6728,5
6746,5
6752,5
6775,5
6790,5
6791,5
6803,5
6807,5
6831,5
6833,5
6854,5
6886,5
6897,5
6948,5
6955,5
6957,5
6976,5
7014,5
7018,5
7038,5
7064,5
7070,5
7073,5
7105,5
7111,5
7113,5
7119,5
7129,5
7135,5
7138,5
7151,5
7165,5
7224,5
7252,5
7261,5
7271,5
7274,5
7286,5
7287,5
7299,5
7328,5
7335,5
7381,5
7388,5
7390,5
7441,5
7461,5
7489,5
7491,5
7514,5
7522,5
7541,5
7557,5
7562,5
7574,5
7575,5
7596,5
7600,5
7661,5
7663,5
7678,5
7695,5
7704,5
7709,5
7731,5
7732,5
7761,5
7766,5
7804,5
7810,5
7818,5
7846,5
7852,5
7853,5
7854,5
7873,5
7880,5
7892,5
7895,5
7900,5
7911,5
7974,5
8032,5
8041,5
8050,5
8057,5
8071,5
8096,5
8105,5
8158,5
8174,5
8180,5
8198,5
8217,5
8224,5
8227,5
8238,5
8239,5
8257,5
8296,5
8307,5
8316,5
8330,5
8340,5
8354,5
8361,5
8365,5
8370,5
8376,5
8381,5
8385,5
8408,5
8415,5
8424,5
8439,5
8444,5
8452,5
8470,5
8534,5
8556,5
8557,5
8572,5
8602,5
8615,5
8616,5
8626,5
8653,5
8659,5
8669,5
8675,5
8681,5
8693,5
8703,5
8722,5
8731,5
8739,5
8747,5
8769,5
8784,5
8808,5
8818,5
8882,5
8903,5
8918,5
8920,5
8930,5
8936,5
8942,5
8984,5
9018,5
9033,5
9038,5
9050,5
9059,5
9065,5
9074,5
9085,5
9099,5
9109,5
9116,5
9128,5
9132,5
9149,5
9179,5
9182,5
9209,5
9211,5
9223,5
9224,5
9236,5
9327,5
9346,5
9358,5
9398,5
9417,5
9458,5
9511,5
9579,5
9587,5
9590,5
9607,5
9611,5
9621,5
9624,5
9660,5
9691,5
9708,5
9721,5
9752,5
9759,5
9764,5
9782,5
9788,5
9789,5
9798,5
9802,5
9818,5
9823,5
9836,5
9844,5
9861,5
9870,5
9893,5
9903,5
9927,5
9928,5
9941,5
9956,5
9979,5
32,6
54,6
84,6
100,6
138,6
146,6
163,6
172,6
243,6
246,6
262,6
269,6
283,6
287,6
294,6
318,6
349,6
369,6
401,6
439,6
453,6
465,6
470,6
475,6
536,6
552,6
575,6
647,6
720,6
737,6
762,6
767,6
783,6
790,6
796,6
806,6
816,6
838,6
848,6
850,6
857,6
862,6
865,6
879,6
894,6
928,6
954,6
984,6
991,6
993,6
1035,6
1038,6
1046,6
1058,6
1059,6
1063,6
1064,6
1078,6
1094,6
1095,6
1102,6
1175,6
1183,6
1204,6
1213,6
1220,6
1234,6
1239,6
1256,6
1260,6
1271,6
1312,6
1315,6
1325,6
1332,6
1368,6
1374,6
1376,6
1400,6
1408,6
1413,6
1442,6
1454,6
1503,6
1524,6
1547,6
1559,6
1570,6
1626,6
1633,6
1637,6
1665,6
1671,6
1679,6
1694,6
1721,6
1725,6
1733,6
1736,6
1748,6
1763,6
1771,6
1791,6
1819,6
1866,6
1881,6
1895,6
1919,6
1934,6
1960,6
2021,6
2048,6
2062,6
2097,6
2158,6
2178,6
2191,6
2193,6
2223,6
2229,6
2243,6
2247,6
2267,6
2268,6
2270,6
2274,6
2288,6
2290,6
2312,6
2410,6
2432,6
2435,6
2451,6
2459,6
2510,6
2521,6
2529,6
2534,6
2540,6
2569,6
2582,6
2587,6
2594,6
2640,6
2653,6
2660,6
2663,6
2668,6
2669,6
2670,6
2673,6
2686,6
2700,6
2704,6
2723,6
2758,6
2770,6
2821,6
2834,6
2858,6
2869,6
2879,6
2890,6
2899,6
2910,6
2956,6
2964,6
2977,6
2982,6
3008,6
3070,6
3073,6
3091,6
3096,6
3106,6
3127,6
3131,6
3136,6
3158,6
3173,6
3177,6
3178,6
3179,6
3199,6
3247,6
3253,6
3280,6
3299,6
3307,6
3309,6
3317,6
3321,6
3325,6
3340,6
3411,6
3412,6
3417,6
3431,6
3449,6
3450,6
3455,6
3456,6
3466,6
3481,6
3491,6
3503,6
3505,6
3532,6
3541,6
3558,6
3567,6
3578,6
3638,6
3646,6
3648,6
3652,6
3674,6
3677,6
3716,6
3717,6
3737,6
3745,6
3750,6
3753,6
3758,6
3790,6
3791,6
3803,6
3810,6
3822,6
3863,6
3872,6
3884,6
3903,6
3926,6
3931,6
3935,6
3952,6
3955,6
3957,6
3958,6
3959,6
3961,6
3974,6
3975,6
3980,6
4002,6
4018,6
4044,6
4054,6
4061,6
4106,6
4143,6
4149,6
4153,6
4171,6
4189,6
4193,6
4218,6
4221,6
4226,6
4230,6
4257,6
4272,6
4279,6
4287,6
4401,6
4458,6
4474,6
4485,6
4492,6
4494,6
4537,6
4552,6
4561,6
4563,6
4584,6
4585,6
4643,6
4701,6
4716,6
4723,6
4727,6
4735,6
4739,6
4768,6
4797,6
4818,6
4833,6
4847,6
4862,6
4876,6
4883,6
4886,6
4907,6
4917,6
4970,6
4986,6
4998,6
5008,6
5009,6
5024,6
5039,6
5071,6
5075,6
5130,6
5191,6
5203,6
5224,6
5240,6
5251,6
5252,6
5258,6
5269,6
5291,6
5303,6
5357,6
5359,6
5363,6
5379,6
5393,6
5395,6
5401,6
5412,6
5419,6
5443,6
5445,6
5451,6
5454,6
5473,6
5493,6
5523,6
5527,6
5547,6
5550,6
5563,6
5571,6
5594,6
5610,6
5622,6
5638,6
5677,6
5688,6
5697,6
5709,6
5716,6
5723,6
5724,6
5745,6
5795,6
5804,6
5831,6
5851,6
5863,6
5866,6
5878,6
5879,6
5905,6
5936,6
5966,6
5977,6
5988,6
5994,6
6032,6
6057,6
6090,6
6100,6
6104,6
6108,6
6109,6
6124,6
6162,6
6166,6
6168,6
6172,6
6184,6
6206,6
6226,6
6235,6
6241,6
6253,6
6273,6
6298,6
6305,6
6321,6
6328,6
6337,6
6352,6
6354,6
6374,6
6420,6
6441,6
6452,6
6462,6
6471,6
6515,6
6524,6
6530,6
6533,6
6540,6
6555,6
6612,6
6623,6
6642,6
6656,6
6660,6
6679,6
6700,6
6702,6
6711,6
6713,6
6730,6
6745,6
6764,6
6766,6
6784,6
6785,6
6806,6
6814,6
6818,6
6832,6
6846,6
6858,6
6866,6
6867,6
6882,6
6905,6
6914,6
6926,6
6959,6
6964,6
6990,6
6995,6
7006,6
7010,6
7043,6
7048,6
7060,6
7090,6
7093,6
7101,6
7153,6
7187,6
7193,6
7215,6
7226,6
7229,6
7240,6
7278,6
7291,6
7325,6
7341,6
7342,6
7343,6
7380,6
7405,6
7406,6
7418,6
7448,6
7457,6
7482,6
7521,6
7563,6
7569,6
7573,6
7576,6
7611,6
7617,6
7633,6
7689,6
7702,6
7713,6
7747,6
7750,6
7765,6
7792,6
7845,6
7851,6
7860,6
7861,6
7883,6
7884,6
7914,6
7973,6
7988,6
8008,6
8009,6
8024,6
8025,6
8060,6
8063,6
8066,6
8090,6
8093,6
8102,6
8136,6
8143,6
8215,6
8247,6
8254,6
8269,6
8270,6
8299,6
8319,6
8329,6
8348,6
8353,6
8355,6
8378,6
8402,6
8431,6
8448,6
8467,6
8490,6
8498,6
8536,6
8545,6
8597,6
8620,6
8622,6
8642,6
8647,6
8652,6
8661,6
8667,6
8674,6
8676,6
8705,6
8737,6
8738,6
8762,6
8773,6
8789,6
8793,6
8801,6
8802,6
8804,6
8824,6
8837,6
8842,6
8860,6
8864,6
8904,6
8917,6
8929,6
9011,6
9032,6
9034,6
9064,6
9088,6
9095,6
9107,6
9131,6
9203,6
9228,6
9232,6
9239,6
9242,6
9286,6
9305,6
9324,6
9328,6
9336,6
9401,6
9424,6
9428,6
9436,6
9447,6
9453,6
9456,6
9464,6
9471,6
9492,6
9500,6
9525,6
9530,6
9535,6
9541,6
9557,6
9559,6
9595,6
9627,6
9632,6
9636,6
9718,6
9744,6
9806,6
9811,6
9824,6
9828,6
9845,6
9887,6
9913,6
9923,6
9961,6
9983,6
9996,6
7,7
35,7
41,7
62,7
65,7
69,7
97,7
101,7
110,7
113,7
115,7
128,7
134,7
169,7
171,7
176,7
198,7
207,7
226,7
228,7
232,7
251,7
267,7
271,7
315,7
321,7
358,7
393,7
419,7
423,7
441,7
473,7
487,7
504,7
525,7
570,7
587,7
588,7
598,7
607,7
613,7
630,7
669,7
675,7
676,7
721,7
730,7
763,7
769,7
782,7
804,7
807,7
844,7
847,7
877,7
882,7
899,7
901,7
903,7
906,7
917,7
918,7
919,7
973,7
1055,7
1084,7
1085,7
1097,7
1105,7
1112,7
1125,7
1173,7
1231,7
1258,7
1293,7
1314,7
1331,7
1358,7
1370,7
1381,7
1390,7
1397,7
1422,7
1424,7
1465,7
1466,7
1470,7
1489,7
1492,7
1505,7
1514,7
1544,7
1576,7
1579,7
1590,7
1630,7
1638,7
1663,7
1673,7
1700,7
1711,7
1723,7
1743,7
1758,7
1759,7
1777,7
1781,7
1782,7
1800,7
1810,7
1848,7
1870,7
1873,7
1883,7
1885,7
1886,7
1910,7
1944,7
1965,7
1968,7
1975,7
1977,7
2034,7
2036,7
2037,7
2055,7
2067,7
2068,7
2096,7
2115,7
2127,7
2129,7
2131,7
2146,7
2151,7
2154,7
2163,7
2186,7
2214,7
2216,7
2241,7
2254,7
2279,7
2284,7
2307,7
2308,7
2325,7
2363,7
2369,7
2370,7
2375,7
2380,7
2396,7
2404,7
2421,7
2429,7
2455,7
2456,7
2457,7
2463,7
2464,7
2472,7
2481,7
2493,7
2500,7
2506,7
2523,7
2525,7
2526,7
2532,7
2549,7
2561,7
2570,7
2576,7
2579,7
2584,7
2598,7
2619,7
2630,7
2681,7
2682,7
2708,7
2722,7
2731,7
2742,7
2750,7
2756,7
2760,7
2766,7
2812,7
2824,7
2845,7
2848,7
2854,7
2857,7
2865,7
2880,7
2888,7
2889,7
2934,7
2995,7
3006,7
3020,7
3036,7
3040,7
3063,7
3117,7
3143,7
3150,7
3161,7
3163,7
3168,7
3170,7
3183,7
3217,7
3257,7
3261,7
3286,7
3293,7
3294,7
3339,7
3354,7
3364,7
3365,7
3372,7
3380,7
3392,7
3401,7
3419,7
3470,7
3488,7
3496,7
3518,7
3549,7
3555,7
3560,7
3562,7
3563,7
3579,7
3580,7
3586,7
3589,7
3605,7
3613,7
3644,7
3656,7
3707,7
3708,7
3729,7
3756,7
3785,7
3788,7
3797,7
3811,7
3818,7
3825,7
3830,7
3836,7
3838,7
3841,7
3861,7
3862,7
3865,7
3885,7
3901,7
3902,7
3939,7
3942,7
3949,7
3976,7
3986,7
3998,7
4004,7
4011,7
4013,7
4015,7
4036,7
4038,7
4053,7
4085,7
4111,7
4133,7
4137,7
4142,7
4195,7
4196,7
4209,7
4236,7
4268,7
4278,7
4316,7
4342,7
4366,7
4377,7
4382,7
4406,7
4415,7
4439,7
4478,7
4511,7
4512,7
4517,7
4519,7
4531,7
4543,7
4570,7
4580,7
4610,7
4616,7
4617,7
4624,7
4631,7
4636,7
4650,7
4667,7
4689,7
4692,7
4695,7
4719,7
4736,7
4753,7
4758,7
4775,7
4812,7
4815,7
4822,7
4830,7
4850,7
4853,7
4889,7
4906,7
4977,7
4988,7
5018,7
5025,7
5036,7
5072,7
5085,7
5101,7
5114,7
5118,7
5128,7
5189,7
5217,7
5225,7
5239,7
5257,7
5268,7
5277,7
5310,7
5351,7
5381,7
5383,7
5391,7
5400,7
5453,7
5487,7
5506,7
5515,7
5519,7
5542,7
5549,7
5585,7
5589,7
5605,7
5636,7
5668,7
5674,7
5676,7
5695,7
5713,7
5715,7
5720,7
5728,7
5738,7
5743,7
5789,7
5806,7
5830,7
5862,7
5870,7
5892,7
5893,7
5897,7
5907,7
5920,7
5931,7
5953,7
5956,7
5969,7
5985,7
6000,7
6013,7
6014,7
6015,7
6036,7
6046,7
6049,7
6050,7
6069,7
6076,7
6112,7
6118,7
6127,7
6157,7
6189,7
6205,7
6214,7
6259,7
6269,7
6307,7
6336,7
6339,7
6344,7
6371,7
6377,7
6382,7
6402,7
6405,7
6408,7
6456,7
6457,7
6469,7
6506,7
6521,7
6558,7
6565,7
6602,7
6604,7
6649,7
6651,7
6663,7
6666,7
6678,7
6683,7
6714,7
6723,7
6742,7
6777,7
6789,7
6800,7
6809,7
6864,7
6873,7
6895,7
6903,7
6916,7
6919,7
6930,7
6949,7
6985,7
6987,7
6988,7
7015,7
7026,7
7039,7
7058,7
7063,7
7078,7
7086,7
7109,7
7150,7
7154,7
7164,7
7225,7
7248,7
7284,7
7304,7
7323,7
7327,7
7329,7
7400,7
7424,7
7436,7
7449,7
7471,7
7495,7
7507,7
7509,7
7517,7
7540,7
7549,7
7550,7
7558,7
7577,7
7593,7
7597,7
7614,7
7619,7
7629,7
7634,7
7636,7
7650,7
7694,7
7700,7
7719,7
7726,7
7783,7
7835,7
7839,7
7877,7
7889,7
7927,7
7933,7
7942,7
7951,7
7965,7
7996,7
8006,7
8016,7
8045,7
8138,7
8154,7
8163,7
8173,7
8212,7
8214,7
8242,7
8259,7
8277,7
8303,7
8311,7
8314,7
8359,7
8369,7
8374,7
8418,7
8423,7
8428,7
8433,7
8435,7
8482,7
8508,7
8510,7
8512,7
8531,7
8553,7
8560,7
8564,7
8567,7
8575,7
8581,7
8582,7
8613,7
8624,7
8634,7
8694,7
8704,7
8761,7
8770,7
8823,7
8827,7
8854,7
8855,7
8880,7
8902,7
8914,7
8925,7
8931,7
8994,7
9000,7
9003,7
9031,7
9058,7
9069,7
9086,7
9092,7
9093,7
9111,7
9135,7
9146,7
9159,7
9234,7
9245,7
9271,7
9302,7
9316,7
9390,7
9438,7
9446,7
9450,7
9470,7
9477,7
9490,7
9504,7
9512,7
9524,7
9581,7
9591,7
9629,7
9638,7
9639,7
9645,7
9681,7
9716,7
9717,7
9723,7
9730,7
9748,7
9765,7
9769,7
9773,7
9792,7
9803,7
9817,7
9827,7
9829,7
9833,7
9838,7
9847,7
9856,7
9866,7
9884,7
9916,7
9929,7
9939,7
9971,7
9972,7
9984,7
10,8
11,8
17,8
29,8
55,8
77,8
158,8
188,8
208,8
255,8
313,8
329,8
351,8
417,8
424,8
430,8
446,8
450,8
484,8
485,8
490,8
507,8
511,8
520,8
556,8
568,8
572,8
591,8
612,8
614,8
615,8
645,8
653,8
663,8
673,8
686,8
707,8
711,8
726,8
732,8
741,8
765,8
797,8
814,8
818,8
835,8
843,8
872,8
874,8
878,8
890,8
924,8
926,8
945,8
952,8
1067,8
1109,8
1114,8
1127,8
1156,8
1158,8
1167,8
1172,8
1218,8
1255,8
1265,8
1269,8
1284,8
1321,8
1335,8
1336,8
1339,8
1350,8
1362,8
1392,8
1396,8
1403,8
1414,8
1444,8
1460,8
1481,8
1533,8
1534,8
1537,8
1543,8
1565,8
1727,8
1747,8
1767,8
1773,8
1775,8
1787,8
1797,8
1842,8
1877,8
1914,8
1941,8
1955,8
1957,8
1994,8
2008,8
2028,8
2030,8
2039,8
2043,8
2066,8
2071,8
2074,8
2084,8
2090,8
2121,8
2173,8
2200,8
2227,8
2250,8
2285,8
2322,8
2330,8
2374,8
2384,8
2386,8
2399,8
2427,8
2440,8
2505,8
2512,8
2520,8
2527,8
2535,8
2591,8
2597,8
2602,8
2625,8
2628,8
2683,8
2688,8
2705,8
2711,8
2728,8
2732,8
2799,8
2807,8
2864,8
2942,8
2967,8
2968,8
2975,8
2985,8
3007,8
3009,8
3082,8
3099,8
3108,8
3137,8
3146,8
3148,8
3166,8
3195,8
3231,8
3258,8
3262,8
3263,8
3266,8
3306,8
3310,8
3366,8
3461,8
3469,8
3477,8
3492,8
3512,8
3534,8
3543,8
3569,8
3574,8
3596,8
3597,8
3621,8
3651,8
3659,8
3660,8
3664,8
3671,8
3673,8
3744,8
3767,8
3779,8
3794,8
3816,8
3871,8
3892,8
3916,8
3937,8
3944,8
4032,8
4037,8
4047,8
4093,8
4099,8
4116,8
4127,8
4136,8
4141,8
4144,8
4154,8
4160,8
4190,8
4215,8
4216,8
4249,8
4259,8
4260,8
4264,8
4290,8
4292,8
4323,8
4345,8
4378,8
4414,8
4428,8
4434,8
4452,8
4453,8
4486,8
4521,8
4536,8
4557,8
4579,8
4588,8
4590,8
4611,8
4645,8
4653,8
4663,8
4664,8
4675,8
4678,8
4683,8
4686,8
4706,8
4707,8
4772,8
4795,8
4807,8
4829,8
4849,8
4865,8
4868,8
4928,8
4944,8
4955,8
4962,8
4990,8
4996,8
4999,8
5012,8
5028,8
5037,8
5070,8
5153,8
5168,8
5171,8
5185,8
5200,8
5202,8
5204,8
5209,8
5212,8
5219,8
5226,8
5242,8
5276,8
5313,8
5323,8
5326,8
5332,8
5347,8
5348,8
5349,8
5360,8
5389,8
5398,8
5399,8
5436,8
5442,8
5458,8
5460,8
5490,8
5558,8
5561,8
5564,8
5578,8
5627,8
5629,8
5632,8
5651,8
5653,8
5657,8
5704,8
5733,8
5753,8
5762,8
5771,8
5808,8
5811,8
5813,8
5822,8
5840,8
5872,8
5882,8
5888,8
5923,8
5952,8
5971,8
5978,8
5979,8
5980,8
5998,8
6012,8
6020,8
6030,8
6035,8
6061,8
6063,8
6066,8
6079,8
6091,8
6125,8
6135,8
6138,8
6139,8
6183,8
6190,8
6237,8
6289,8
6294,8
6316,8
6322,8
6327,8
6361,8
6363,8
6472,8
6478,8
6508,8
6532,8
6535,8
6553,8
6561,8
6571,8
6592,8
6606,8
6687,8
6688,8
6701,8
6755,8
6799,8
6805,8
6811,8
6815,8
6847,8
6870,8
6924,8
6980,8
6989,8
7001,8
7002,8
7072,8
7081,8
7124,8
7183,8
7197,8
7203,8
7209,8
7211,8
7251,8
7266,8
7293,8
7302,8
7308,8
7309,8
7320,8
7336,8
7344,8
7359,8
7396,8
7421,8
7475,8
7476,8
7478,8
7503,8
7538,8
7583,8
7607,8
7620,8
7642,8
7648,8
7668,8
7696,8
7714,8
7756,8
7767,8
7768,8
7773,8
7784,8
7807,8
7808,8
7847,8
7870,8
7881,8
7908,8
7917,8
7921,8
7949,8
7964,8
7972,8
7982,8
7992,8
7994,8
7997,8
8029,8
8044,8
8087,8
8116,8
8118,8
8160,8
8168,8
8188,8
8191,8
8196,8
8219,8
8232,8
8234,8
8262,8
8267,8
8271,8
8281,8
8318,8
8327,8
8335,8
8357,8
8362,8
8382,8
8400,8
8440,8
8453,8
8477,8
8488,8
8491,8
8499,8
8513,8
8524,8
8548,8
8601,8
8696,8
8713,8
8717,8
8723,8
8744,8
8746,8
8791,8
8840,8
8888,8
8916,8
8935,8
8953,8
8986,8
9022,8
9040,8
9079,8
9106,8
9123,8
9125,8
9139,8
9147,8
9198,8
9199,8
9237,8
9244,8
9251,8
9257,8
9260,8
9262,8
9264,8
9267,8
9291,8
9312,8
9378,8
9394,8
9402,8
9422,8
9452,8
9485,8
9488,8
9491,8
9515,8
9538,8
9586,8
9616,8
9664,8
9669,8
9677,8
9690,8
9693,8
9766,8
9771,8
9772,8
9799,8
9804,8
9812,8
9814,8
9822,8
9832,8
9841,8
9864,8
9875,8
9925,8
9963,8
9964,8
9970,8
9975,8
9989,8
9992,8
1,9
13,9
47,9
50,9
78,9
107,9
109,9
114,9
139,9
148,9
153,9
166,9
175,9
197,9
203,9
250,9
265,9
299,9
341,9
380,9
391,9
406,9
428,9
437,9
440,9
454,9
461,9
476,9
477,9
492,9
545,9
548,9
553,9
567,9
626,9
652,9
693,9
705,9
706,9
709,9
725,9
729,9
733,9
787,9
791,9
817,9
831,9
849,9
858,9
864,9
898,9
907,9
938,9
959,9
962,9
1006,9
1013,9
1033,9
1049,9
1077,9
1132,9
1135,9
1153,9
1198,9
1199,9
1200,9
1232,9
1235,9
1250,9
1289,9
1297,9
1305,9
1337,9
1345,9
1357,9
1372,9
1384,9
1427,9
1437,9
1439,9
1443,9
1449,9
1469,9
1525,9
1528,9
1562,9
1566,9
1574,9
1625,9
1639,9
1644,9
1686,9
1695,9
1713,9
1717,9
1728,9
1750,9
1764,9
1802,9
1813,9
1826,9
1828,9
1850,9
1950,9
1958,9
1976,9
1978,9
1997,9
2012,9
2018,9
2051,9
2054,9
2072,9
2114,9
2116,9
2132,9
2136,9
2145,9
2156,9
2204,9
2255,9
2262,9
2263,9
2264,9
2265,9
2266,9
2275,9
2278,9
2311,9
2331,9
2360,9
2383,9
2398,9
2400,9
2407,9
2422,9
2444,9
2460,9
2539,9
2542,9
2565,9
2583,9
2631,9
2633,9
2655,9
2657,9
2698,9
2713,9
2716,9
2720,9
2744,9
2765,9
2783,9
2789,9
2801,9
2816,9
2882,9
2935,9
2945,9
2976,9
3001,9
3034,9
3059,9
3084,9
3092,9
3116,9
3135,9
3151,9
3152,9
3167,9
3201,9
3215,9
3229,9
3242,9
3259,9
3301,9
3308,9
3343,9
3353,9
3368,9
3370,9
3389,9
3396,9
3400,9
3430,9
3432,9
3476,9
3483,9
3490,9
3522,9
3523,9
3524,9
3548,9
3566,9
3603,9
3610,9
3616,9
3625,9
3636,9
3637,9
3649,9
3679,9
3682,9
3693,9
3700,9
3719,9
3730,9
3755,9
3771,9
3812,9
3849,9
3850,9
3857,9
3859,9
3876,9
3910,9
3913,9
3930,9
3956,9
3990,9
4055,9
4087,9
4102,9
4107,9
4182,9
4183,9
4205,9
4220,9
4247,9
4297,9
4303,9
4304,9
4329,9
4357,9
4373,9
4387,9
4410,9
4416,9
4418,9
4427,9
4463,9
4464,9
4467,9
4468,9
4470,9
4483,9
4500,9
4501,9
4524,9
4526,9
4534,9
4540,9
4568,9
4577,9
4591,9
4606,9
4607,9
4654,9
4659,9
4709,9
4717,9
4745,9
4780,9
4804,9
4824,9
4843,9
4863,9
4877,9
4885,9
4888,9
4895,9
4902,9
4915,9
4922,9
4929,9
4931,9
4935,9
4960,9
4991,9
5007,9
5090,9
5091,9
5102,9
5107,9
5144,9
5169,9
5173,9
5181,9
5187,9
5190,9
5192,9
5223,9
5229,9
5235,9
5250,9
5262,9
5290,9
5292,9
5305,9
5316,9
5325,9
5327,9
5335,9
5338,9
5346,9
5408,9
5416,9
5425,9
5437,9
5483,9
5510,9
5556,9
5562,9
5579,9
5586,9
5588,9
5611,9
5620,9
5630,9
5669,9
5673,9
5691,9
5705,9
5707,9
5746,9
5749,9
5765,9
5770,9
5793,9
5834,9
5838,9
5849,9
5873,9
5894,9
5928,9
5939,9
5957,9
5986,9
6023,9
6111,9
6120,9
6129,9
6156,9
6158,9
6167,9
6201,9
6227,9
6247,9
6313,9
6315,9
6318,9
6333,9
6409,9
6477,9
6499,9
6500,9
6502,9
6557,9
6616,9
6625,9
6647,9
6655,9
6658,9
6674,9
6736,9
6739,9
6741,9
6760,9
6776,9
6786,9
6817,9
6819,9
6822,9
6859,9
6888,9
6891,9
6899,9
6932,9
6946,9
6950,9
7029,9
7044,9
7097,9
7099,9
7106,9
7125,9
7126,9
7140,9
7143,9
7157,9
7176,9
7190,9
7220,9
7232,9
7236,9
7298,9
7374,9
7401,9
7432,9
7438,9
7450,9
7477,9
7498,9
7512,9
7554,9
7565,9
7588,9
7644,9
7653,9
7657,9
7693,9
7706,9
7723,9
7735,9
7751,9
7774,9
7778,9
7834,9
7836,9
7849,9
7872,9
7878,9
7886,9
7909,9
7936,9
7940,9
7947,9
7956,9
7985,9
8012,9
8013,9
8034,9
8049,9
8067,9
8078,9
8175,9
8178,9
8187,9
8203,9
8207,9
8208,9
8226,9
8291,9
8312,9
8334,9
8341,9
8350,9
8351,9
8363,9
8366,9
8372,9
8383,9
8386,9
8394,9
8401,9
8416,9
8436,9
8472,9
8478,9
8497,9
8517,9
8525,9
8550,9
8565,9
8574,9
8605,9
8611,9
8627,9
8635,9
8644,9
8650,9
8660,9
8665,9
8692,9
8709,9
8711,9
8740,9
8758,9
8767,9
8772,9
8780,9
8783,9
8786,9
8788,9
8811,9
8819,9
8848,9
8849,9
8850,9
8856,9
8859,9
8866,9
8874,9
8922,9
8928,9
8947,9
8951,9
8952,9
8957,9
8985,9
9005,9
9021,9
9039,9
9070,9
9076,9
9100,9
9105,9
9117,9
9137,9
9142,9
9175,9
9189,9
9256,9
9259,9
9263,9
9330,9
9337,9
9342,9
9353,9
9374,9
9393,9
9427,9
9437,9
9439,9
9451,9
9466,9
9482,9
9495,9
9514,9
9532,9
9543,9
9576,9
9599,9
9613,9
9651,9
9652,9
9657,9
9670,9
9679,9
9740,9
9770,9
9810,9
9826,9
9831,9
9843,9
9860,9
9881,9
9886,9
9911,9
9933,9
9938,9
9947,9
9948,9
27,10
36,10
40,10
42,10
51,10
89,10
93,10
94,10
133,10
145,10
157,10
162,10
165,10
178,10
181,10
209,10
220,10
234,10
237,10
261,10
273,10
297,10
305,10
323,10
335,10
348,10
370,10
388,10
396,10
405,10
418,10
429,10
447,10
459,10
497,10
518,10
521,10
522,10
544,10
604,10
616,10
640,10
643,10
659,10
660,10
672,10
689,10
690,10
691,10
692,10
713,10
748,10
766,10
775,10
908,10
936,10
950,10
976,10
998,10
1024,10
1025,10
1030,10
1041,10
1080,10
1081,10
1101,10
1110,10
1128,10
1130,10
1160,10
1174,10
1177,10
1186,10
1193,10
1237,10
1240,10
1242,10
1270,10
1275,10
1286,10
1296,10
1333,10
1359,10
1360,10
1361,10
1363,10
1364,10
1387,10
1389,10
1405,10
1455,10
1477,10
1483,10
1497,10
1506,10
1512,10
1541,10
1567,10
1598,10
1613,10
1623,10
1672,10
1699,10
1706,10
1776,10
1789,10
1803,10
1804,10
1805,10
1849,10
1863,10
1872,10
1892,10
1898,10
1907,10
1928,10
1937,10
1945,10
1948,10
1971,10
2016,10
2032,10
2047,10
2085,10
2150,10
2167,10
2177,10
2197,10
2201,10
2228,10
2232,10
2239,10
2292,10
2296,10
2326,10
2364,10
2366,10
2385,10
2406,10
2415,10
2426,10
2450,10
2475,10
2499,10
2577,10
2615,10
2651,10
2666,10
2675,10
2676,10
2694,10
2696,10
2729,10
2754,10
2755,10
2768,10
2774,10
2788,10
2827,10
2835,10
2842,10
2847,10
2861,10
2870,10
2871,10
2878,10
2885,10
2892,10
2894,10
2912,10
2914,10
2919,10
2923,10
2933,10
2946,10
2969,10
2986,10
3016,10
3024,10
3041,10
3097,10
3112,10
3119,10
3157,10
3162,10
3185,10
3214,10
3219,10
3228,10
3246,10
3313,10
3319,10
3326,10
3373,10
3374,10
3382,10
3384,10
3404,10
3423,10
3501,10
3510,10
3515,10
3528,10
3531,10
3547,10
3564,10
3591,10
3600,10
3601,10
3609,10
3612,10
3618,10
3628,10
3629,10
3632,10
3640,10
3641,10
3675,10
3678,10
3688,10
3694,10
3712,10
3721,10
3724,10
3749,10
3752,10
3776,10
3778,10
3793,10
3828,10
3853,10
3870,10
3882,10
3888,10
3904,10
3947,10
3966,10
3988,10
4031,10
4041,10
4052,10
4079,10
4083,10
4092,10
4108,10
4119,10
4126,10
4168,10
4176,10
4178,10
4179,10
4199,10
4219,10
4227,10
4251,10
4263,10
4301,10
4324,10
4336,10
4374,10
4388,10
4403,10
4484,10
4532,10
4601,10
4603,10
4608,10
4668,10
4669,10
4681,10
4711,10
4737,10
4760,10
4764,10
4776,10
4791,10
4852,10
4891,10
4893,10
4896,10
4898,10
4899,10
4920,10
4927,10
4938,10
4939,10
4946,10
4948,10
4956,10
4967,10
4969,10
5001,10
5003,10
5042,10
5066,10
5068,10
5079,10
5081,10
5125,10
5126,10
5135,10
5136,10
5167,10
5179,10
5188,10
5213,10
5220,10
5227,10
5246,10
5247,10
5271,10
5274,10
5318,10
5334,10
5342,10
5353,10
5365,10
5376,10
5402,10
5403,10
5409,10
5462,10
5477,10
5504,10
5538,10
5570,10
5575,10
5587,10
5590,10
5599,10
5624,10
5631,10
5643,10
5656,10
5714,10
5734,10
5735,10
5756,10
5766,10
5824,10
5843,10
5845,10
5869,10
5880,10
5881,10
5890,10
5891,10
5932,10
5935,10
5941,10
5949,10
5974,10
6019,10
6021,10
6041,10
6047,10
6082,10
6121,10
6130,10
6136,10
6151,10
6176,10
6186,10
6196,10
6211,10
6255,10
6256,10
6267,10
6348,10
6394,10
6421,10
6436,10
6449,10
6459,10
6470,10
6473,10
6479,10
6480,10
6492,10
6510,10
6551,10
6569,10
6573,10
6607,10
6670,10
6676,10
6694,10
6705,10
6774,10
6792,10
6795,10
6826,10
6842,10
6869,10
6872,10
6877,10
6880,10
6902,10
6904,10
6956,10
6970,10
6971,10
6972,10
6974,10
7005,10
7007,10
7012,10
7040,10
7042,10
7050,10
7100,10
7107,10
7146,10
7163,10
7170,10
7185,10
7189,10
7201,10
7230,10
7253,10
7263,10
7281,10
7296,10
7330,10
7334,10
7346,10
7349,10
7354,10
7363,10
7391,10
7408,10
7419,10
7428,10
7459,10
7467,10
7481,10
7484,10
7497,10
7516,10
7523,10
7603,10
7654,10
7669,10
7685,10
7688,10
7721,10
7744,10
7753,10
7755,10
7757,10
7789,10
7802,10
7811,10
7840,10
7912,10
7946,10
7953,10
7960,10
7970,10
7984,10
7989,10
7998,10
8023,10
8110,10
8115,10
8171,10
8181,10
8189,10
8194,10
8209,10
8216,10
8241,10
8263,10
8268,10
8275,10
8288,10
8298,10
8301,10
8321,10
8358,10
8375,10
8389,10
8398,10
8432,10
8434,10
8443,10
8445,10
8455,10
8487,10
8509,10
8511,10
8540,10
8568,10
8637,10
8643,10
8678,10
8680,10
8719,10
8724,10
8729,10
8732,10
8735,10
8748,10
8754,10
8787,10
8844,10
8852,10
8863,10
8879,10
8907,10
8940,10
8945,10
8961,10
8976,10
8981,10
8982,10
8992,10
9019,10
9020,10
9066,10
9091,10
9103,10
9119,10
9121,10
9160,10
9176,10
9186,10
9205,10
9222,10
9229,10
9252,10
9254,10
9258,10
9261,10
9272,10
9282,10
9284,10
9289,10
9306,10
9307,10
9332,10
9334,10
9344,10
9360,10
9362,10
9375,10
9383,10
9384,10
9388,10
9389,10
9411,10
9416,10
9434,10
9442,10
9468,10
9469,10
9483,10
9506,10
9521,10
9545,10
9549,10
9598,10
9618,10
9635,10
9643,10
9646,10
9676,10
9678,10
9701,10
9786,10
9791,10
9801,10
9807,10
9816,10
9819,10
9820,10
9821,10
9857,10
9869,10
9891,10
9899,10
9900,10
9901,10
9907,10
9949,10
9955,10
9986,10
9999,10
0,11
3,11
4,11
15,11
20,11
30,11
43,11
46,11
120,11
150,11
151,11
155,11
168,11
195,11
213,11
247,11
256,11
289,11
296,11
301,11
311,11
331,11
353,11
355,11
402,11
414,11
463,11
550,11
554,11
557,11
559,11
571,11
583,11
586,11
592,11
594,11
634,11
639,11
651,11
679,11
710,11
728,11
753,11
774,11
795,11
828,11
833,11
863,11
886,11
887,11
891,11
905,11
932,11
933,11
944,11
946,11
955,11
966,11
978,11
1000,11
1009,11
1037,11
1075,11
1091,11
1096,11
1103,11
1107,11
1119,11
1148,11
1154,11
1166,11
1180,11
1185,11
1230,11
1238,11
1245,11
1248,11
1252,11
1259,11
1272,11
1298,11
1300,11
1326,11
1329,11
1386,11
1395,11
1407,11
1411,11
1419,11
1487,11
1496,11
1499,11
1527,11
1572,11
1592,11
1620,11
1643,11
1645,11
1682,11
1689,11
1702,11
1708,11
1716,11
1724,11
1735,11
1738,11
1746,11
1774,11
1793,11
1795,11
1796,11
1811,11
1832,11
1851,11
1876,11
1894,11
1900,11
1908,11
1912,11
1915,11
1916,11
1917,11
1924,11
1929,11
1967,11
1973,11
1995,11
1996,11
1998,11
2011,11
2024,11
2029,11
2035,11
2082,11
2123,11
2125,11
2159,11
2162,11
2164,11
2168,11
2169,11
2212,11
2219,11
2240,11
2259,11
2293,11
2303,11
2338,11
2347,11
2352,11
2355,11
2362,11
2389,11
2430,11
2433,11
2445,11
2452,11
2477,11
2480,11
2496,11
2518,11
2528,11
2543,11
2552,11
2564,11
2581,11
2588,11
2590,11
2661,11
2671,11
2684,11
2775,11
2779,11
2781,11
2795,11
2797,11
2800,11
2814,11
2862,11
2884,11
2904,11
2907,11
2908,11
2913,11
2921,11
2924,11
2928,11
2959,11
2970,11
2973,11
2978,11
2992,11
3027,11
3029,11
3031,11
3045,11
3053,11
3055,11
3064,11
3066,11
3113,11
3118,11
3121,11
3186,11
3191,11
3197,11
3209,11
3226,11
3234,11
3240,11
3251,11
3272,11
3275,11
3295,11
3312,11
3331,11
3337,11
3345,11
3347,11
3383,11
3387,11
3403,11
3433,11
3435,11
3458,11
3467,11
3473,11
3486,11
3536,11
3539,11
3561,11
3599,11
3608,11
3619,11
3626,11
3666,11
3692,11
3696,11
3733,11
3735,11
3748,11
3764,11
3775,11
3809,11
3819,11
3821,11
3891,11
3895,11
3925,11
3936,11
3963,11
3972,11
3979,11
4010,11
4017,11
4026,11
4028,11
4060,11
4064,11
4100,11
4158,11
4180,11
4198,11
4214,11
4224,11
4234,11
4244,11
4248,11
4252,11
4269,11
4275,11
4283,11
4288,11
4315,11
4321,11
4340,11
4346,11
4363,11
4367,11
4372,11
4386,11
4397,11
4426,11
4438,11
4455,11
4456,11
4466,11
4487,11
4498,11
4522,11
4530,11
4545,11
4554,11
4556,11
4587,11
4593,11
4648,11
4690,11
4696,11
4698,11
4718,11
4743,11
4750,11
4757,11
4763,11
4766,11
4771,11
4782,11
4820,11
4832,11
4858,11
4894,11
4904,11
4908,11
4910,11
4937,11
4982,11
5021,11
5041,11
5054,11
5060,11
5069,11
5082,11
5088,11
5098,11
5105,11
5116,11
5124,11
5127,11
5147,11
5150,11
5160,11
5164,11
5176,11
5182,11
5193,11
5201,11
5206,11
5221,11
5233,11
5237,11
5245,11
5249,11
5267,11
5284,11
5286,11
5330,11
5333,11
5370,11
5371,11
5385,11
5396,11
5433,11
5434,11
5464,11
5468,11
5492,11
5494,11
5517,11
5521,11
5524,11
5526,11
5528,11
5540,11
5543,11
5546,11
5555,11
5573,11
5603,11
5641,11
5642,11
5646,11
5725,11
5729,11
5740,11
5751,11
5752,11
5775,11
5779,11
5783,11
5826,11
5846,11
5900,11
5915,11
5929,11
5968,11
6001,11
6008,11
6011,11
6045,11
6064,11
6114,11
6141,11
6192,11
6202,11
6221,11
6250,11
6254,11
6296,11
6297,11
6303,11
6311,11
6330,11
6338,11
6356,11
6364,11
6366,11
6383,11
6401,11
6419,11
6422,11
6434,11
6438,11
6448,11
6564,11
6580,11
6589,11
6603,11
6637,11
6638,11
6643,11
6672,11
6682,11
6703,11
6720,11
6750,11
6757,11
6765,11
6770,11
6801,11
6821,11
6851,11
6852,11
6884,11
6887,11
6901,11
6911,11
6917,11
6927,11
6941,11
6975,11
6996,11
6998,11
7021,11
7031,11
7053,11
7055,11
7056,11
7085,11
7102,11
7118,11
7120,11
7141,11
7148,11
7156,11
7158,11
7159,11
7180,11
7184,11
7191,11
7200,11
7204,11
7208,11
7231,11
7233,11
7239,11
7259,11
7260,11
7268,11
7313,11
7358,11
7373,11
7393,11
7430,11
7431,11
7443,11
7452,11
7453,11
7458,11
7469,11
7474,11
7500,11
7508,11
7525,11
7548,11
7585,11
7626,11
7632,11
7638,11
7639,11
7662,11
7664,11
7676,11
7793,11
7799,11
7850,11
7875,11
7897,11
7905,11
7926,11
7934,11
7938,11
7945,11
7958,11
7966,11
7971,11
7979,11
7990,11
7993,11
8002,11
8011,11
8033,11
8046,11
8064,11
8095,11
8101,11
8111,11
8128,11
8130,11
8133,11
8142,11
8156,11
8159,11
8162,11
8167,11
8185,11
8211,11
8220,11
8233,11
8260,11
8282,11
8323,11
8338,11
8344,11
8345,11
8410,11
8421,11
8459,11
8465,11
8471,11
8474,11
8503,11
8506,11
8529,11
8535,11
8538,11
8544,11
8549,11
8596,11
8633,11
8663,11
8695,11
8697,11
8750,11
8800,11
8803,11
8815,11
8829,11
8831,11
8839,11
8843,11
8857,11
8887,11
8895,11
8921,11
8924,11
8944,11
8968,11
8983,11
8989,11
8997,11
9002,11
9009,11
9012,11
9015,11
9056,11
9067,11
9072,11
9122,11
9152,11
9172,11
9181,11
9185,11
9207,11
9212,11
9213,11
9265,11
9287,11
9298,11
9304,11
9369,11
9377,11
9414,11
9425,11
9440,11
9455,11
9478,11
9526,11
9533,11
9534,11
9550,11
9561,11
9564,11
9568,11
9594,11
9614,11
9625,11
9628,11
9648,11
9649,11
9653,11
9663,11
9675,11
9685,11
9711,11
9714,11
9781,11
9783,11
9839,11
9851,11
9877,11
9883,11
9897,11
9905,11
9931,11
9998,11
21,12
28,12
59,12
60,12
66,12
96,12
99,12
104,12
116,12
119,12
125,12
130,12
140,12
149,12
159,12
179,12
184,12
241,12
308,12
314,12
336,12
337,12
343,12
347,12
350,12
386,12
389,12
395,12
403,12
404,12
435,12
442,12
443,12
451,12
478,12
495,12
500,12
538,12
560,12
574,12
624,12
649,12
742,12
745,12
754,12
764,12
772,12
785,12
788,12
808,12
812,12
836,12
852,12
868,12
925,12
939,12
942,12
948,12
967,12
974,12
988,12
1022,12
1104,12
1118,12
1146,12
1152,12
1169,12
1179,12
1194,12
1209,12
1217,12
1223,12
1228,12
1247,12
1266,12
1268,12
1279,12
1285,12
1290,12
1310,12
1311,12
1322,12
1346,12
1354,12
1373,12
1378,12
1379,12
1382,12
1409,12
1423,12
1464,12
1500,12
1519,12
1540,12
1545,12
1552,12
1555,12
1563,12
1583,12
1611,12
1627,12
1631,12
1649,12
1656,12
1660,12
1739,12
1754,12
1757,12
1772,12
1784,12
1816,12
1838,12
1839,12
1868,12
1879,12
1889,12
1909,12
1921,12
1927,12
1940,12
1942,12
1946,12
1954,12
1959,12
1964,12
1982,12
1983,12
2001,12
2003,12
2015,12
2026,12
2057,12
2081,12
2106,12
2119,12
2120,12
2139,12
2153,12
2157,12
2160,12
2183,12
2185,12
2237,12
2273,12
2334,12
2372,12
2381,12
2392,12
2401,12
2447,12
2454,12
2458,12
2482,12
2489,12
2519,12
2522,12
2530,12
2536,12
2545,12
2562,12
2574,12
2614,12
2644,12
2646,12
2650,12
2717,12
2738,12
2752,12
2817,12
2833,12
2839,12
2851,12
2859,12
2863,12
2911,12
2927,12
2948,12
2957,12
2966,12
2979,12
3030,12
3039,12
3043,12
3048,12
3051,12
3093,12
3094,12
3104,12
3134,12
3153,12
3189,12
3198,12
3206,12
3227,12
3248,12
3252,12
3277,12
3287,12
3323,12
3341,12
3362,12
3377,12
3386,12
3420,12
3451,12
3452,12
3462,12
3468,12
3472,12
3502,12
3519,12
3521,12
3527,12
3571,12
3577,12
3627,12
3635,12
3642,12
3661,12
3662,12
3695,12
3732,12
3774,12
3786,12
3852,12
3867,12
3869,12
3875,12
3929,12
3932,12
3943,12
3953,12
3964,12
3983,12
3999,12
4057,12
4073,12
4122,12
4145,12
4151,12
4164,12
4169,12
4185,12
4213,12
4229,12
4242,12
4250,12
4258,12
4289,12
4302,12
4317,12
4332,12
4351,12
4393,12
4422,12
4433,12
4471,12
4481,12
4505,12
4541,12
4547,12
4564,12
4589,12
4600,12
4613,12
4665,12
4702,12
4728,12
4762,12
4765,12
4781,12
4846,12
4861,12
4864,12
4943,12
4964,12
4979,12
4992,12
5016,12
5083,12
5109,12
5140,12
5142,12
5156,12
5236,12
5266,12
5288,12
5296,12
5298,12
5329,12
5331,12
5414,12
5440,12
5446,12
5456,12
5474,12
5530,12
5560,12
5606,12
5608,12
5615,12
5616,12
5634,12
5635,12
5672,12
5683,12
5698,12
5754,12
5759,12
5777,12
5787,12
5818,12
5886,12
5926,12
5946,12
5955,12
5961,12
5962,12
5976,12
5995,12
6002,12
6022,12
6026,12
6054,12
6055,12
6209,12
6232,12
6233,12
6260,12
6280,12
6299,12
6325,12
6331,12
6335,12
6342,12
6351,12
6378,12
6386,12
6447,12
6450,12
6460,12
6484,12
6522,12
6550,12
6563,12
6576,12
6605,12
6613,12
6622,12
6629,12
6653,12
6654,12
6662,12
6689,12
6698,12
6726,12
6733,12
6794,12
6797,12
6812,12
6848,12
6861,12
6874,12
6898,12
6909,12
6929,12
6943,12
6953,12
6973,12
6977,12
6983,12
6984,12
6993,12
6997,12
7061,12
7089,12
7112,12
7114,12
7137,12
7181,12
7192,12
7216,12
7256,12
7257,12
7283,12
7285,12
7290,12
7333,12
7337,12
7350,12
7361,12
7370,12
7372,12
7375,12
7382,12
7389,12
7395,12
7402,12
7409,12
7415,12
7451,12
7454,12
7472,12
7487,12
7493,12
7499,12
7504,12
7511,12
7513,12
7533,12
7539,12
7546,12
7560,12
7568,12
7570,12
7594,12
7608,12
7612,12
7647,12
7683,12
7686,12
7701,12
7715,12
7730,12
7736,12
7764,12
7777,12
7812,12
7819,12
7842,12
7866,12
7887,12
7941,12
7986,12
8000,12
8005,12
8059,12
8068,12
8072,12
8075,12
8080,12
8121,12
8169,12
8186,12
8206,12
8249,12
8283,12
8285,12
8287,12
8289,12
8315,12
8371,12
8384,12
8404,12
8473,12
8485,12
8530,12
8562,12
8585,12
8591,12
8623,12
8638,12
8654,12
8684,12
8690,12
8716,12
8726,12
8749,12
8753,12
8764,12
8807,12
8816,12
8825,12
8851,12
8861,12
8870,12
8873,12
8941,12
8946,12
8955,12
8966,12
8975,12
9006,12
9036,12
9042,12
9046,12
9047,12
9055,12
9101,12
9133,12
9140,12
9163,12
9177,12
9190,12
9201,12
9206,12
9216,12
9219,12
9221,12
9226,12
9241,12
9266,12
9274,12
9281,12
9295,12
9301,12
9315,12
9318,12
9325,12
9339,12
9345,12
9349,12
9400,12
9408,12
9474,12
9499,12
9518,12
9531,12
9548,12
9554,12
9570,12
9580,12
9673,12
9725,12
9726,12
9738,12
9749,12
9767,12
9775,12
9846,12
9848,12
9850,12
9853,12
9876,12
9932,12
9946,12
9957,12
9966,12
5,13
8,13
12,13
16,13
19,13
24,13
26,13
33,13
39,13
44,13
45,13
56,13
57,13
63,13
72,13
83,13
87,13
112,13
118,13
123,13
126,13
127,13
129,13
144,13
147,13
152,13
170,13
189,13
196,13
202,13
217,13
225,13
236,13
248,13
253,13
257,13
259,13
260,13
266,13
276,13
279,13
280,13
282,13
285,13
307,13
309,13
316,13
319,13
320,13
322,13
326,13
339,13
344,13
345,13
356,13
357,13
360,13
368,13
373,13
374,13
376,13
382,13
397,13
399,13
400,13
409,13
421,13
427,13
433,13
462,13
467,13
474,13
493,13
498,13
499,13
505,13
506,13
516,13
530,13
531,13
533,13
541,13
543,13
566,13
573,13
581,13
584,13
596,13
600,13
603,13
605,13
608,13
610,13
619,13
621,13
622,13
631,13
632,13
636,13
641,13
655,13
665,13
667,13
668,13
671,13
674,13
677,13
683,13
688,13
694,13
699,13
702,13
704,13
708,13
719,13
723,13
727,13
743,13
744,13
746,13
749,13
757,13
760,13
773,13
777,13
779,13
786,13
811,13
813,13
822,13
827,13
830,13
832,13
837,13
841,13
846,13
856,13
859,13
860,13
880,13
881,13
883,13
885,13
888,13
897,13
904,13
914,13
916,13
920,13
921,13
931,13
934,13
935,13
937,13
949,13
951,13
957,13
960,13
964,13
965,13
979,13
981,13
985,13
994,13
997,13
1011,13
1017,13
1018,13
1020,13
1031,13
1032,13
1034,13
1043,13
1045,13
1051,13
1053,13
1056,13
1072,13
1073,13
1074,13
1082,13
1087,13
1098,13
1099,13
1108,13
1111,13
1117,13
1120,13
1121,13
1126,13
1131,13
1138,13
1141,13
1155,13
1165,13
1189,13
1191,13
1192,13
1201,13
1211,13
1221,13
1227,13
1236,13
1249,13
1253,13
1267,13
1273,13
1276,13
1277,13
1280,13
1291,13
1303,13
1308,13
1309,13
1313,13
1316,13
1330,13
1334,13
1338,13
1340,13
1342,13
1343,13
1347,13
1353,13
1365,13
1377,13
1385,13
1388,13
1399,13
1406,13
1412,13
1416,13
1420,13
1430,13
1432,13
1441,13
1445,13
1453,13
1459,13
1467,13
1468,13
1473,13
1474,13
1480,13
1485,13
1490,13
1513,13
1516,13
1531,13
1539,13
1548,13
1549,13
1554,13
1556,13
1557,13
1561,13
1584,13
1585,13
1594,13
1599,13
1604,13
1605,13
1607,13
1610,13
1618,13
1619,13
1622,13
1632,13
1666,13
1668,13
1674,13
1676,13
1687,13
1688,13
1690,13
1693,13
1701,13
1707,13
1718,13
1720,13
1726,13
1740,13
1756,13
1760,13
1779,13
1780,13
1783,13
1792,13
1808,13
1823,13
1837,13
1845,13
1852,13
1855,13
1860,13
1867,13
1874,13
1887,13
1888,13
1902,13
1904,13
1920,13
1926,13
1931,13
1933,13
1935,13
1962,13
1970,13
1979,13
1990,13
1993,13
2000,13
2007,13
2010,13
2019,13
2025,13
2031,13
2046,13
2050,13
2058,13
2080,13
2087,13
2089,13
2092,13
2093,13
2105,13
2107,13
2112,13
2117,13
2128,13
2138,13
2140,13
2142,13
2149,13
2166,13
2194,13
2209,13
2210,13
2213,13
2218,13
2221,13
2224,13
2245,13
2246,13
2249,13
2252,13
2253,13
2271,13
2286,13
2302,13
2306,13
2309,13
2314,13
2317,13
2318,13
2324,13
2328,13
2337,13
2340,13
2349,13
2351,13
2357,13
2365,13
2377,13
2387,13
2393,13
2403,13
2411,13
2413,13
2417,13
2418,13
2419,13
2423,13
2424,13
2425,13
2431,13
2434,13
2438,13
2443,13
2462,13
2465,13
2479,13
2483,13
2485,13
2486,13
2492,13
2494,13
2507,13
2508,13
2511,13
2533,13
2541,13
2553,13
2555,13
2557,13
2568,13
2571,13
2572,13
2573,13
2593,13
2599,13
2600,13
2603,13
2629,13
2636,13
2639,13
2641,13
2647,13
2648,13
2654,13
2662,13
2665,13
2680,13
2685,13
2687,13
2692,13
2693,13
2695,13
2697,13
2703,13
2706,13
2707,13
2709,13
2715,13
2727,13
2733,13
2735,13
2739,13
2743,13
2748,13
2759,13
2762,13
2767,13
2769,13
2777,13
2780,13
2782,13
2785,13
2787,13
2791,13
2796,13
2803,13
2815,13
2828,13
2852,13
2853,13
2855,13
2866,13
2868,13
2887,13
2898,13
2902,13
2903,13
2905,13
2916,13
2918,13
2929,13
2930,13
2931,13
2932,13
2943,13
2953,13
2965,13
2993,13
2998,13
2999,13
3003,13
3010,13
3011,13
3021,13
3026,13
3042,13
3044,13
3046,13
3050,13
3052,13
3054,13
3069,13
3071,13
3076,13
3078,13
3079,13
3095,13
3100,13
3101,13
3103,13
3105,13
3115,13
3130,13
3155,13
3171,13
3172,13
3175,13
3184,13
3192,13
3196,13
3202,13
3203,13
3204,13
3207,13
3218,13
3233,13
3244,13
3255,13
3269,13
3282,13
3284,13
3290,13
3292,13
3297,13
3304,13
3318,13
3322,13
3327,13
3336,13
3342,13
3357,13
3369,13
3371,13
3385,13
3393,13
3405,13
3408,13
3409,13
3413,13
3415,13
3418,13
3421,13
3436,13
3442,13
3443,13
3444,13
3448,13
3460,13
3464,13
3465,13
3475,13
3482,13
3487,13
3493,13
3494,13
3499,13
3504,13
3506,13
3508,13
3509,13
3514,13
3520,13
3533,13
3545,13
3557,13
3559,13
3565,13
3572,13
3575,13
3576,13
3590,13
3611,13
3620,13
3624,13
3633,13
3634,13
3653,13
3654,13
3663,13
3667,13
3676,13
3683,13
3701,13
3713,13
3714,13
3715,13
3723,13
3725,13
3731,13
3736,13
3738,13
3743,13
3747,13
3751,13
3761,13
3763,13
3777,13
3780,13
3798,13
3805,13
3806,13
3807,13
3817,13
3833,13
3844,13
3864,13
3874,13
3890,13
3900,13
3911,13
3914,13
3919,13
3920,13
3921,13
3928,13
3933,13
3960,13
3965,13
3968,13
3969,13
3973,13
3978,13
3981,13
3985,13
3987,13
3991,13
3995,13
3997,13
4007,13
4014,13
4016,13
4050,13
4056,13
4066,13
4069,13
4071,13
4072,13
4077,13
4078,13
4080,13
4082,13
4084,13
4086,13
4123,13
4140,13
4161,13
4166,13
4188,13
4192,13
4200,13
4208,13
4211,13
4217,13
4232,13
4233,13
4237,13
4239,13
4254,13
4265,13
4266,13
4281,13
4285,13
4299,13
4300,13
4306,13
4330,13
4335,13
4337,13
4348,13
4356,13
4358,13
4368,13
4376,13
4381,13
4389,13
4400,13
4402,13
4408,13
4412,13
4417,13
4421,13
4423,13
4435,13
4436,13
4447,13
4451,13
4461,13
4479,13
4488,13
4490,13
4491,13
4516,13
4520,13
4527,13
4528,13
4538,13
4544,13
4546,13
4551,13
4573,13
4575,13
4581,13
4595,13
4598,13
4604,13
4619,13
4620,13
4627,13
4635,13
4638,13
4651,13
4652,13
4655,13
4657,13
4658,13
4662,13
4671,13
4673,13
4674,13
4682,13
4685,13
4688,13
4694,13
4700,13
4712,13
4720,13
4724,13
4726,13
4731,13
4732,13
4748,13
4749,13
4751,13
4755,13
4759,13
4774,13
4785,13
4788,13
4792,13
4793,13
4794,13
4796,13
4801,13
4808,13
4813,13
4817,13
4827,13
4831,13
4844,13
4845,13
4848,13
4857,13
4872,13
4880,13
4882,13
4890,13
4900,13
4903,13
4916,13
4921,13
4923,13
4930,13
4932,13
4940,13
4949,13
4950,13
4951,13
4963,13
4974,13
4980,13
4981,13
4987,13
4995,13
5004,13
5010,13
5011,13
5014,13
5020,13
5023,13
5030,13
5035,13
5038,13
5040,13
5043,13
5055,13
5056,13
5061,13
5065,13
5067,13
5074,13
5084,13
5089,13
5094,13
5104,13
5110,13
5113,13
5115,13
5117,13
5123,13
5129,13
5133,13
5141,13
5146,13
5161,13
5170,13
5172,13
5180,13
5194,13
5195,13
5196,13
5197,13
5199,13
5207,13
5216,13
5234,13
5241,13
5253,13
5254,13
5255,13
5259,13
5279,13
5281,13
5285,13
5287,13
5295,13
5297,13
5299,13
5300,13
5307,13
5314,13
5336,13
5337,13
5340,13
5341,13
5343,13
5350,13
5352,13
5361,13
5364,13
5366,13
5387,13
5390,13
5406,13
5407,13
5422,13
5428,13
5432,13
5450,13
5469,13
5478,13
5480,13
5482,13
5485,13
5491,13
5496,13
5500,13
5501,13
5503,13
5509,13
5513,13
5518,13
5522,13
5532,13
5536,13
5551,13
5557,13
5559,13
5580,13
5582,13
5602,13
5612,13
5623,13
5649,13
5650,13
5654,13
5666,13
5670,13
5671,13
5675,13
5681,13
5693,13
5711,13
5712,13
5718,13
5727,13
5776,13
5781,13
5784,13
5796,13
5797,13
5805,13
5809,13
5810,13
5812,13
5827,13
5832,13
5836,13
5837,13
5850,13
5854,13
5856,13
5868,13
5874,13
5875,13
5904,13
5910,13
5912,13
5913,13
5914,13
5916,13
5918,13
5925,13
5942,13
5948,13
5958,13
5987,13
5990,13
5991,13
5992,13
5993,13
5997,13
6004,13
6024,13
6025,13
6034,13
6040,13
6044,13
6053,13
6067,13
6094,13
6095,13
6102,13
6115,13
6122,13
6128,13
6140,13
6142,13
6143,13
6144,13
6149,13
6153,13
6155,13
6159,13
6174,13
6177,13
6178,13
6188,13
6195,13
6199,13
6215,13
6219,13
6222,13
6230,13
6231,13
6236,13
6258,13
6263,13
6271,13
6277,13
6279,13
6283,13
6300,13
6304,13
6312,13
6317,13
6319,13
6320,13
6323,13
6324,13
6326,13
6329,13
6346,13
6349,13
6353,13
6355,13
6359,13
6365,13
6369,13
6372,13
6375,13
6379,13
6388,13
6392,13
6393,13
6397,13
6399,13
6400,13
6403,13
6404,13
6407,13
6411,13
6417,13
6440,13
6451,13
6453,13
6468,13
6474,13
6481,13
6482,13
6483,13
6485,13
6486,13
6488,13
6489,13
6490,13
6501,13
6512,13
6513,13
6529,13
6534,13
6538,13
6541,13
6542,13
6543,13
6546,13
6547,13
6554,13
6562,13
6570,13
6574,13
6587,13
6596,13
6599,13
6611,13
6614,13
6615,13
6617,13
6621,13
6624,13
6631,13
6635,13
6636,13
6644,13
6645,13
6661,13
6664,13
6669,13
6671,13
6677,13
6685,13
6693,13
6707,13
6712,13
6716,13
6717,13
6734,13
6748,13
6749,13
6753,13
6762,13
6773,13
6782,13
6788,13
6802,13
6816,13
6828,13
6830,13
6841,13
6845,13
6857,13
6862,13
6863,13
6879,13
6889,13
6890,13
6893,13
6894,13
6906,13
6918,13
6921,13
6922,13
6923,13
6934,13
6936,13
6942,13
6944,13
6952,13
6958,13
6960,13
6962,13
6969,13
6978,13
6992,13
7011,13
7013,13
7025,13
7027,13
7035,13
7046,13
7051,13
7052,13
7082,13
7091,13
7095,13
7110,13
7121,13
7122,13
7134,13
7144,13
7145,13
7149,13
7152,13
7160,13
7166,13
7172,13
7173,13
7177,13
7182,13
7186,13
7188,13
7196,13
7212,13
7219,13
7221,13
7227,13
7234,13
7235,13
7241,13
7246,13
7247,13
7250,13
7265,13
7288,13
7297,13
7305,13
7306,13
7314,13
7316,13
7322,13
7326,13
7331,13
7340,13
7348,13
7352,13
7356,13
7357,13
7383,13
7384,13
7394,13
7398,13
7407,13
7413,13
7414,13
7420,13
7425,13
7433,13
7455,13
7456,13
7462,13
7463,13
7473,13
7485,13
7510,13
7528,13
7535,13
7536,13
7552,13
7561,13
7572,13
7581,13
7584,13
7586,13
7590,13
7595,13
7602,13
7615,13
7621,13
7623,13
7625,13
7640,13
7645,13
7660,13
7665,13
7671,13
7675,13
7679,13
7682,13
7691,13
7692,13
7707,13
7720,13
7724,13
7725,13
7727,13
7740,13
7742,13
7745,13
7746,13
7760,13
7779,13
7796,13
7797,13
7798,13
7803,13
7821,13
7827,13
7844,13
7865,13
7871,13
7876,13
7882,13
7890,13
7891,13
7896,13
7898,13
7904,13
7913,13
7915,13
7919,13
7922,13
7929,13
7935,13
7937,13
7950,13
7957,13
7959,13
7968,13
7969,13
7975,13
7976,13
7981,13
7987,13
7999,13
8004,13
8014,13
8017,13
8019,13
8027,13
8028,13
8037,13
8040,13
8051,13
8058,13
8065,13
8079,13
8081,13
8083,13
8108,13
8109,13
8123,13
8125,13
8127,13
8132,13
8137,13
8139,13
8141,13
8147,13
8148,13
8149,13
8164,13
8166,13
8177,13
8183,13
8184,13
8190,13
8200,13
8205,13
8210,13
8222,13
8225,13
8236,13
8243,13
8248,13
8252,13
8253,13
8255,13
8258,13
8265,13
8272,13
8286,13
8295,13
8304,13
8306,13
8309,13
8320,13
8346,13
8349,13
8352,13
8356,13
8364,13
8387,13
8388,13
8397,13
8405,13
8409,13
8411,13
8413,13
8422,13
8426,13
8427,13
8442,13
8457,13
8461,13
8469,13
8475,13
8476,13
8481,13
8489,13
8494,13
8495,13
8500,13
8502,13
8504,13
8505,13
8514,13
8515,13
8522,13
8526,13
8528,13
8533,13
8543,13
8559,13
8566,13
8571,13
8577,13
8584,13
8589,13
8590,13
8609,13
8621,13
8646,13
8649,13
8668,13
8677,13
8683,13
8706,13
8715,13
8720,13
8727,13
8728,13
8733,13
8734,13
8752,13
8755,13
8759,13
8760,13
8763,13
8774,13
8796,13
8805,13
8812,13
8817,13
8826,13
8828,13
8835,13
8838,13
8845,13
8847,13
8853,13
8858,13
8867,13
8872,13
8883,13
8884,13
8886,13
8889,13
8893,13
8894,13
8900,13
8901,13
8905,13
8910,13
8911,13
8913,13
8926,13
8938,13
8939,13
8943,13
8948,13
8956,13
8959,13
8960,13
8963,13
8964,13
8969,13
8972,13
8973,13
8990,13
8991,13
8995,13
8998,13
9007,13
9013,13
9014,13
9016,13
9017,13
9030,13
9035,13
9037,13
9048,13
9052,13
9053,13
9060,13
9089,13
9094,13
9097,13
9098,13
9104,13
9114,13
9115,13
9120,13
9134,13
9138,13
9145,13
9154,13
9155,13
9157,13
9158,13
9173,13
9174,13
9183,13
9184,13
9196,13
9225,13
9233,13
9243,13
9248,13
9273,13
9277,13
9280,13
9293,13
9294,13
9297,13
9299,13
9335,13
9338,13
9340,13
9343,13
9350,13
9363,13
9370,13
9376,13
9379,13
9385,13
9392,13
9406,13
9407,13
9419,13
9421,13
9423,13
9426,13
9430,13
9431,13
9444,13
9449,13
9465,13
9473,13
9486,13
9489,13
9493,13
9496,13
9503,13
9505,13
9507,13
9517,13
9536,13
9547,13
9558,13
9560,13
9569,13
9578,13
9583,13
9592,13
9601,13
9602,13
9609,13
9610,13
9617,13
9626,13
9633,13
9634,13
9642,13
9644,13
9654,13
9659,13
9666,13
9671,13
9672,13
9674,13
9682,13
9683,13
9686,13
9699,13
9702,13
9703,13
9705,13
9712,13
9728,13
9729,13
9732,13
9742,13
9746,13
9751,13
9754,13
9761,13
9776,13
9787,13
9794,13
9797,13
9837,13
9840,13
9842,13
9854,13
9868,13
9872,13
9874,13
9898,13
9914,13
9915,13
9918,13
9924,13
9934,13
9936,13
9943,13
9952,13
9954,13
9958,13
9959,13
9960,13
9965,13
9967,13
9969,13
9985,13
9987,13
9990,13
9995,13
9997,13
37,14
64,14
68,14
70,14
71,14
75,14
79,14
90,14
91,14
173,14
183,14
191,14
200,14
201,14
215,14
218,14
219,14
229,14
242,14
245,14
252,14
263,14
290,14
291,14
300,14
302,14
304,14
310,14
325,14
334,14
366,14
383,14
387,14
431,14
438,14
455,14
457,14
486,14
489,14
510,14
513,14
523,14
539,14
555,14
558,14
561,14
580,14
609,14
623,14
625,14
633,14
642,14
658,14
687,14
724,14
731,14
740,14
758,14
770,14
809,14
821,14
834,14
839,14
870,14
896,14
912,14
927,14
972,14
975,14
982,14
989,14
1007,14
1008,14
1012,14
1023,14
1026,14
1036,14
1044,14
1048,14
1052,14
1062,14
1066,14
1069,14
1071,14
1076,14
1092,14
1139,14
1142,14
1144,14
1147,14
1161,14
1178,14
1190,14
1208,14
1222,14
1226,14
1251,14
1278,14
1281,14
1283,14
1301,14
1302,14
1304,14
1318,14
1323,14
1327,14
1348,14
1349,14
1401,14
1404,14
1418,14
1431,14
1438,14
1462,14
1471,14
1493,14
1502,14
1507,14
1508,14
1522,14
1581,14
1588,14
1597,14
1608,14
1624,14
1641,14
1647,14
1653,14
1662,14
1677,14
1678,14
1683,14
1710,14
1719,14
1722,14
1751,14
1753,14
1778,14
1786,14
1799,14
1806,14
1815,14
1824,14
1830,14
1834,14
1841,14
1844,14
1858,14
1878,14
1918,14
1922,14
1925,14
1961,14
1966,14
1981,14
1991,14
2009,14
2020,14
2049,14
2060,14
2061,14
2064,14
2075,14
2083,14
2102,14
2133,14
2137,14
2161,14
2181,14
2182,14
2187,14
2206,14
2222,14
2230,14
2231,14
2233,14
2242,14
2248,14
2272,14
2277,14
2289,14
2300,14
2310,14
2319,14
2323,14
2333,14
2342,14
2354,14
2371,14
2439,14
2449,14
2471,14
2476,14
2497,14
2501,14
2502,14
2538,14
2566,14
2567,14
2609,14
2612,14
2616,14
2620,14
2642,14
2649,14
2679,14
2710,14
2757,14
2771,14
2772,14
2794,14
2809,14
2826,14
2840,14
2881,14
2917,14
2922,14
2955,14
2972,14
2988,14
3057,14
3072,14
3074,14
3080,14
3081,14
3128,14
3132,14
3133,14
3140,14
3147,14
3159,14
3220,14
3245,14
3249,14
3267,14
3271,14
3273,14
3276,14
3288,14
3311,14
3328,14
3346,14
3355,14
3359,14
3361,14
3363,14
3381,14
3390,14
3440,14
3447,14
3484,14
3489,14
3497,14
3537,14
3551,14
3552,14
3573,14
3581,14
3645,14
3647,14
3681,14
3685,14
3687,14
3709,14
3710,14
3726,14
3784,14
3789,14
3792,14
3800,14
3829,14
3845,14
3878,14
3881,14
3886,14
3938,14
3940,14
3951,14
3954,14
4009,14
4023,14
4024,14
4027,14
4065,14
4068,14
4074,14
4090,14
4105,14
4115,14
4120,14
4128,14
4135,14
4146,14
4147,14
4173,14
4175,14
4204,14
4255,14
4256,14
4262,14
4270,14
4276,14
4286,14
4295,14
4298,14
4308,14
4322,14
4339,14
4354,14
4360,14
4384,14
4409,14
4424,14
4440,14
4443,14
4444,14
4449,14
4476,14
4480,14
4482,14
4489,14
4493,14
4497,14
4499,14
4507,14
4518,14
4559,14
4583,14
4596,14
4599,14
4629,14
4634,14
4670,14
4699,14
4710,14
4715,14
4725,14
4730,14
4741,14
4752,14
4754,14
4761,14
4773,14
4784,14
4787,14
4798,14
4799,14
4811,14
4819,14
4823,14
4834,14
4838,14
4840,14
4854,14
4855,14
4869,14
4870,14
4892,14
4933,14
4947,14
4957,14
4994,14
5005,14
5032,14
5050,14
5052,14
5064,14
5076,14
5078,14
5119,14
5120,14
5134,14
5149,14
5152,14
5165,14
5174,14
5186,14
5211,14
5231,14
5261,14
5272,14
5273,14
5275,14
5278,14
5282,14
5294,14
5321,14
5356,14
5358,14
5362,14
5373,14
5374,14
5405,14
5466,14
5476,14
5481,14
5489,14
5537,14
5545,14
5577,14
5584,14
5596,14
5597,14
5609,14
5614,14
5633,14
5645,14
5667,14
5685,14
5686,14
5687,14
5737,14
5742,14
5764,14
5769,14
5778,14
5816,14
5853,14
5860,14
5864,14
5896,14
5903,14
5919,14
5938,14
5945,14
6003,14
6016,14
6029,14
6038,14
6074,14
6077,14
6080,14
6084,14
6085,14
6093,14
6096,14
6106,14
6107,14
6117,14
6131,14
6145,14
6160,14
6165,14
6173,14
6180,14
6185,14
6193,14
6197,14
6198,14
6208,14
6223,14
6286,14
6292,14
6343,14
6357,14
6373,14
6380,14
6413,14
6418,14
6439,14
6443,14
6519,14
6575,14
6577,14
6626,14
6627,14
6665,14
6668,14
6691,14
6695,14
6696,14
6699,14
6718,14
6725,14
6727,14
6729,14
6735,14
6738,14
6754,14
6758,14
6761,14
6781,14
6810,14
6813,14
6825,14
6835,14
6856,14
6868,14
6871,14
6878,14
6881,14
6883,14
6900,14
6920,14
6931,14
6961,14
6966,14
6982,14
7023,14
7024,14
7034,14
7054,14
7066,14
7068,14
7071,14
7074,14
7076,14
7079,14
7087,14
7103,14
7108,14
7127,14
7136,14
7142,14
7162,14
7168,14
7178,14
7199,14
7228,14
7243,14
7244,14
7249,14
7264,14
7267,14
7273,14
7277,14
7317,14
7321,14
7332,14
7339,14
7347,14
7364,14
7386,14
7399,14
7416,14
7423,14
7429,14
7434,14
7445,14
7460,14
7464,14
7543,14
7547,14
7564,14
7566,14
7580,14
7601,14
7616,14
7618,14
7637,14
7641,14
7646,14
7681,14
7733,14
7734,14
7762,14
7771,14
7772,14
7775,14
7780,14
7801,14
7820,14
7824,14
7828,14
7831,14
7857,14
7864,14
7869,14
7893,14
7902,14
7906,14
7920,14
7932,14
7943,14
7962,14
7967,14
7977,14
8007,14
8022,14
8035,14
8055,14
8062,14
8076,14
8082,14
8098,14
8122,14
8126,14
8131,14
8155,14
8179,14
8195,14
8202,14
8230,14
8246,14
8274,14
8279,14
8280,14
8300,14
8313,14
8342,14
8377,14
8391,14
8406,14
8407,14
8414,14
8419,14
8430,14
8446,14
8447,14
8450,14
8460,14
8463,14
8464,14
8468,14
8480,14
8492,14
8507,14
8518,14
8541,14
8546,14
8580,14
8588,14
8592,14
8593,14
8595,14
8610,14
8617,14
8636,14
8656,14
8670,14
8682,14
8698,14
8699,14
8736,14
8751,14
8766,14
8771,14
8776,14
8777,14
8778,14
8781,14
8797,14
8809,14
8810,14
8813,14
8832,14
8833,14
8878,14
8885,14
8892,14
8923,14
8977,14
8978,14
8999,14
9023,14
9041,14
9045,14
9051,14
9068,14
9075,14
9077,14
9084,14
9110,14
9126,14
9129,14
9153,14
9165,14
9180,14
9210,14
9215,14
9217,14
9220,14
9230,14
9240,14
9253,14
9255,14
9276,14
9300,14
9308,14
9310,14
9319,14
9320,14
9321,14
9347,14
9354,14
9356,14
9364,14
9367,14
9368,14
9372,14
9395,14
9418,14
9448,14
9459,14
9461,14
9467,14
9475,14
9481,14
9502,14
9523,14
9540,14
9544,14
9562,14
9565,14
9566,14
9567,14
9585,14
9596,14
9630,14
9631,14
9650,14
9656,14
9661,14
9668,14
9688,14
9710,14
9722,14
9727,14
9735,14
9757,14
9762,14
9768,14
9777,14
9849,14
9852,14
9855,14
9867,14
9879,14
9888,14
9895,14
9904,14
9920,14
9921,14
9937,14
9951,14
9962,14
9976,14
