mutation,cluster
106,2
118,2
210,2
277,2
368,2
878,2
918,2
1152,2
1215,2
1217,2
1223,2
1470,2
1484,2
1563,2
1934,2
1997,2
2055,2
2224,2
2229,2
2233,2
2358,2
2408,2
2552,2
2564,2
2660,2
2662,2
2791,2
2860,2
3017,2
3102,2
3256,2
3285,2
3354,2
3654,2
3669,2
3795,2
3999,2
4346,2
4553,2
4633,2
4760,2
4818,2
4964,2
4965,2
5,2
23,2
86,2
110,2
198,2
483,2
826,2
845,2
954,2
973,2
1010,2
1041,2
1114,2
1169,2
1273,2
1276,2
1289,2
1353,2
1365,2
1436,2
1457,2
1559,2
1649,2
1681,2
1702,2
1735,2
1785,2
1830,2
1843,2
1949,2
2088,2
2113,2
2116,2
2131,2
2167,2
2218,2
2246,2
2364,2
2472,2
2586,2
2589,2
2667,2
2693,2
2807,2
2963,2
3185,2
3290,2
3296,2
3314,2
3378,2
3387,2
3419,2
3460,2
3664,2
3883,2
4024,2
4056,2
4106,2
4145,2
4163,2
4172,2
4190,2
4280,2
4392,2
4532,2
4548,2
4663,2
4795,2
4803,2
4819,2
4843,2
4867,2
4915,2
0,2
411,2
416,2
459,2
620,2
882,2
888,2
1030,2
1153,2
1324,2
1329,2
1350,2
1613,2
2199,2
2284,2
2321,2
2336,2
2846,2
2936,2
3079,2
3180,2
3242,2
3346,2
3619,2
3787,2
3793,2
3913,2
4036,2
4319,2
4373,2
4403,2
4486,2
4568,2
4585,2
4898,2
4910,2
186,2
243,2
433,2
498,2
532,2
592,2
804,2
906,2
992,2
1171,2
1312,2
1395,2
1672,2
1739,2
1807,2
1881,2
1886,2
1951,2
2118,2
2328,2
2575,2
2721,2
2917,2
2974,2
3110,2
3161,2
3580,2
3589,2
4043,2
4135,2
4420,2
4664,2
4670,2
4688,2
4933,2
4939,2
150,2
206,2
285,2
293,2
405,2
450,2
529,2
589,2
755,2
950,2
967,2
979,2
1009,2
1054,2
1074,2
1092,2
1160,2
1251,2
1296,2
1297,2
1311,2
1337,2
1352,2
1360,2
1427,2
1443,2
1467,2
1682,2
1929,2
1981,2
1982,2
2038,2
2090,2
2098,2
2208,2
2210,2
2255,2
2323,2
2379,2
2443,2
2452,2
2640,2
2641,2
2938,2
2948,2
3286,2
3295,2
3397,2
3425,2
3439,2
3473,2
3474,2
3510,2
3532,2
3538,2
3605,2
3687,2
3756,2
3860,2
3958,2
3960,2
3961,2
4007,2
4150,2
4152,2
4168,2
4208,2
4266,2
4267,2
4296,2
4329,2
4347,2
4389,2
4450,2
4472,2
4623,2
4649,2
4704,2
4706,2
4776,2
4780,2
4797,2
4821,2
4848,2
170,2
244,2
248,2
378,2
639,2
645,2
710,2
727,2
761,2
875,2
1015,2
1379,2
1403,2
1441,2
1541,2
1668,2
1780,2
1803,2
2003,2
2018,2
2062,2
2209,2
2287,2
2491,2
2688,2
2893,2
2902,2
3014,2
3018,2
3487,2
3536,2
3604,2
3708,2
3752,2
3977,2
4011,2
4075,2
4278,2
4351,2
4381,2
4382,2
4529,2
4724,2
4916,2
1,2
32,2
63,2
261,2
319,2
359,2
435,2
439,2
517,2
668,2
731,2
759,2
821,2
935,2
1063,2
1194,2
1254,2
1418,2
1465,2
1565,2
1607,2
1793,2
1857,2
1926,2
2030,2
2111,2
2177,2
2438,2
2513,2
2526,2
2613,2
2643,2
2678,2
2732,2
2745,2
2856,2
2873,2
3024,2
3051,2
3097,2
3113,2
3130,2
3186,2
3215,2
3275,2
3303,2
3349,2
3531,2
3554,2
3680,2
3682,2
3760,2
3773,2
3798,2
3922,2
3923,2
4061,2
4102,2
4243,2
4570,2
4667,2
4690,2
4763,2
4855,2
39,2
79,2
131,2
447,2
491,2
566,2
1081,2
1127,2
1286,2
1325,2
1472,2
1721,2
1736,2
1758,2
1919,2
2020,2
2046,2
2340,2
2676,2
2749,2
2787,2
2946,2
2965,2
3249,2
3302,2
3358,2
3365,2
3663,2
3858,2
3896,2
3907,2
3987,2
4391,2
4397,2
4427,2
4708,2
4805,2
4826,2
4878,2
4931,2
4950,2
180,2
295,2
385,2
398,2
417,2
441,2
523,2
572,2
623,2
697,2
706,2
728,2
785,2
930,2
1027,2
1044,2
1343,2
1364,2
1400,2
1471,2
1592,2
1625,2
1657,2
1801,2
1810,2
1910,2
2175,2
2221,2
2227,2
2375,2
2384,2
2429,2
2656,2
2709,2
3221,2
3225,2
3262,2
3444,2
3499,2
3595,2
3671,2
3676,2
3786,2
3837,2
3917,2
3986,2
4020,2
4095,2
4182,2
4259,2
4355,2
4385,2
4480,2
4691,2
4779,2
4966,2
83,2
90,2
298,2
327,2
362,2
508,2
905,2
1017,2
1026,2
1156,2
1201,2
1244,2
1270,2
1454,2
1521,2
1676,2
1720,2
1723,2
1802,2
1861,2
2025,2
2086,2
2280,2
2283,2
2531,2
2573,2
2850,2
3104,2
3238,2
3267,2
3423,2
3832,2
3863,2
4012,2
4084,2
4178,2
4233,2
4290,2
4293,2
4425,2
4444,2
4575,2
4680,2
4798,2
4813,2
120,2
214,2
281,2
338,2
348,2
421,2
629,2
647,2
660,2
675,2
1372,2
1631,2
1733,2
1850,2
2262,2
2769,2
2784,2
2900,2
2966,2
2983,2
3088,2
3164,2
3268,2
3301,2
3324,2
3694,2
4114,2
4204,2
4378,2
4558,2
4661,2
4676,2
4858,2
4881,2
197,2
371,2
473,2
562,2
933,2
1166,2
1260,2
1267,2
1284,2
1322,2
1399,2
1742,2
2054,2
2155,2
2568,2
2861,2
2986,2
3074,2
3176,2
3237,2
3416,2
3450,2
3861,2
3864,2
4026,2
4057,2
4116,2
4189,2
4203,2
4288,2
4300,2
4315,2
4325,2
4370,2
4550,2
4685,2
4693,2
4727,2
4968,2
263,2
334,2
342,2
393,2
541,2
573,2
612,2
695,2
698,2
722,2
803,2
932,2
1056,2
1068,2
1087,2
1148,2
1172,2
1253,2
1432,2
1451,2
1512,2
1560,2
1708,2
1727,2
1853,2
1986,2
2006,2
2047,2
2078,2
2186,2
2236,2
2331,2
2349,2
2356,2
2385,2
2406,2
2445,2
2462,2
2760,2
2863,2
2926,2
2943,2
2977,2
3005,2
3125,2
3208,2
3250,2
3383,2
3507,2
3737,2
3898,2
3915,2
3935,2
4050,2
4123,2
4324,2
4356,2
4362,2
4412,2
4434,2
4515,2
4602,2
4613,2
4687,2
4713,2
4734,2
4785,2
4902,2
4938,2
4943,2
103,2
115,2
116,2
121,2
135,2
235,2
258,2
346,2
451,2
580,2
637,2
713,2
810,2
820,2
854,2
877,2
929,2
1059,2
1120,2
1314,2
1378,2
1383,2
1396,2
1412,2
1571,2
1572,2
1661,2
1744,2
1878,2
1992,2
2230,2
2302,2
2310,2
2317,2
2327,2
2399,2
2412,2
2442,2
2449,2
2483,2
2544,2
2569,2
2669,2
3027,2
3201,2
3209,2
3279,2
3422,2
3657,2
3727,2
3805,2
3964,2
4126,2
4192,2
4221,2
4481,2
4512,2
4528,2
4598,2
4714,2
4716,2
4748,2
4762,2
4823,2
4880,2
4911,2
17,2
145,2
249,2
443,2
453,2
605,2
900,2
961,2
983,2
1078,2
1269,2
1445,2
1514,2
1524,2
1642,2
1660,2
1666,2
2016,2
2043,2
2144,2
2165,2
2211,2
2271,2
2839,2
3109,2
3181,2
3312,2
3319,2
3356,2
3616,2
3716,2
3743,2
3767,2
3941,2
4240,2
4320,2
4353,2
4446,2
4511,2
4547,2
4619,2
4745,2
4801,2
78,3
270,3
335,3
345,3
603,3
606,3
681,3
688,3
872,3
1305,3
1330,3
1879,3
1882,3
2080,3
2104,3
2115,3
2201,3
2274,3
2318,3
2563,3
2653,3
2668,3
2734,3
2738,3
2864,3
3174,3
3205,3
3269,3
3373,3
3612,3
3825,3
3916,3
4047,3
4059,3
4077,3
4105,3
4136,3
4215,3
4345,3
4398,3
4402,3
4416,3
4443,3
4479,3
4574,3
4646,3
4972,3
134,3
222,3
224,3
268,3
365,3
386,3
544,3
702,3
734,3
940,3
982,3
1207,3
1212,3
1391,3
1393,3
1466,3
1545,3
1890,3
1977,3
1993,3
1996,3
2124,3
2187,3
2278,3
2459,3
2532,3
2567,3
2652,3
2722,3
2740,3
2801,3
2842,3
2890,3
2899,3
2919,3
2953,3
3085,3
3101,3
3126,3
3280,3
3315,3
3339,3
3344,3
3389,3
3396,3
3488,3
3490,3
3513,3
3608,3
3702,3
3820,3
4100,3
4196,3
4423,3
4453,3
4544,3
4659,3
4731,3
4857,3
4926,3
4977,3
84,3
204,3
250,3
425,3
534,3
737,3
987,3
1047,3
1411,3
1506,3
1729,3
1766,3
1774,3
2075,3
2114,3
2204,3
2254,3
2458,3
2796,3
2810,3
2828,3
2985,3
3065,3
3165,3
3266,3
3294,3
3375,3
3452,3
3493,3
3768,3
3824,3
3934,3
4119,3
4298,3
4442,3
4513,3
4614,3
4825,3
4900,3
4947,3
192,3
286,3
389,3
552,3
738,3
1177,3
1183,3
1229,3
1346,3
1384,3
1423,3
1525,3
1573,3
1619,3
1710,3
2176,3
2352,3
2528,3
2724,3
2813,3
2831,3
2884,3
3076,3
3143,3
3405,3
3723,3
3726,3
3753,3
3943,3
4099,3
4142,3
4249,3
4254,3
4270,3
4348,3
4487,3
4531,3
4577,3
4699,3
4784,3
4952,3
4980,3
4991,3
48,3
50,3
58,3
97,3
202,3
305,3
422,3
434,3
478,3
665,3
768,3
797,3
883,3
968,3
1006,3
1097,3
1142,3
1144,3
1252,3
1258,3
1306,3
1406,3
1692,3
1713,3
1787,3
1860,3
1875,3
1917,3
1918,3
1956,3
1999,3
2000,3
2008,3
2084,3
2103,3
2200,3
2270,3
2390,3
2460,3
2466,3
2485,3
2500,3
2583,3
2631,3
2638,3
2683,3
2803,3
2829,3
2987,3
2999,3
3062,3
3094,3
3223,3
3445,3
3610,3
3725,3
3729,3
3776,3
3806,3
3981,3
3994,3
3996,3
4051,3
4055,3
4087,3
4101,3
4120,3
4141,3
4185,3
4401,3
4463,3
4525,3
4702,3
4766,3
4771,3
4899,3
329,3
501,3
528,3
535,3
609,3
643,3
767,3
841,3
1079,3
1143,3
1775,3
1820,3
1948,3
2081,3
2138,3
2181,3
2415,3
2453,3
2511,3
2682,3
2723,3
2770,3
3077,3
3141,3
3148,3
3548,3
3683,3
3713,3
3868,3
3959,3
4586,3
4718,3
8,3
57,3
69,3
101,3
105,3
126,3
372,3
383,3
401,3
432,3
516,3
570,3
604,3
800,3
910,3
938,3
1146,3
1187,3
1224,3
1275,3
1331,3
1433,3
1587,3
1627,3
1760,3
1905,3
1925,3
1939,3
2005,3
2266,3
2281,3
2324,3
2377,3
2405,3
2581,3
2602,3
2603,3
2714,3
2819,3
2996,3
3016,3
3041,3
3096,3
3152,3
3233,3
3239,3
3334,3
3394,3
3583,3
3700,3
3797,3
3938,3
3942,3
4071,3
4125,3
4232,3
4292,3
4439,3
4524,3
4533,3
4555,3
4654,3
4794,3
37,3
205,3
859,3
963,3
1051,3
1091,3
1128,3
1292,3
1345,3
1562,3
1664,3
1828,3
1945,3
2172,3
2391,3
2571,3
2774,3
2788,3
2896,3
2940,3
3052,3
3090,3
3168,3
3213,3
3311,3
3504,3
3542,3
3871,3
4039,3
4147,3
4161,3
4228,3
4303,3
4305,3
4500,3
4695,3
4859,3
4884,3
269,3
280,3
288,3
313,3
667,3
848,3
1176,3
1237,3
1339,3
1458,3
1728,3
1867,3
2001,3
2085,3
2112,3
2279,3
2308,3
2374,3
2471,3
2743,3
2757,3
2783,3
2872,3
2925,3
3235,3
3340,3
3446,3
3469,3
3549,3
3833,3
4009,3
4094,3
4246,3
4338,3
4406,3
4409,3
4542,3
4786,3
4812,3
221,3
304,3
548,3
659,3
819,3
984,3
1077,3
1094,3
1210,3
1461,3
1556,3
1779,3
1823,3
1829,3
2011,3
2057,3
2137,3
2140,3
2160,3
2228,3
2361,3
2431,3
2505,3
2518,3
2543,3
2570,3
2579,3
2598,3
2607,3
2610,3
2612,3
2802,3
2942,3
3075,3
3118,3
3300,3
3304,3
3320,3
3374,3
3428,3
3440,3
3644,3
3784,3
3862,3
3866,3
3930,3
4065,3
4239,3
4432,3
4502,3
4503,3
4595,3
4701,3
4810,3
4893,3
4918,3
4957,3
4960,3
181,3
490,3
634,3
653,3
669,3
986,3
1125,3
1131,3
1150,3
1197,3
1313,3
1402,3
1706,3
1836,3
1847,3
1912,3
1988,3
2023,3
2045,3
2407,3
2413,3
2556,3
2619,3
2665,3
2697,3
2758,3
2761,3
2820,3
3121,3
3369,3
3429,3
3523,3
3613,3
3720,3
3791,3
3844,3
3926,3
3957,3
4049,3
4082,3
4330,3
4494,3
4662,3
4832,3
4887,3
274,3
390,3
524,3
530,3
621,3
672,3
682,3
704,3
793,3
830,3
996,3
1203,3
1204,3
1386,3
1606,3
1859,3
1991,3
2028,3
2120,3
2282,3
2389,3
2536,3
2655,3
2737,3
2929,3
2937,3
3131,3
3271,3
3637,3
3659,3
3699,3
3740,3
3909,3
4008,3
4485,3
4624,3
4643,3
4923,3
7,3
61,3
72,3
194,3
234,3
412,3
461,3
553,3
586,3
726,3
947,3
1115,3
1181,3
1216,3
1241,3
1429,3
1434,3
1510,3
1590,3
1769,3
1959,3
2050,3
2157,3
2182,3
2215,3
2338,3
2376,3
2480,3
2535,3
2729,3
2755,3
2772,3
2835,3
2912,3
2949,3
3156,3
3183,3
3328,3
3351,3
3455,3
3475,3
3502,3
3506,3
3535,3
3561,3
3632,3
3880,3
3885,3
3954,3
4021,3
4064,3
4219,3
4252,3
4285,3
4337,3
4405,3
4470,3
4626,3
4837,3
4850,3
289,3
320,3
343,3
394,3
463,3
558,3
569,3
579,3
588,3
599,3
615,3
656,3
670,3
677,3
678,3
774,3
871,3
991,3
1052,3
1198,3
1256,3
1336,3
1374,3
1503,3
1539,3
1596,3
1715,3
1813,3
1888,3
1938,3
2009,3
2048,3
2135,3
2152,3
2367,3
2392,3
2933,3
2956,3
3124,3
3135,3
3325,3
3386,3
3414,3
3436,3
3453,3
3481,3
3558,3
3630,3
3665,3
3688,3
3751,3
3754,3
4257,3
4447,3
4536,3
4836,3
4888,3
4894,3
4912,3
4920,3
29,3
65,3
66,3
109,3
159,3
437,3
494,3
510,3
658,3
839,3
896,3
908,3
985,3
1162,3
1165,3
1222,3
1288,3
1369,3
1377,3
1408,3
1473,3
1673,3
1967,3
2100,3
2261,3
2329,3
2341,3
2419,3
2421,3
2781,3
2837,3
2901,3
3136,3
3366,3
3476,3
3564,3
3645,3
3691,3
3949,3
3978,3
3993,3
4274,3
4445,3
4584,3
4607,3
4800,3
4905,3
80,1
152,1
292,1
403,1
549,1
683,1
849,1
927,1
1188,1
1493,1
1761,1
1950,1
2169,1
2786,1
2833,1
3747,1
4013,1
4299,1
4510,1
4546,1
4580,1
35,1
98,1
472,1
811,1
925,1
1103,1
1259,1
1543,1
1757,1
1958,1
2022,1
2639,1
2875,1
2950,1
3166,1
3253,1
3306,1
3477,1
4223,1
4343,1
4735,1
4854,1
1149,1
1555,1
1952,1
2365,1
3072,1
3084,1
3430,1
3447,1
3755,1
4117,1
4366,1
4474,1
4501,1
444,1
988,1
1130,1
1580,1
2632,1
2650,1
3251,1
3461,1
4093,1
4413,1
4456,1
4589,1
4744,1
4995,1
128,1
212,1
616,1
716,1
1381,1
1798,1
1809,1
1832,1
1835,1
1899,1
2178,1
2272,1
2692,1
2811,1
3173,1
3203,1
3299,1
3611,1
3969,1
4224,1
4491,1
4631,1
4768,1
4775,1
4946,1
407,1
499,1
1034,1
2056,1
2083,1
2207,1
2296,1
2694,1
2992,1
3264,1
3413,1
3484,1
3509,1
3650,1
3653,1
3661,1
3782,1
3937,1
3976,1
4603,1
132,1
318,1
827,1
957,1
1231,1
1869,1
2473,1
2474,1
2504,1
3103,1
3338,1
3457,1
4255,1
4367,1
4374,1
4588,1
4722,1
208,1
1013,1
1209,1
1213,1
1579,1
2507,1
3403,1
3709,1
3857,1
4205,1
4737,1
146,1
511,1
1085,1
1523,1
1646,1
2461,1
2608,1
3210,1
3592,1
3900,1
4364,1
4540,1
133,1
302,1
537,1
772,1
780,1
1133,1
1239,1
1504,1
1656,1
1814,1
1955,1
2622,1
3511,1
3640,1
3670,1
3697,1
3992,1
4583,1
4895,1
4990,1
546,1
752,1
775,1
873,1
1073,1
1174,1
1414,1
1839,1
2558,1
2720,1
2775,1
2814,1
2881,1
2994,1
3022,1
3128,1
3629,1
3879,1
3940,1
4074,1
4202,1
4590,1
4628,1
4961,1
246,1
554,1
574,1
937,1
1507,1
1846,1
1976,1
2049,1
2190,1
2705,1
2979,1
3224,1
3635,1
3881,1
4088,1
4211,1
4307,1
4448,1
4509,1
4725,1
220,1
273,1
426,1
454,1
835,1
915,1
1246,1
1699,1
1930,1
2834,1
2934,1
3182,1
3466,1
4146,1
4237,1
4489,1
49,1
465,1
469,1
662,1
897,1
1280,1
1629,1
1896,1
2248,1
2402,1
2664,1
2730,1
3171,1
3489,1
3573,1
3783,1
3852,1
3973,1
4629,1
4824,1
339,1
550,1
1415,1
1486,1
1737,1
1863,1
2746,1
3388,1
3518,1
4404,1
122,6
193,6
213,6
316,6
671,6
715,6
771,6
788,6
814,6
913,6
1093,6
1100,6
1495,6
2032,6
2153,6
2253,6
2498,6
2673,6
2960,6
3272,6
3283,6
3293,6
3309,6
3846,6
4263,6
4430,6
4610,6
4770,6
4983,6
102,6
130,6
182,6
279,6
297,6
399,6
480,6
685,6
790,6
1014,6
1121,6
1494,6
1732,6
1841,6
1849,6
1915,6
1916,6
2026,6
2516,6
2588,6
2904,6
3061,6
3240,6
3479,6
3512,6
3877,6
3931,6
4001,6
4131,6
4156,6
4497,6
4579,6
4648,6
4696,6
4985,6
24,6
312,6
317,6
446,6
488,6
557,6
674,6
1070,6
1076,6
1604,6
1748,6
1799,6
2149,6
2191,6
2335,6
2851,6
2981,6
3757,6
4030,6
4110,6
4143,6
4395,6
4677,6
119,6
436,6
711,6
863,6
893,6
1234,6
1236,6
1535,6
1753,6
2995,6
3006,6
3034,6
3292,6
3317,6
3557,6
3761,6
4183,6
4804,6
20,6
88,6
415,6
431,6
509,6
902,6
945,6
1335,6
1341,6
1419,6
1438,6
1479,6
1691,6
1701,6
2133,6
2249,6
2269,6
2548,6
2633,6
2677,6
2684,6
2753,6
2822,6
3042,6
3321,6
3478,6
3902,6
3950,6
4017,6
4045,6
4682,6
4976,6
4979,6
512,6
1020,6
1318,6
1319,6
1334,6
2214,6
2231,6
2330,6
2354,6
3106,6
3360,6
3420,6
3601,6
3618,6
3772,6
3841,6
4336,6
4655,6
4657,6
4778,6
4839,6
4886,6
112,6
344,6
363,6
492,6
806,6
812,6
1175,6
1279,6
1320,6
1373,6
1422,6
1654,6
1759,6
1972,6
2087,6
2448,6
2549,6
2762,6
2763,6
3711,6
3842,6
4153,6
4458,6
4523,6
4769,6
1368,6
1416,6
1738,6
1858,6
2312,6
3003,6
3187,6
3443,6
3462,6
3530,6
3642,6
3779,6
3818,6
4111,6
4155,6
4482,6
11,6
31,6
74,6
290,6
818,6
1116,6
1957,6
2077,6
2134,6
2313,6
2604,6
2621,6
2989,6
3008,6
3505,6
3574,6
3759,6
3985,6
4062,6
4436,6
4561,6
4591,6
4955,6
30,6
158,6
396,6
600,6
696,6
1023,6
1107,6
1307,6
1718,6
1985,6
2012,6
2106,6
2185,6
2368,6
3116,6
3265,6
3587,6
3956,6
3962,6
4028,6
4068,6
4380,6
4429,6
4506,6
959,6
1199,6
1265,6
1685,6
1781,6
1933,6
2147,6
2315,6
2397,6
2559,6
2574,6
2886,6
2961,6
3058,6
3178,6
3715,6
3765,6
3822,6
4371,6
4822,6
4879,6
82,6
354,6
796,6
837,6
867,6
887,6
1101,6
1477,6
1557,6
1833,6
1895,6
1944,6
1998,6
2585,6
2718,6
3099,6
3402,6
3516,6
3556,6
4212,6
4641,6
25,6
52,6
282,6
708,6
808,6
885,6
1117,6
1652,6
1750,6
1763,6
1980,6
2044,6
2093,6
2524,6
2540,6
2617,6
2906,6
3105,6
3731,6
3821,6
4160,6
4294,6
4889,6
303,6
400,6
497,6
597,6
720,6
783,6
956,6
1098,6
1439,6
1488,6
1726,6
1862,6
1874,6
1931,6
2286,6
2334,6
2347,6
2711,6
3037,6
3329,6
3569,6
3628,6
3648,6
3763,6
3894,6
3948,6
4034,6
4162,6
4301,6
4675,6
4751,6
4774,6
4872,6
27,6
71,6
267,6
301,6
328,6
625,6
638,6
1410,6
1582,6
2010,6
2069,6
2159,6
2481,6
2630,6
3115,6
3590,6
3945,6
3975,6
4465,6
4557,6
4576,6
4723,6
34,7
67,7
176,7
245,7
324,7
370,7
471,7
484,7
514,7
520,7
578,7
951,7
966,7
1310,7
1643,7
1819,7
1994,7
2033,7
2071,7
2095,7
2189,7
2217,7
2245,7
2477,7
2707,7
2887,7
3067,7
3107,7
3112,7
3202,7
3330,7
3395,7
3543,7
3672,7
3693,7
3704,7
3849,7
3884,7
4079,7
4124,7
4134,7
4311,7
4339,7
4457,7
4597,7
96,7
142,7
144,7
157,7
631,7
651,7
729,7
1474,7
1476,7
1532,7
1568,7
1588,7
1615,7
1674,7
1885,7
1904,7
2019,7
2122,7
2180,7
2219,7
2322,7
2343,7
2346,7
2380,7
2627,7
2782,7
2862,7
2920,7
2947,7
2980,7
3140,7
3196,7
3212,7
3245,7
3257,7
3323,7
3371,7
3372,7
3418,7
3495,7
3579,7
3591,7
3598,7
3721,7
3812,7
3965,7
4044,7
4130,7
4138,7
4217,7
4251,7
4262,7
4349,7
4567,7
4615,7
4617,7
4755,7
185,7
1061,7
1089,7
1135,7
1285,7
1420,7
1513,7
1520,7
1542,7
1751,7
1818,7
1961,7
2051,7
2298,7
2355,7
2439,7
2510,7
2582,7
2618,7
2658,7
2916,7
2932,7
3053,7
3057,7
3098,7
3127,7
3197,7
3298,7
3305,7
3345,7
3458,7
3485,7
3562,7
3741,7
3804,7
4031,7
4188,7
4342,7
4703,7
4740,7
4974,7
164,7
240,7
326,7
442,7
481,7
602,7
886,7
942,7
972,7
1126,7
1195,7
1509,7
1548,7
1989,7
2070,7
2092,7
2212,7
2240,7
2305,7
2388,7
2446,7
2522,7
2597,7
2600,7
3089,7
3100,7
3192,7
3230,7
3367,7
3551,7
3607,7
3830,7
3840,7
3980,7
4169,7
4258,7
4273,7
4357,7
4449,7
4652,7
4674,7
4757,7
4870,7
4873,7
4922,7
4935,7
4996,7
77,7
114,7
129,7
175,7
314,7
455,7
567,7
587,7
591,7
642,7
686,7
753,7
756,7
831,7
876,7
891,7
997,7
999,7
1211,7
1245,7
1248,7
1317,7
1435,7
1577,7
1578,7
1589,7
1678,7
1700,7
1804,7
1821,7
1822,7
1838,7
1873,7
1964,7
2017,7
2036,7
2101,7
2109,7
2143,7
2196,7
2241,7
2264,7
2345,7
2348,7
2437,7
2486,7
2539,7
2542,7
2609,7
2888,7
2941,7
3066,7
3206,7
3216,7
3322,7
3384,7
3500,7
3638,7
3749,7
3827,7
3903,7
4016,7
4092,7
4096,7
4170,7
4229,7
4410,7
4473,7
4514,7
4611,7
4683,7
4851,7
4865,7
4917,7
4941,7
4,7
229,7
384,7
564,7
663,7
770,7
903,7
924,7
993,7
1240,7
1333,7
1382,7
1540,7
1665,7
2107,7
2139,7
2242,7
2247,7
2521,7
2595,7
2634,7
2713,7
2817,7
2967,7
3030,7
3050,7
3211,7
3441,7
3525,7
3571,7
3646,7
3732,7
3781,7
3817,7
4089,7
4210,7
4220,7
4227,7
4265,7
4326,7
4340,7
4551,7
4673,7
4678,7
4728,7
4773,7
4802,7
4864,7
4896,7
4973,7
4986,7
93,7
149,7
161,7
230,7
241,7
406,7
500,7
521,7
527,7
543,7
684,7
744,7
857,7
1118,7
1136,7
1139,7
1266,7
1283,7
1287,7
1309,7
1348,7
1417,7
1530,7
1603,7
1612,7
1659,7
1697,7
1872,7
1889,7
1966,7
2068,7
2179,7
2192,7
2288,7
2304,7
2363,7
2386,7
2422,7
2478,7
2523,7
2551,7
2587,7
2593,7
2659,7
2731,7
2821,7
2930,7
2988,7
3028,7
3047,7
3055,7
3070,7
3095,7
3117,7
3172,7
3191,7
3218,7
3229,7
3246,7
3247,7
3259,7
3438,7
3454,7
3497,7
3520,7
3585,7
3588,7
3649,7
3673,7
3684,7
3764,7
3788,7
3828,7
3887,7
4015,7
4090,7
4318,7
4387,7
4468,7
4530,7
4684,7
4711,7
255,7
284,7
347,7
428,7
460,7
464,7
862,7
970,7
1048,7
1164,7
1366,7
1505,7
1569,7
1614,7
1703,7
1877,7
2173,7
2265,7
2289,7
2362,7
2403,7
2417,7
2699,7
2708,7
2741,7
2785,7
3091,7
3093,7
3122,7
3142,7
3146,7
3189,7
3379,7
3421,7
3434,7
3471,7
3565,7
3594,7
3623,7
3678,7
3701,7
3745,7
3991,7
4081,7
4225,7
4636,7
4761,7
4787,7
4978,7
2,7
68,7
160,7
538,7
742,7
998,7
1039,7
1315,7
1326,7
1347,7
1421,7
1449,7
1901,7
2034,7
2141,7
2156,7
2381,7
2468,7
2517,7
2590,7
2601,7
2836,7
2969,7
2991,7
3026,7
3123,7
3219,7
3258,7
3658,7
3762,7
3854,7
3867,7
3886,7
3971,7
4424,7
4454,7
4469,7
4660,7
4668,7
4841,7
4932,7
4936,7
28,7
199,7
323,7
331,7
448,7
559,7
699,7
745,7
909,7
962,7
990,7
1083,7
1105,7
1137,7
1202,7
1349,7
1387,7
1424,7
1452,7
1628,7
1633,7
1765,7
1906,7
2002,7
2234,7
2256,7
2258,7
2320,7
2325,7
2359,7
2395,7
2423,7
2457,7
2547,7
2636,7
2679,7
2777,7
2868,7
2885,7
3009,7
3039,7
3063,7
3244,7
3297,7
3353,7
3581,7
3586,7
3666,7
3724,7
3736,7
3780,7
3966,7
4171,7
4226,7
4433,7
4505,7
4518,7
4563,7
4565,7
4625,7
4635,7
4876,7
12,7
40,7
87,7
271,7
373,7
655,7
749,7
919,7
1046,7
1227,7
1332,7
1696,7
1707,7
1855,7
1865,7
1984,7
2123,7
2414,7
2469,7
2541,7
2742,7
2747,7
2909,7
2928,7
3002,7
3048,7
3129,7
3282,7
3363,7
3391,7
3552,7
3714,7
3831,7
3920,7
4042,7
4048,7
4197,7
4236,7
4241,7
4431,7
4499,7
4554,7
4669,7
4700,7
4738,7
4834,7
4869,7
4987,7
19,7
22,7
51,7
54,7
156,7
233,7
256,7
311,7
325,7
409,7
413,7
585,7
613,7
679,7
739,7
779,7
822,7
866,7
912,7
980,7
1042,7
1090,7
1158,7
1159,7
1189,7
1233,7
1300,7
1455,7
1489,7
1932,7
1970,7
2035,7
2163,7
2193,7
2555,7
2687,7
2794,7
2878,7
2915,7
3198,7
3310,7
3337,7
3431,7
3482,7
3492,7
3529,7
3677,7
3698,7
3829,7
3908,7
3952,7
3990,7
4040,7
4085,7
4281,7
4286,7
4344,7
4421,7
4452,7
4790,7
4844,7
4928,7
125,7
475,7
519,7
607,7
701,7
735,7
773,7
794,7
805,7
898,7
1032,7
1045,7
1060,7
1075,7
1124,7
1167,7
1190,7
1261,7
1299,7
1354,7
1358,7
1361,7
1388,7
1462,7
1778,7
1837,7
1852,7
1975,7
2031,7
2063,7
2108,7
2162,7
2213,7
2350,7
2369,7
2792,7
2910,7
2914,7
2964,7
2997,7
3162,7
3175,7
3508,7
3546,7
3606,7
3689,7
3774,7
3807,7
3859,7
4010,7
4058,7
4086,7
4108,7
4181,7
4218,7
4256,7
4269,7
4312,7
4350,7
4386,7
4535,7
4637,7
4715,7
4764,7
4847,7
85,7
184,7
351,7
358,7
395,7
536,7
705,7
743,7
789,7
869,7
904,7
922,7
1088,7
1226,7
1298,7
1356,7
1385,7
1390,7
1409,7
1475,7
1519,7
1609,7
1686,7
1756,7
1770,7
1937,7
2076,7
2110,7
2514,7
2764,7
2951,7
2973,7
3081,7
3120,7
3263,7
3426,7
3464,7
4148,7
4167,7
4214,7
4268,7
4484,7
4644,7
4679,7
4707,7
4874,7
4890,7
4924,7
4962,7
167,7
283,7
595,7
608,7
610,7
618,7
636,7
732,7
750,7
844,7
846,7
934,7
965,7
971,7
1242,7
1481,7
1552,7
1583,7
1764,7
1800,7
2067,7
2267,7
2427,7
2488,7
2615,7
2690,7
2771,7
2799,7
2804,7
2812,7
2869,7
2898,7
2903,7
2931,7
3332,7
3468,7
3563,7
3705,7
3939,7
3946,7
4140,7
4164,7
4245,7
4334,7
4358,7
4885,7
4967,7
183,8
191,8
218,8
300,8
539,8
542,8
561,8
594,8
630,8
717,8
787,8
809,8
816,8
977,8
989,8
1141,8
1257,8
1450,8
1600,8
1626,8
1711,8
2145,8
2220,8
2222,8
2225,8
2276,8
2424,8
2440,8
2509,8
2606,8
2644,8
2853,8
2975,8
3046,8
3335,8
3517,8
3652,8
3790,8
3835,8
3878,8
4070,8
4186,8
4316,8
4419,8
4475,8
4816,8
4846,8
4914,8
3,8
10,8
41,8
355,8
449,8
551,8
725,8
838,8
943,8
978,8
1050,8
1110,8
1140,8
1182,8
1303,8
1328,8
1511,8
1608,8
1638,8
1680,8
1749,8
1796,8
1806,8
1827,8
1898,8
2150,8
2154,8
2292,8
2465,8
2578,8
2657,8
2702,8
2766,8
2844,8
3036,8
3498,8
3582,8
3651,8
3730,8
3758,8
3914,8
3953,8
4157,8
4200,8
4234,8
4302,8
4310,8
4581,8
4612,8
4833,8
4852,8
4903,8
4919,8
14,8
18,8
94,8
380,8
723,8
746,8
757,8
856,8
879,8
895,8
1037,8
1053,8
1186,8
1529,8
1595,8
1636,8
1870,8
1887,8
2435,8
2470,8
2497,8
2599,8
2808,8
2866,8
2897,8
3111,8
3134,8
3167,8
3179,8
3200,8
3284,8
3316,8
3547,8
3874,8
4019,8
4322,8
4498,8
4534,8
4782,8
4806,8
4829,8
4866,8
4951,8
4959,8
123,8
259,8
571,8
635,8
680,8
952,8
1043,8
1151,8
1321,8
1527,8
1624,8
2306,8
2508,8
2534,8
2715,8
2728,8
2892,8
3013,8
3019,8
3274,8
3291,8
3347,8
3393,8
3636,8
3911,8
3951,8
3967,8
4003,8
4078,8
4216,8
4466,8
4476,8
4672,8
4781,8
4913,8
36,8
141,8
148,8
163,8
242,8
322,8
458,8
489,8
522,8
540,8
598,8
703,8
733,8
760,8
834,8
865,8
907,8
939,8
995,8
1132,8
1205,8
1214,8
1235,8
1250,8
1338,8
1351,8
1371,8
1425,8
1440,8
1497,8
1724,8
1771,8
1900,8
1942,8
1969,8
2042,8
2205,8
2268,8
2373,8
2501,8
2566,8
2577,8
2591,8
2645,8
2647,8
2686,8
2824,8
2825,8
2830,8
2849,8
2870,8
2945,8
3023,8
3049,8
3068,8
3080,8
3341,8
3359,8
3491,8
3537,8
3578,8
3662,8
3796,8
3800,8
3809,8
3925,8
4144,8
4193,8
4198,8
4253,8
4275,8
4282,8
4332,8
4455,8
4464,8
4483,8
4559,8
4604,8
4638,8
4796,8
4817,8
4862,8
177,8
252,8
452,8
493,8
664,8
832,8
923,8
964,8
1138,8
1184,8
1274,8
1294,8
1460,8
1538,8
1566,8
1602,8
1669,8
1704,8
1754,8
1762,8
1773,8
2094,8
2576,8
2675,8
2680,8
2806,8
2962,8
3132,8
3627,8
3685,8
4284,8
4297,8
4562,8
4582,8
4754,8
4904,8
4981,8
56,8
260,8
376,8
474,8
556,8
581,8
781,8
799,8
860,8
861,8
894,8
916,8
1007,8
1163,8
1220,8
1225,8
1407,8
1576,8
1585,8
1684,8
1811,8
1935,8
2097,8
2102,8
2202,8
2251,8
2297,8
2301,8
2489,8
2561,8
2580,8
2672,8
2978,8
3060,8
3222,8
3327,8
3483,8
3515,8
3559,8
3621,8
3625,8
3681,8
3728,8
4023,8
4033,8
4158,8
4242,8
4295,8
4308,8
4504,8
4697,8
4756,8
4788,8
4930,8
26,8
44,8
53,8
81,8
203,8
227,8
247,8
262,8
503,8
690,8
736,8
1025,8
1029,8
1035,8
1108,8
1161,8
1277,8
1380,8
1389,8
1690,8
1824,8
1891,8
1902,8
1940,8
2260,8
2371,8
2444,8
2467,8
2691,8
2891,8
3082,8
3188,8
3194,8
3195,8
3220,8
3234,8
3357,8
3409,8
3456,8
3639,8
3686,8
3710,8
4005,8
4052,8
4159,8
4522,8
4539,8
4772,8
4929,8
137,8
257,8
275,8
287,8
296,8
353,8
654,8
721,8
762,8
833,8
976,8
1123,8
1281,8
1302,8
1398,8
1448,8
1501,8
1546,8
1564,8
1947,8
2058,8
2064,8
2332,8
2455,8
2519,8
3087,8
3407,8
3433,8
3631,8
3675,8
3770,8
4127,8
4271,8
4365,8
4596,8
4749,8
4815,8
15,8
62,8
209,8
310,8
379,8
513,8
617,8
633,8
650,8
946,8
1147,8
1232,8
1262,8
1327,8
1459,8
1534,8
1734,8
1746,8
1851,8
1854,8
1987,8
1995,8
2382,8
2700,8
2736,8
2754,8
2768,8
2859,8
2871,8
3032,8
3071,8
3145,8
3381,8
3521,8
3553,8
3633,8
3667,8
3696,8
3803,8
4072,8
4113,8
4360,8
4375,8
4435,8
4601,8
4620,8
4717,8
4747,8
4891,8
4921,8
4982,8
47,8
169,8
294,8
356,8
382,8
456,8
545,8
563,8
828,8
948,8
1064,8
1129,8
1155,8
1170,8
1191,8
1238,8
1249,8
1437,8
1740,8
1812,8
1815,8
1923,8
1978,8
2060,8
2129,8
2188,8
2257,8
2293,8
2333,8
2447,8
2648,8
2797,8
2880,8
2958,8
3231,8
3232,8
3278,8
3350,8
3398,8
3544,8
3620,8
3717,8
3891,8
3897,8
3929,8
3983,8
4121,8
4179,8
4213,8
4388,8
4572,8
4616,8
4645,8
4726,8
4994,8
64,8
92,8
108,8
147,8
200,8
226,8
315,8
349,8
495,8
766,8
914,8
969,8
1012,8
1179,8
1247,8
1531,8
1553,8
1570,8
1574,8
1645,8
1671,8
1694,8
1795,8
1842,8
1856,8
1946,8
2130,8
2235,8
2476,8
2545,8
2735,8
2971,8
3496,8
3519,8
3839,8
3893,8
3963,8
3982,8
4032,8
4279,8
4459,8
4521,8
4573,8
4608,8
4739,8
4743,8
4793,8
4828,8
4840,8
4882,8
4906,8
21,8
70,8
143,8
165,8
187,8
225,8
357,8
424,8
445,8
590,8
646,8
889,8
901,8
1528,8
1617,8
1640,8
1768,8
1817,8
1844,8
1953,8
1974,8
2039,8
2126,8
2626,8
2719,8
2838,8
2855,8
3031,8
3033,8
3038,8
3147,8
3158,8
3343,8
3503,8
3527,8
3692,8
3826,8
3834,8
3847,8
3882,8
3912,8
3944,8
4066,8
4154,8
4165,8
4471,8
4709,8
4732,8
4963,8
33,8
42,8
45,8
75,8
155,8
171,8
308,8
350,8
352,8
423,8
482,8
531,8
596,8
611,8
632,8
1102,8
1363,8
1492,8
1653,8
1719,8
1731,8
1741,8
1791,8
1913,8
2015,8
2040,8
2117,8
2151,8
2183,8
2263,8
2299,8
2493,8
2499,8
2800,8
3020,8
3035,8
3159,8
3435,8
3465,8
3470,8
3486,8
3566,8
3660,8
3734,8
3742,8
3750,8
3792,8
3876,8
3895,8
3928,8
3936,8
4029,8
4261,8
4264,8
4304,8
4327,8
4331,8
4383,8
4417,8
4438,8
4517,8
4526,8
4566,8
4618,8
4765,8
4814,8
4937,8
4988,8
190,8
402,8
466,8
479,8
496,8
575,8
777,8
1019,8
1111,8
1516,8
1554,8
1561,8
1650,8
1709,8
1792,8
1797,8
1840,8
1848,8
1907,8
2127,8
2357,8
2450,8
2463,8
2550,8
2557,8
2642,8
2911,8
2968,8
3086,8
3092,8
3227,8
3277,8
3380,8
3437,8
3622,8
3746,8
3748,8
3819,8
3947,8
4002,8
4037,8
4069,8
4173,8
4191,8
4209,8
4248,8
4309,8
4451,8
4777,8
4811,8
4927,8
4944,8
4984,8
89,4
107,4
127,4
333,4
410,4
486,4
583,4
622,4
936,4
1178,4
1551,4
1868,4
1892,4
1908,4
1924,4
1936,4
2158,4
2537,4
2816,4
2972,4
2976,4
3199,4
3333,4
3545,4
3555,4
4247,4
4564,4
4791,4
4853,4
4948,4
568,4
843,4
851,4
1157,4
1243,4
1444,4
1688,4
1689,4
1784,4
1825,4
1880,4
2223,4
2342,4
2506,4
2529,4
2628,4
2661,4
2744,4
2867,4
2918,4
3133,4
3184,4
3193,4
3214,4
3572,4
3576,4
3785,4
3814,4
3816,4
3888,4
4053,4
4180,4
4238,4
4306,4
4437,4
4495,4
4538,4
4594,4
4632,4
4634,4
4721,4
4956,4
46,4
306,4
627,4
628,4
694,4
949,4
994,4
1168,4
1591,4
1620,4
1783,4
2013,4
2339,4
2530,4
3114,4
3307,4
3362,4
3845,4
4115,4
4195,4
4651,4
4856,4
427,4
666,4
784,4
1036,4
1397,4
1618,4
1909,4
1911,4
1922,4
2029,4
2132,4
2611,4
2646,4
2663,4
3160,4
3252,4
3261,4
3494,4
3889,4
3904,4
4027,4
4277,4
4369,4
4934,4
151,4
232,4
457,4
515,4
601,4
624,4
691,4
807,4
858,4
981,4
1008,4
1028,4
1192,4
1228,4
1517,4
1558,4
1816,4
2142,4
2174,4
2291,4
2303,4
2430,4
2492,4
2502,4
2565,4
2623,4
2666,4
2818,4
2840,4
3255,4
3410,4
3459,4
3522,4
3624,4
3634,4
3718,4
3802,4
3808,4
4118,4
4520,4
4527,4
4720,4
4753,4
4799,4
4820,4
4835,4
215,4
272,4
374,4
377,4
718,4
825,4
853,4
960,4
1038,4
1272,4
1431,4
1630,4
1644,4
1776,4
1968,4
2393,4
2475,4
2515,4
2629,4
2696,4
2751,4
3204,4
3735,4
3905,4
4137,4
4488,4
4666,4
4686,4
4807,4
4808,4
4809,4
4908,4
195,4
207,4
254,4
687,4
714,4
795,4
840,4
1084,4
1086,4
1206,4
1478,4
1480,4
1496,4
1498,4
1526,4
1639,4
1648,4
1973,4
2164,4
2244,4
2383,4
2490,4
2495,4
2572,4
2685,4
2765,4
2922,4
2954,4
2957,4
3010,4
3108,4
3163,4
3281,4
3348,4
3560,4
3609,4
3707,4
4107,4
4122,4
4132,4
4133,4
4400,4
4496,4
4593,4
4653,4
4752,4
219,4
236,4
237,4
266,4
307,4
582,4
652,4
1049,4
1096,4
1173,4
1502,4
1575,4
1647,4
1752,4
2052,4
2079,4
2366,4
2512,4
3260,4
3382,4
3690,4
3865,4
4174,4
4314,4
4650,4
4953,4
139,4
555,4
786,4
1080,4
1394,4
1428,4
1482,4
1522,4
1623,4
1805,4
1971,4
2072,4
2099,4
2198,4
2411,4
2494,4
2710,4
2750,4
2805,4
2848,4
2877,4
2879,4
2895,4
3157,4
3236,4
3415,4
3534,4
3599,4
3733,4
3778,4
3988,4
4098,4
4201,4
4705,4
4746,4
4999,4
16,4
140,4
153,4
309,4
340,4
525,4
769,4
824,4
890,4
1062,4
1067,4
1069,4
1282,4
1392,4
1413,4
1463,4
1487,4
1641,4
1717,4
1725,4
1755,4
1876,4
1983,4
2197,4
2387,4
2482,4
2703,4
2752,4
2767,4
2913,4
2984,4
3007,4
3355,4
3528,4
3575,4
3794,4
3801,4
3873,4
4076,4
4207,4
4321,4
4571,4
4622,4
4630,4
4767,4
4831,4
4901,4
4975,4
55,4
231,4
299,4
468,4
747,4
920,4
944,4
1193,4
1316,4
1637,4
1670,4
1730,4
1903,4
1963,4
1965,4
2203,4
2344,4
2404,4
2436,4
2479,4
2527,4
2584,4
2605,4
2826,4
2854,4
2939,4
3021,4
3150,4
3217,4
3336,4
3377,4
3404,4
3412,4
3424,4
3451,4
3501,4
3703,4
3722,4
3766,4
3811,4
3856,4
3890,4
3892,4
3901,4
3932,4
3933,4
4097,4
4151,4
4490,4
4516,4
4560,4
4609,4
4621,4
4719,4
4742,4
4842,4
4883,4
211,4
265,4
470,4
560,4
931,4
1001,4
1095,4
1295,4
1593,4
1597,4
1695,4
1790,4
1883,4
1960,4
2024,4
2316,4
2409,4
2616,4
2695,4
2712,4
2776,4
2798,4
2876,4
2970,4
3078,4
3352,4
3401,4
3626,4
3706,4
4166,4
4176,4
4260,4
4363,4
4552,4
4692,4
4940,4
4942,4
4992,4
136,4
337,4
341,4
367,4
391,4
661,4
802,4
881,4
941,4
1112,4
1113,4
1342,4
1401,4
1468,4
1586,4
1927,4
2041,4
2089,4
2121,4
2285,4
2484,4
2520,4
2701,4
2990,4
3040,4
3170,4
3442,4
3771,4
3855,4
3899,4
3924,4
4054,4
4361,4
4545,4
4578,4
4599,4
4600,4
4689,4
4736,4
4892,4
4954,4
13,4
117,4
138,4
189,4
332,4
361,4
476,4
477,4
507,4
533,4
689,4
712,4
815,4
823,4
917,4
975,4
1208,4
1370,4
1453,4
1536,4
1662,4
1747,4
1788,4
1808,4
1826,4
1864,4
1954,4
2027,4
2125,4
2148,4
2353,4
2378,4
2433,4
2624,4
2635,4
2651,4
2882,4
3011,4
3015,4
3025,4
3370,4
3449,4
3514,4
3568,4
3647,4
3968,4
4407,4
4537,4
4587,4
4681,4
4970,4
388,4
392,4
1022,4
1033,4
1065,4
1134,4
1581,4
1677,4
1914,4
2066,4
2096,4
2136,4
2560,4
3045,4
3083,4
3226,4
3248,4
3596,4
3823,4
4291,4
4462,4
4477,4
4712,4
4741,4
4783,4
4789,4
4830,4
4969,4
4971,4
91,5
408,5
673,5
836,5
847,5
958,5
1002,5
1221,5
1278,5
1291,5
1301,5
1547,5
1598,5
1611,5
1920,5
2073,5
2226,5
2562,5
2843,5
3073,5
3241,5
3364,5
4129,5
4184,5
4627,5
124,5
577,5
676,5
801,5
829,5
870,5
874,5
1304,5
1491,5
1500,5
1616,5
1705,5
1894,5
2007,5
2082,5
2294,5
2426,5
2428,5
2456,5
2596,5
2637,5
2670,5
2779,5
2841,5
2858,5
3056,5
3137,5
3273,5
3276,5
3313,5
3361,5
3570,5
3584,5
3593,5
3597,5
3843,5
3848,5
4025,5
4073,5
4231,5
4289,5
4335,5
4384,5
4759,5
216,5
238,5
429,5
430,5
719,5
864,5
1016,5
1057,5
1426,5
1518,5
1594,5
1683,5
1990,5
2004,5
2061,5
2170,5
2171,5
2216,5
2300,5
2410,5
2418,5
2425,5
2649,5
2681,5
3059,5
3533,5
3970,5
3974,5
4083,5
4206,5
4394,5
4408,5
4543,5
4694,5
4909,5
95,5
196,5
375,5
593,5
740,5
1003,5
1031,5
1058,5
1066,5
1200,5
1268,5
1308,5
1375,5
1533,5
1584,5
1599,5
2259,5
2773,5
2927,5
3254,5
3567,5
3668,5
3810,5
3906,5
4104,5
4493,5
4647,5
4656,5
4827,5
4945,5
76,5
278,5
364,5
366,5
404,5
462,5
518,5
526,5
576,5
626,5
709,5
782,5
791,5
813,5
1021,5
1323,5
1344,5
1362,5
1367,5
1404,5
1446,5
1499,5
1632,5
1712,5
1716,5
1866,5
1943,5
2128,5
2146,5
2290,5
2503,5
2625,5
2726,5
2809,5
2845,5
2935,5
2993,5
2998,5
3000,5
3153,5
3539,5
3655,5
3656,5
3815,5
3853,5
3919,5
4022,5
4109,5
4276,5
4323,5
4376,5
4461,5
4730,5
4845,5
4907,5
111,5
113,5
251,5
291,5
397,5
724,5
751,5
765,5
1567,5
2232,5
2337,5
2372,5
2671,5
2894,5
2952,5
3368,5
3399,5
3615,5
3850,5
3955,5
4000,5
4177,5
4272,5
4379,5
4415,5
4592,5
4861,5
4958,5
60,5
201,5
467,5
485,5
502,5
700,5
798,5
892,5
955,5
1004,5
1122,5
1655,5
1941,5
2059,5
2295,5
2832,5
3029,5
3144,5
3526,5
3744,5
3869,5
3997,5
4063,5
4244,5
4313,5
4418,5
4460,5
4549,5
4640,5
4877,5
104,5
168,5
330,5
644,5
758,5
1024,5
1290,5
1483,5
1962,5
2053,5
2314,5
2716,5
2739,5
2921,5
3695,5
4080,5
4250,5
4390,5
4396,5
4671,5
59,5
174,5
264,5
504,5
692,5
693,5
707,5
855,5
921,5
1263,5
1621,5
2014,5
2184,5
2195,5
2237,5
2252,5
2398,5
2416,5
2795,5
2923,5
3044,5
3139,5
3288,5
3326,5
3392,5
3427,5
3432,5
3541,5
3603,5
3617,5
3712,5
3775,5
3870,5
3989,5
4006,5
4187,5
4492,5
4569,5
179,5
487,5
641,5
1000,5
1119,5
1293,5
1442,5
1490,5
1675,5
1698,5
1786,5
2021,5
2091,5
2717,5
2756,5
2815,5
2827,5
2847,5
2857,5
2889,5
3001,5
3004,5
3064,5
3921,5
3979,5
4606,5
4710,5
4792,5
4863,5
4997,5
9,5
162,5
764,5
899,5
1082,5
1106,5
1180,5
1218,5
1230,5
1271,5
1430,5
1469,5
1722,5
1893,5
1928,5
2168,5
2351,5
2674,5
2698,5
2725,5
2790,5
2907,5
2955,5
3472,5
3679,5
4014,5
4041,5
4175,5
4359,5
4422,5
4508,5
4541,5
4849,5
43,5
73,5
506,5
778,5
868,5
911,5
1011,5
1018,5
1185,5
1357,5
1359,5
1745,5
1831,5
1845,5
1979,5
2037,5
2273,5
2309,5
2326,5
2360,5
2441,5
2533,5
2546,5
3154,5
3177,5
3406,5
3600,5
3602,5
3738,5
3875,5
3995,5
4035,5
4199,5
4411,5
4467,5
4838,5
4871,5
99,5
154,5
253,5
276,5
505,5
657,5
1055,5
1145,5
1196,5
1264,5
1355,5
1405,5
1743,5
1782,5
1897,5
1921,5
2065,5
2239,5
2275,5
2307,5
2394,5
2420,5
2464,5
2592,5
2727,5
2793,5
2982,5
3012,5
3069,5
3190,5
3400,5
3524,5
3674,5
3739,5
3769,5
4004,5
4060,5
4341,5
4352,5
4428,5
4478,5
4507,5
4556,5
4639,5
4658,5
4897,5
166,5
584,5
730,5
880,5
1376,5
1601,5
1635,5
1651,5
1789,5
2243,5
2396,5
2451,5
2454,5
2865,5
2883,5
3119,5
3149,5
3151,5
3155,5
3169,5
3207,5
3614,5
3984,5
4112,5
4149,5
321,5
369,5
649,5
884,5
974,5
1071,5
1104,5
1549,5
2161,5
2166,5
2554,5
2706,5
2944,5
2959,5
3467,5
3777,5
3927,5
3972,5
4091,5
4222,5
4377,5
4519,5
4642,5
4729,5
4860,5
4989,5
