cluster,assignment,chrom,pos,id,ref,alt,label
1,1,1275,1275,1275,1275,1275,tree 54
1,3,2,2,2,2,2,tree 54
1,4,3,3,3,3,3,tree 54
1,5,1,1,1,1,1,tree 54
1,7,8,8,8,8,8,tree 54
1,8,1,1,1,1,1,tree 54
2,1,2,2,2,2,2,tree 54
2,2,23,23,23,23,23,tree 54
2,4,3,3,3,3,3,tree 54
2,5,58,58,58,58,58,tree 54
2,6,1,1,1,1,1,tree 54
3,1,26,26,26,26,26,tree 54
3,2,50,50,50,50,50,tree 54
3,3,795,795,795,795,795,tree 54
3,4,58,58,58,58,58,tree 54
3,5,2,2,2,2,2,tree 54
3,6,25,25,25,25,25,tree 54
3,7,3,3,3,3,3,tree 54
3,8,33,33,33,33,33,tree 54
4,4,104,104,104,104,104,tree 54
4,6,7,7,7,7,7,tree 54
5,5,198,198,198,198,198,tree 54
6,4,4,4,4,4,4,tree 54
6,6,263,263,263,263,263,tree 54
7,2,1,1,1,1,1,tree 54
7,7,113,113,113,113,113,tree 54
7,8,2,2,2,2,2,tree 54
8,2,2,2,2,2,2,tree 54
8,8,92,92,92,92,92,tree 54
