SNV3627,1
SNV3629,1
SNV3635,2
SNV3644,3
SNV3646,2
SNV3648,3
SNV3650,3
SNV3652,4
SNV3676,3
SNV3685,3
SNV3688,4
SNV3699,5
SNV3700,3
SNV3716,3
SNV3717,3
SNV3719,3
SNV3742,3
SNV3767,3
SNV3796,3
SNV3851,3
SNV3059,3
SNV3081,3
SNV3094,2
SNV3104,3
SNV3115,3
SNV3118,3
SNV3176,3
SNV3177,2
SNV3178,3
SNV3179,1
SNV3180,3
SNV3185,6
SNV3194,4
SNV3196,3
SNV3212,3
SNV3229,6
SNV3245,3
SNV3267,1
SNV3268,3
SNV3284,2
SNV3321,3
SNV3342,3
SNV3343,3
SNV3355,5
SNV3356,3
SNV3361,5
SNV3393,3
SNV3439,3
SNV3447,1
SNV3470,7
SNV3472,3
SNV3475,1
SNV3478,2
SNV3481,8
SNV3497,1
SNV3500,2
SNV3525,3
SNV3528,3
SNV3529,1
SNV3540,3
SNV3542,3
SNV3556,3
SNV3563,3
SNV3580,3
SNV3581,1
SNV3582,2
SNV3583,5
SNV3584,7
SNV3585,3
SNV3586,3
SNV3587,3
SNV3588,3
SNV3589,2
SNV3590,3
SNV3592,3
SNV3593,3
SNV3595,1
SNV3596,3
SNV3597,6
SNV3599,7
SNV3602,3
SNV3603,2
SNV3604,2
SNV3605,3
SNV3606,8
SNV3607,1
SNV3608,2
SNV3611,3
SNV3613,3
SNV3614,2
SNV3616,3
SNV3617,3
SNV3618,6
SNV3620,3
SNV3621,3
SNV3622,3
SNV3623,1
SNV3624,1
SNV3625,3
SNV3626,2
SNV3628,3
SNV3630,2
SNV3631,2
SNV3632,3
SNV3633,2
SNV3634,1
SNV3637,2
SNV3638,2
SNV3639,3
SNV3640,3
SNV3641,3
SNV3642,6
SNV3643,2
SNV3645,3
SNV3649,3
SNV3651,3
SNV3653,3
SNV3654,3
SNV3655,2
SNV3656,1
SNV3657,6
SNV3658,3
SNV3659,1
SNV3660,3
SNV3661,3
SNV3662,2
SNV3663,3
SNV3664,3
SNV3666,3
SNV3667,2
SNV3668,3
SNV3670,1
SNV3671,2
SNV3672,1
SNV3673,2
SNV3674,3
SNV3675,2
SNV3677,3
SNV3678,3
SNV3679,2
SNV3680,1
SNV3681,3
SNV3682,3
SNV3683,2
SNV3684,3
SNV3686,3
SNV3687,3
SNV3689,3
SNV3690,3
SNV3691,3
SNV3692,2
SNV3693,3
SNV3694,3
SNV3695,3
SNV3696,6
SNV3697,2
SNV3698,3
SNV3701,3
SNV3702,3
SNV3703,3
SNV3704,2
SNV3705,3
SNV3706,2
SNV3707,1
SNV3708,3
SNV3709,6
SNV3710,3
SNV3711,6
SNV3712,2
SNV3713,7
SNV3714,3
SNV3715,3
SNV3718,3
SNV3720,1
SNV3721,1
SNV3722,1
SNV3723,3
SNV3724,3
SNV3725,5
SNV3726,6
SNV3727,2
,1
SNV3728,2
SNV3729,7
SNV3730,3
SNV3731,3
SNV3732,1
SNV3733,1
SNV3734,2
SNV3735,3
SNV3736,4
,4
SNV3737,3
SNV3739,8
SNV3740,3
SNV3741,1
SNV3743,3
SNV3744,3
SNV3745,3
SNV3746,3
SNV3747,1
SNV3748,5
SNV3749,2
SNV3750,3
SNV3751,3
SNV3752,2
SNV3753,2
SNV3754,1
SNV3755,1
SNV3756,3
SNV3757,3
SNV3758,1
SNV3759,3
SNV3760,3
SNV3761,3
SNV3762,3
SNV3763,2
SNV3765,3
SNV3766,3
SNV3768,1
SNV3769,5
SNV3771,2
SNV3772,2
SNV3773,2
SNV3774,3
SNV3775,3
SNV3776,3
SNV3777,3
SNV3778,2
SNV3779,3
SNV3780,2
SNV3781,3
SNV3782,5
SNV3783,2
SNV3786,3
SNV3787,3
SNV3788,3
SNV3789,3
SNV3790,2
SNV3791,3
SNV3792,2
SNV3793,3
SNV3794,3
SNV3795,3
SNV3797,2
SNV3798,3
SNV3799,3
SNV3800,3
SNV3801,3
SNV3802,3
SNV3803,5
SNV3804,3
SNV3805,1
SNV3806,3
SNV3807,3
SNV3808,2
SNV3809,3
SNV3810,3
SNV3811,3
SNV3812,1
SNV3813,5
SNV3814,3
SNV3815,3
SNV3816,3
SNV3817,3
SNV3818,3
SNV3819,7
SNV3820,3
SNV3821,3
SNV3822,2
SNV3823,3
SNV3824,2
SNV3825,3
SNV3827,3
SNV3828,3
SNV3829,3
SNV3830,5
SNV3831,3
SNV3832,2
SNV3833,3
SNV3834,1
SNV3835,5
SNV3836,3
SNV3837,2
SNV3838,2
SNV3839,2
SNV3840,4
SNV3841,2
SNV3842,2
SNV3843,2
SNV3844,1
SNV3845,3
SNV3847,2
SNV3848,3
SNV3849,7
SNV3850,3
SNV3852,6
SNV3853,1
SNV3854,7
SNV3855,3
SNV3054,4
SNV3055,2
SNV3056,1
SNV3058,1
SNV3060,3
SNV3061,3
SNV3062,2
SNV3063,5
SNV3064,1
SNV3065,3
SNV3066,3
SNV3067,3
SNV3068,1
SNV3069,6
SNV3070,4
SNV3071,2
SNV3072,3
SNV3073,3
SNV3074,3
SNV3075,1
SNV3076,2
SNV3077,3
SNV3078,1
SNV3079,3
SNV3080,3
SNV3082,3
SNV3083,2
SNV3084,1
SNV3085,3
SNV3086,3
SNV3087,3
SNV3088,2
SNV3089,3
SNV3090,3
SNV3091,3
SNV3092,4
SNV3093,3
SNV3095,1
SNV3096,2
SNV3097,2
SNV3098,3
SNV3099,6
SNV3101,3
SNV3102,1
,1
SNV3103,2
SNV3105,3
SNV3106,3
SNV3107,3
SNV3108,2
SNV3109,3
SNV3110,3
SNV3111,3
SNV3112,5
SNV3113,3
SNV3114,1
SNV3116,1
SNV3117,3
SNV3119,1
SNV3120,1
,3
SNV3121,3
SNV3122,3
SNV3123,3
SNV3124,1
SNV3125,1
SNV3126,1
SNV3127,1
SNV3182,3
SNV3183,3
SNV3184,3
SNV3186,2
SNV3187,2
SNV3188,3
SNV3189,3
SNV3190,1
SNV3191,3
SNV3192,1
SNV3193,3
SNV3198,2
SNV3199,3
SNV3200,2
SNV3201,3
SNV3202,2
SNV3203,3
SNV3204,1
SNV3205,2
SNV3206,1
SNV3207,3
SNV3208,3
SNV3209,3
SNV3210,6
SNV3211,3
SNV3213,1
SNV3214,3
SNV3215,3
SNV3216,2
SNV3217,2
SNV3218,1
SNV3219,5
SNV3220,2
SNV3221,2
SNV3222,6
SNV3223,3
SNV3224,2
SNV3225,3
SNV3226,2
SNV3227,2
SNV3228,8
SNV3230,3
SNV3231,3
SNV3232,3
SNV3233,1
SNV3234,3
SNV3235,3
SNV3236,3
SNV3237,2
SNV3238,2
SNV3239,6
SNV3240,2
SNV3241,7
SNV3242,1
SNV3243,2
SNV3244,2
SNV3246,3
SNV3247,3
SNV3248,8
SNV3249,3
,1
SNV3250,5
SNV3251,1
,3
SNV3252,3
SNV3253,3
SNV3254,3
SNV3255,3
SNV3256,5
SNV3257,2
SNV3258,3
SNV3259,1
SNV3260,3
SNV3261,1
SNV3262,3
SNV3263,1
SNV3264,2
SNV3265,2
SNV3266,2
SNV3269,5
SNV3270,6
SNV3271,5
SNV3272,3
SNV3273,1
SNV3274,3
SNV3275,3
SNV3276,3
SNV3277,2
SNV3278,3
SNV3279,3
SNV3280,1
SNV3281,3
SNV3282,3
SNV3283,3
SNV3285,1
SNV3286,2
SNV3287,1
SNV3288,3
SNV3289,3
SNV3290,3
SNV3291,6
SNV3292,2
SNV3293,3
SNV3294,3
SNV3295,1
SNV3296,2
SNV3297,6
SNV3298,2
SNV3299,3
SNV3300,1
SNV3301,1
SNV3302,1
SNV3303,3
SNV3304,3
SNV3305,1
SNV3306,3
SNV3307,4
SNV3308,2
SNV3309,2
SNV3310,6
SNV3311,3
SNV3312,1
SNV3313,2
SNV3314,3
SNV3315,2
SNV3316,2
SNV3317,1
SNV3318,2
SNV3319,8
SNV3320,1
SNV3322,1
SNV3323,3
SNV3324,7
SNV3325,1
SNV3326,2
SNV3327,7
SNV3328,1
SNV3329,3
SNV3330,2
SNV3331,3
SNV3332,7
SNV3333,2
SNV3334,2
SNV3335,8
SNV3336,1
SNV3337,3
SNV3338,3
SNV3339,2
SNV3340,3
SNV3341,3
SNV3344,2
SNV3345,3
SNV3346,3
SNV3347,3
SNV3348,7
SNV3349,3
SNV3350,3
SNV3351,3
SNV3352,2
,1
,1
,1
SNV3353,1
SNV3354,2
SNV3357,2
SNV3358,3
SNV3359,1
SNV3360,1
SNV3362,2
SNV3363,3
SNV3364,3
SNV3365,3
SNV3366,3
SNV3367,1
SNV3368,1
SNV3369,4
SNV3370,2
SNV3371,2
SNV3372,3
SNV3373,2
SNV3374,1
SNV3375,3
SNV3376,3
SNV3377,2
SNV3378,3
SNV3379,3
SNV3380,1
SNV3381,3
SNV3382,2
SNV3383,6
SNV3384,3
SNV3385,1
SNV3387,2
SNV3388,1
SNV3389,2
SNV3390,3
SNV3391,2
SNV3392,3
SNV3394,2
SNV3395,2
SNV3396,3
SNV3397,3
SNV3398,3
SNV3399,3
SNV3401,3
SNV3402,3
SNV3403,4
SNV3404,3
SNV3405,2
SNV3406,3
SNV3407,2
SNV3408,2
SNV3409,3
SNV3410,3
SNV3411,3
SNV3412,3
SNV3413,3
SNV3415,1
SNV3416,2
SNV3417,3
SNV3418,3
SNV3419,3
SNV3420,3
SNV3421,1
SNV3422,3
SNV3423,3
SNV3424,1
SNV3425,2
SNV3426,3
SNV3427,1
SNV3428,2
SNV3429,5
SNV3430,3
SNV3431,3
SNV3432,3
SNV3433,2
SNV3434,2
SNV3435,5
SNV3436,3
SNV3437,4
SNV3438,3
SNV3440,5
SNV3441,3
SNV3442,2
SNV3443,2
SNV3444,3
,3
,2
SNV3445,1
SNV3446,2
SNV3449,3
SNV3450,8
SNV3451,7
SNV3452,1
SNV3453,4
SNV3454,3
SNV3455,3
SNV3456,3
SNV3457,3
SNV3458,3
SNV3460,3
SNV3461,3
SNV3462,3
SNV3463,2
SNV3464,3
SNV3465,3
SNV3466,3
SNV3467,3
SNV3468,3
SNV3469,1
SNV3471,3
SNV3473,2
SNV3474,1
SNV3476,3
SNV3477,1
SNV3479,3
SNV3480,3
SNV3482,3
SNV3483,7
SNV3484,6
SNV3485,3
SNV3486,3
SNV3487,3
SNV3488,3
SNV3489,2
SNV3490,2
SNV3491,3
SNV3492,3
SNV3493,3
SNV3494,1
SNV3495,1
SNV3496,4
,8
SNV3498,3
SNV3499,3
SNV3501,3
SNV3502,2
SNV3503,7
SNV3504,2
SNV3505,7
SNV3507,3
SNV3508,2
SNV3509,3
SNV3510,3
SNV3511,3
SNV3512,3
SNV3513,3
SNV3514,3
SNV3516,1
SNV3517,2
SNV3518,3
SNV3519,3
SNV3520,3
,1
SNV3521,3
SNV3522,6
SNV3523,1
SNV3524,2
SNV3526,3
SNV3527,3
SNV3530,3
SNV3531,3
SNV3532,3
SNV3533,1
SNV3534,6
SNV3535,3
SNV3536,3
SNV3537,1
SNV3538,3
SNV3539,1
SNV3541,1
SNV3543,3
SNV3544,6
SNV3545,1
SNV3546,3
,3
SNV3547,2
SNV3548,3
SNV3549,2
SNV3550,1
SNV3551,1
SNV3552,6
SNV3553,3
SNV3554,1
SNV3555,3
SNV3557,1
SNV3558,3
SNV3559,3
SNV3560,3
SNV3561,3
SNV3562,3
SNV3564,6
SNV3565,1
SNV3566,3
SNV3567,3
SNV3568,2
SNV3569,1
SNV3570,4
SNV3571,1
SNV3572,3
SNV3573,1
SNV3574,1
SNV3575,1
SNV3576,1
SNV3577,1
SNV3578,3
SNV3579,6
SNV4814,3
SNV4969,2
SNV4984,3
SNV5010,3
SNV5011,3
SNV5013,3
SNV5014,3
SNV5016,3
SNV5033,3
SNV5036,1
SNV5044,2
SNV5057,3
,1
SNV5069,2
SNV5098,2
SNV5106,3
SNV5107,3
SNV5128,3
SNV5133,6
SNV5159,2
SNV5163,2
SNV5168,3
SNV5171,1
SNV5185,1
SNV5192,2
SNV5193,4
SNV5210,3
SNV5222,1
SNV5224,3
SNV4356,3
SNV4360,3
SNV4414,2
SNV4443,3
SNV4465,2
SNV4481,3
SNV4488,3
SNV4527,7
SNV4539,3
SNV4544,6
SNV4556,3
SNV4564,3
SNV4565,3
SNV4583,1
SNV4587,4
SNV4678,3
SNV4683,3
SNV4687,3
SNV4693,3
SNV4702,2
SNV4712,5
SNV4722,3
SNV4734,3
SNV4735,3
SNV4772,3
SNV4777,1
SNV4779,2
SNV4812,1
SNV4813,3
SNV4850,6
SNV4852,3
SNV4854,3
SNV4866,8
SNV4890,3
SNV4896,3
SNV4913,3
SNV4948,7
SNV4950,3
SNV4960,3
SNV4967,3
SNV4968,1
SNV4970,3
SNV4971,3
SNV4972,2
SNV4973,3
SNV4974,3
SNV4975,2
SNV4976,6
SNV4977,3
SNV4978,8
SNV4979,3
SNV4980,3
SNV4981,3
SNV4982,3
SNV4983,3
SNV4985,3
SNV4986,3
SNV4987,3
SNV4988,2
SNV4989,3
SNV4990,4
SNV4991,3
SNV4992,5
SNV4993,1
SNV4994,3
SNV4995,3
SNV4996,3
SNV4997,2
SNV4998,3
SNV4999,3
SNV5000,4
SNV5001,3
SNV5002,3
SNV5003,3
SNV5004,1
SNV5006,1
SNV5007,3
SNV5008,3
SNV5009,3
SNV5012,3
SNV5015,3
SNV5017,6
SNV5018,3
SNV5019,1
SNV5020,3
SNV5021,3
SNV5023,3
SNV5024,1
SNV5025,3
SNV5026,3
SNV5027,3
SNV5028,3
SNV5029,1
SNV5030,3
SNV5031,2
SNV5032,3
SNV5034,3
SNV5035,2
SNV5037,3
SNV5038,3
SNV5039,4
SNV5040,3
SNV5041,3
SNV5042,3
SNV5043,3
SNV5045,1
SNV5046,3
SNV5047,3
SNV5048,3
SNV5049,3
SNV5050,3
SNV5051,3
SNV5052,2
SNV5053,3
SNV5054,3
SNV5055,1
SNV5056,3
SNV5058,4
SNV5059,3
SNV5060,3
SNV5061,1
SNV5062,3
SNV5063,5
SNV5064,3
SNV5065,3
SNV5066,3
SNV5067,3
SNV5068,7
SNV5070,3
SNV5071,5
SNV5073,6
SNV5074,3
SNV5075,3
SNV5076,3
SNV5077,6
SNV5078,3
SNV5079,4
SNV5080,1
SNV5081,2
SNV5082,3
SNV5083,2
SNV5084,6
SNV5085,3
SNV5086,4
SNV5087,3
SNV5088,7
SNV5089,2
SNV5090,3
SNV5091,1
SNV5092,8
SNV5093,3
SNV5094,3
SNV5095,2
SNV5096,3
SNV5097,3
SNV5099,3
SNV5100,5
SNV5101,3
SNV5102,2
SNV5103,6
SNV5104,3
SNV5105,1
SNV5108,3
SNV5109,3
SNV5110,2
SNV5111,3
SNV5112,6
SNV5113,5
SNV5114,2
SNV5115,3
SNV5116,5
SNV5117,8
SNV5118,3
SNV5119,3
SNV5120,1
SNV5121,6
SNV5123,5
SNV5124,3
SNV5125,1
SNV5126,3
SNV5127,7
SNV5129,3
SNV5130,3
SNV5131,3
SNV5132,3
SNV5134,1
SNV5135,3
SNV5136,1
SNV5137,6
SNV5138,3
SNV5139,2
SNV5140,3
SNV5141,3
SNV5142,3
SNV5143,6
SNV5144,5
SNV5145,5
SNV5146,3
,1
SNV5147,3
SNV5148,2
SNV5149,3
SNV5150,3
SNV5151,1
SNV5152,5
SNV5153,5
SNV5154,1
SNV5155,3
SNV5156,2
SNV5157,1
SNV5158,3
SNV5160,2
SNV5161,2
SNV5162,3
SNV5164,3
SNV5165,2
SNV5166,1
SNV5167,3
SNV5169,3
SNV5170,3
SNV5172,3
SNV5173,1
SNV5174,2
SNV5175,3
SNV5176,1
SNV5177,1
SNV5178,3
SNV5179,2
SNV5180,1
SNV5181,2
SNV5182,2
SNV5183,1
SNV5184,8
SNV5231,3
SNV5232,3
SNV5233,8
SNV5234,3
SNV5235,3
SNV5236,5
SNV5237,3
SNV4354,1
SNV4355,3
SNV4357,2
SNV4358,2
SNV4359,7
SNV4361,2
SNV4362,3
SNV4363,8
SNV4364,2
SNV4365,3
SNV4366,8
SNV4367,2
SNV4368,3
SNV4369,3
SNV4370,6
SNV4371,6
SNV4372,1
SNV4373,3
SNV4374,8
SNV4375,3
SNV4376,3
SNV4377,1
SNV4378,3
SNV4379,2
SNV4380,2
SNV4381,7
SNV4382,7
SNV4383,7
SNV4384,8
SNV4385,3
SNV4386,3
SNV4387,6
SNV4389,3
SNV4390,3
SNV4391,7
SNV4392,7
SNV4393,7
SNV4394,2
SNV4395,6
SNV4396,7
SNV4397,3
SNV4398,1
SNV4399,3
SNV4400,5
SNV4401,2
SNV4402,1
SNV4403,3
SNV4404,3
SNV4405,3
SNV4406,2
SNV4407,3
SNV4408,1
SNV4409,1
SNV4410,1
SNV4411,2
SNV4412,2
SNV4413,1
SNV4415,5
SNV4416,3
SNV4417,3
SNV4418,2
SNV4419,3
SNV4420,2
SNV4421,3
SNV4422,3
SNV4423,3
SNV4424,2
SNV4425,7
SNV4426,3
SNV4427,8
SNV4428,2
SNV4429,8
SNV4430,5
SNV4431,2
SNV4432,1
SNV4433,2
SNV4434,2
SNV4435,1
SNV4436,2
SNV4437,5
SNV4438,2
SNV4439,2
SNV4440,1
SNV4441,1
SNV4442,1
SNV4444,3
SNV4445,2
SNV4446,6
SNV4447,7
SNV4448,1
SNV4449,3
SNV4450,8
SNV4451,1
SNV4452,3
SNV4453,3
SNV4454,6
SNV4455,2
SNV4456,1
SNV4457,3
SNV4458,1
SNV4459,3
SNV4460,5
SNV4461,2
SNV4462,5
SNV4463,6
SNV4464,3
SNV4466,2
SNV4467,3
SNV4468,3
SNV4469,2
SNV4470,2
SNV4471,1
SNV4472,3
SNV4473,3
SNV4474,3
SNV4475,3
SNV4476,3
SNV4477,2
SNV4478,3
SNV4479,3
SNV4480,1
SNV4482,3
SNV4483,2
SNV4484,3
SNV4485,3
SNV4486,3
SNV4487,2
SNV4489,3
SNV4490,3
SNV4491,1
SNV4492,2
SNV4493,5
SNV4494,2
SNV4495,3
SNV4496,3
SNV4497,8
SNV4498,3
SNV4499,6
SNV4500,3
SNV4501,1
SNV4502,1
SNV4503,3
SNV4504,3
SNV4505,1
SNV4506,1
SNV4507,1
SNV4508,1
SNV4509,3
SNV4510,3
SNV4511,2
SNV4512,1
SNV4513,6
SNV4514,4
SNV4515,1
SNV4516,2
SNV4517,1
SNV4518,2
SNV4519,6
SNV4520,3
SNV4521,1
SNV4522,3
SNV4523,2
SNV4524,3
SNV4525,3
SNV4526,2
SNV4528,3
SNV4529,1
SNV4530,6
SNV4531,2
SNV4532,6
SNV4533,3
SNV4534,2
SNV4535,2
SNV4536,3
SNV4537,3
SNV4538,3
SNV4540,3
SNV4541,3
SNV4542,2
SNV4543,6
SNV4545,3
SNV4546,2
SNV4547,3
SNV4548,2
SNV4549,3
SNV4550,3
SNV4551,3
SNV4552,3
SNV4553,2
SNV4554,3
SNV4555,1
SNV4557,3
SNV4558,3
SNV4559,1
SNV4560,3
SNV4561,2
SNV4562,3
SNV4563,3
SNV4566,3
SNV4567,2
SNV4568,2
SNV4569,2
SNV4570,3
SNV4572,2
SNV4573,3
SNV4574,8
SNV4575,3
SNV4576,3
SNV4577,5
SNV4578,5
SNV4579,1
SNV4580,3
SNV4581,3
SNV4582,1
SNV4584,5
SNV4585,1
SNV4586,3
SNV4588,1
SNV4589,2
SNV4590,2
SNV4591,1
SNV4592,3
SNV4593,1
SNV4594,3
SNV4595,3
SNV4596,6
SNV4597,2
SNV4598,3
SNV4599,3
SNV4600,3
SNV4601,3
SNV4602,7
SNV4603,3
SNV4604,1
SNV4605,2
SNV4606,2
SNV4607,3
SNV4608,3
SNV4609,3
SNV4610,3
SNV4611,2
SNV4612,3
SNV4613,2
SNV4614,1
SNV4615,3
SNV4616,7
SNV4617,1
SNV4618,3
SNV4619,2
SNV4620,3
SNV4621,3
SNV4622,2
SNV4623,2
SNV4624,2
SNV4625,3
SNV4626,2
SNV4627,2
SNV4628,2
SNV4629,7
SNV4630,3
SNV4631,3
SNV4632,5
SNV4633,3
SNV4634,3
SNV4635,3
SNV4636,5
SNV4637,3
SNV4638,6
SNV4639,2
SNV4640,1
SNV4641,7
SNV4642,1
SNV4643,2
SNV4644,3
SNV4645,3
SNV4646,3
SNV4647,3
SNV4648,2
SNV4649,3
SNV4650,7
SNV4651,3
SNV4652,2
SNV4653,2
SNV4654,2
SNV4655,6
SNV4656,1
SNV4657,5
SNV4658,1
SNV4659,1
SNV4660,3
SNV4661,3
,1
SNV4662,2
SNV4663,3
SNV4664,3
SNV4665,1
SNV4666,1
SNV4667,6
SNV4668,3
SNV4669,3
SNV4670,3
SNV4671,3
SNV4672,2
SNV4673,1
SNV4674,6
SNV4675,3
SNV4676,3
SNV4677,1
SNV4679,3
SNV4680,5
SNV4681,3
SNV4682,3
SNV4684,3
SNV4685,6
SNV4686,3
SNV4688,3
SNV4689,2
SNV4690,1
SNV4691,3
SNV4692,3
SNV4694,1
SNV4695,3
SNV4696,2
SNV4697,2
SNV4698,2
SNV4699,3
SNV4700,8
SNV4701,8
SNV4703,2
SNV4704,3
SNV4705,3
SNV4706,8
SNV4707,3
SNV4708,3
SNV4709,2
SNV4710,2
SNV4711,3
SNV4713,6
SNV4714,3
SNV4715,3
SNV4716,3
SNV4717,2
SNV4718,3
SNV4719,4
SNV4720,3
SNV4721,3
SNV4723,3
SNV4724,2
SNV4725,2
SNV4726,1
SNV4727,3
SNV4728,2
SNV4729,3
SNV4730,3
SNV4731,3
SNV4732,3
SNV4733,4
SNV4736,2
SNV4737,2
SNV4738,2
SNV4739,8
SNV4740,3
SNV4741,3
SNV4742,3
SNV4743,8
SNV4744,3
SNV4745,3
SNV4746,2
SNV4747,2
SNV4748,3
SNV4749,2
SNV4750,3
SNV4751,3
SNV4752,2
SNV4753,3
SNV4754,3
SNV4755,2
SNV4756,3
SNV4757,3
SNV4758,2
SNV4759,3
SNV4760,3
SNV4761,2
SNV4762,8
SNV4763,3
SNV4764,2
SNV4765,3
SNV4766,2
SNV4767,7
SNV4768,5
SNV4769,2
SNV4770,2
SNV4771,2
SNV4773,3
SNV4774,3
SNV4775,3
SNV4776,3
SNV4778,2
SNV4780,2
SNV4781,3
SNV4782,8
SNV4783,3
SNV4784,1
SNV4785,1
SNV4786,1
SNV4787,3
SNV4788,3
SNV4789,1
SNV4790,1
SNV4791,1
SNV4792,1
SNV4801,1
SNV4802,3
SNV4803,3
SNV4804,2
SNV4805,2
SNV4806,3
SNV4807,2
SNV4808,6
SNV4809,1
SNV4810,3
SNV4811,3
SNV4815,3
SNV4816,3
SNV4817,2
SNV4818,2
SNV4819,5
SNV4820,3
SNV4821,3
SNV4822,3
SNV4823,3
SNV4824,3
SNV4825,3
SNV4826,2
SNV4827,7
SNV4828,6
SNV4829,3
SNV4830,2
SNV4831,3
SNV4832,8
SNV4833,3
SNV4834,2
SNV4835,8
SNV4836,3
SNV4837,2
SNV4838,3
SNV4839,1
SNV4840,2
SNV4841,1
SNV4842,3
SNV4843,3
SNV4844,1
SNV4845,2
SNV4846,3
SNV4847,3
SNV4848,2
SNV4849,3
SNV4851,3
SNV4853,2
SNV4855,8
SNV4856,3
SNV4857,1
SNV4858,3
SNV4859,2
SNV4860,3
SNV4861,2
SNV4862,3
SNV4863,2
SNV4864,2
SNV4865,3
SNV4867,3
SNV4868,6
SNV4869,3
SNV4870,6
SNV4871,1
SNV4872,3
SNV4873,3
SNV4874,3
SNV4875,2
SNV4876,2
SNV4877,3
SNV4878,4
SNV4879,3
SNV4880,3
SNV4881,1
SNV4882,3
SNV4883,3
SNV4884,1
SNV4885,3
SNV4886,3
SNV4887,2
,1
,1
SNV4888,2
SNV4889,1
SNV4891,8
SNV4892,1
SNV4893,2
SNV4894,3
SNV4895,2
SNV4897,3
SNV4898,1
SNV4899,3
SNV4900,8
SNV4901,2
SNV4902,1
SNV4903,2
SNV4904,1
SNV4905,6
SNV4906,3
SNV4907,3
SNV4908,3
SNV4909,3
SNV4910,2
SNV4911,2
SNV4912,3
SNV4914,3
SNV4915,3
SNV4916,3
SNV4917,3
SNV4918,2
SNV4919,6
SNV4920,2
SNV4921,2
SNV4922,1
SNV4923,8
SNV4924,3
SNV4925,3
SNV4926,1
SNV4927,3
SNV4928,2
SNV4929,2
SNV4930,2
SNV4931,1
SNV4932,1
SNV4933,6
SNV4934,3
SNV4935,3
,1
SNV4936,3
SNV4937,3
SNV4938,3
SNV4939,3
SNV4940,2
SNV4941,1
SNV4942,7
SNV4943,3
SNV4944,3
SNV4945,2
SNV4946,2
SNV4947,6
SNV4949,2
SNV4951,3
SNV4952,3
SNV4953,3
SNV4954,3
SNV4955,2
SNV4956,3
SNV5829,2
SNV5571,3
SNV5590,3
SNV5635,3
SNV5680,3
SNV5688,1
SNV5691,3
SNV5722,3
SNV5726,1
SNV5745,3
SNV5277,3
SNV5297,1
SNV5344,6
SNV5404,6
SNV5578,3
SNV5582,3
SNV5596,3
SNV5598,1
SNV5600,2
SNV5613,3
SNV5623,1
SNV5624,4
SNV5639,3
SNV5651,3
SNV5654,1
SNV5665,3
SNV5673,3
SNV5674,3
SNV5699,1
SNV5702,6
SNV5709,4
SNV5711,3
SNV5714,1
SNV5725,3
SNV5748,1
SNV5764,3
SNV5782,3
SNV5794,6
SNV5795,2
SNV5798,5
SNV5820,3
SNV5253,2
SNV5282,3
SNV5296,3
SNV5315,3
SNV5322,3
SNV5328,1
SNV5329,2
SNV5332,3
SNV5335,2
SNV5356,3
SNV5361,8
SNV5363,3
SNV5367,3
SNV5372,2
SNV5387,3
SNV5418,3
SNV5438,3
SNV5449,3
SNV5475,3
SNV5484,6
SNV5495,3
SNV5513,3
SNV5521,3
SNV5548,6
SNV5562,3
SNV5563,6
SNV5564,5
SNV5565,3
SNV5566,3
SNV5567,2
SNV5568,3
SNV5569,3
SNV5570,7
SNV5572,3
SNV5573,1
SNV5574,3
SNV5575,3
SNV5576,3
SNV5577,3
SNV5579,3
SNV5580,2
SNV5581,8
SNV5583,2
SNV5584,3
SNV5585,3
SNV5586,1
SNV5587,2
SNV5588,3
SNV5589,3
SNV5591,1
SNV5592,3
SNV5593,3
SNV5594,3
SNV5595,2
SNV5597,2
SNV5599,3
SNV5601,1
SNV5602,3
SNV5603,1
SNV5604,3
SNV5605,3
SNV5606,3
SNV5607,5
SNV5608,2
SNV5609,1
SNV5610,3
SNV5611,3
SNV5612,8
SNV5614,2
SNV5615,2
SNV5616,2
SNV5617,1
SNV5618,3
SNV5619,3
SNV5620,3
SNV5621,3
SNV5622,8
SNV5625,1
SNV5626,6
SNV5627,7
SNV5628,3
SNV5629,2
SNV5630,7
SNV5631,3
SNV5632,1
SNV5633,2
SNV5634,3
SNV5636,3
SNV5637,6
SNV5638,2
SNV5640,3
SNV5641,6
SNV5642,3
SNV5643,3
SNV5644,2
SNV5645,5
SNV5646,8
SNV5647,6
SNV5648,3
SNV5649,2
SNV5650,2
SNV5677,3
SNV5678,7
SNV5679,3
SNV5681,3
SNV5682,3
SNV5683,3
SNV5684,3
SNV5685,3
SNV5686,2
SNV5687,3
SNV5689,3
SNV5690,1
,1
SNV5692,3
SNV5693,3
SNV5694,2
SNV5695,3
SNV5696,3
SNV5697,1
SNV5698,3
SNV5700,3
SNV5701,3
SNV5703,3
SNV5704,3
SNV5705,1
SNV5706,3
SNV5707,3
SNV5708,3
SNV5710,1
SNV5712,2
SNV5713,3
SNV5715,2
SNV5716,2
SNV5717,3
SNV5718,3
SNV5719,2
SNV5720,1
SNV5721,3
SNV5723,3
SNV5724,3
SNV5727,2
SNV5728,1
,1
SNV5729,3
SNV5730,2
SNV5732,1
SNV5735,3
SNV5736,3
SNV5737,1
SNV5738,1
SNV5739,2
SNV5740,3
SNV5741,3
SNV5742,3
SNV5743,2
SNV5744,3
SNV5746,3
SNV5747,2
SNV5749,2
,1
SNV5750,3
SNV5751,3
SNV5752,3
SNV5753,3
SNV5754,3
SNV5755,1
SNV5756,3
SNV5757,3
SNV5758,1
SNV5759,3
SNV5760,1
SNV5761,2
SNV5762,3
SNV5763,3
SNV5765,2
SNV5766,3
SNV5767,5
SNV5768,3
SNV5769,1
SNV5770,1
SNV5771,3
SNV5772,3
SNV5773,3
SNV5774,2
SNV5775,2
SNV5776,1
SNV5777,3
SNV5778,3
SNV5779,3
SNV5780,1
SNV5781,1
SNV5783,3
SNV5784,2
SNV5785,3
SNV5786,3
SNV5787,3
SNV5788,2
SNV5789,3
SNV5790,2
SNV5791,2
SNV5792,4
SNV5793,3
SNV5796,1
SNV5797,1
SNV5799,4
SNV5800,2
SNV5801,1
SNV5802,1
SNV5803,6
SNV5804,3
SNV5805,3
SNV5806,3
SNV5807,3
SNV5808,1
SNV5809,1
SNV5811,3
,3
SNV5812,3
SNV5813,1
,1
,1
SNV5816,3
SNV5817,3
,3
,3
SNV5818,1
SNV5819,3
SNV5821,3
SNV5822,1
SNV5823,3
SNV5824,3
SNV5825,2
SNV5826,1
SNV5827,1
SNV5828,1
SNV5830,3
SNV5831,6
SNV5832,3
SNV5833,1
SNV5834,1
SNV5835,3
SNV5238,3
SNV5239,3
SNV5240,3
SNV5241,3
SNV5242,3
SNV5243,2
SNV5244,3
SNV5245,3
SNV5246,3
SNV5247,3
SNV5248,3
SNV5249,1
SNV5250,2
SNV5251,3
SNV5252,3
SNV5254,3
SNV5255,2
SNV5256,1
SNV5257,2
SNV5258,3
SNV5259,1
SNV5260,2
SNV5261,2
SNV5262,2
SNV5263,2
SNV5264,3
SNV5265,2
SNV5266,1
SNV5267,2
SNV5268,2
SNV5269,3
SNV5270,3
SNV5271,1
SNV5272,1
SNV5273,3
SNV5274,3
SNV5275,3
SNV5276,1
SNV5278,3
SNV5279,3
SNV5280,3
SNV5281,3
SNV5283,3
SNV5284,1
SNV5285,3
SNV5286,2
SNV5287,3
SNV5288,3
SNV5289,3
SNV5290,3
SNV5291,3
SNV5292,3
SNV5293,5
SNV5294,1
SNV5295,3
SNV5298,2
SNV5299,8
SNV5300,1
SNV5301,3
SNV5302,3
SNV5303,6
SNV5304,2
,3
SNV5305,2
SNV5306,2
SNV5307,1
SNV5308,3
SNV5309,3
SNV5310,2
SNV5311,1
SNV5312,2
SNV5313,3
,3
SNV5314,3
SNV5316,1
SNV5317,1
SNV5318,3
SNV5319,3
SNV5320,3
SNV5321,3
SNV5323,3
SNV5324,1
SNV5325,5
SNV5326,1
SNV5327,1
,3
SNV5330,2
SNV5331,7
SNV5333,2
SNV5334,3
SNV5336,3
SNV5337,3
SNV5338,3
SNV5339,6
SNV5340,3
SNV5341,3
SNV5342,3
SNV5355,1
SNV5357,1
SNV5358,1
SNV5359,2
SNV5360,3
SNV5362,4
SNV5364,3
SNV5365,3
SNV5366,8
SNV5368,4
SNV5369,2
SNV5370,8
SNV5373,2
SNV5374,2
SNV5375,3
SNV5376,3
SNV5377,6
SNV5378,2
SNV5379,5
SNV5380,2
SNV5381,3
SNV5382,3
SNV5383,3
,1
SNV5384,2
SNV5385,3
SNV5386,2
SNV5388,3
SNV5389,3
SNV5390,3
SNV5391,2
SNV5392,3
SNV5393,3
SNV5394,6
SNV5395,3
SNV5396,2
SNV5397,3
SNV5398,2
SNV5399,1
SNV5400,2
SNV5401,1
SNV5402,3
SNV5403,3
SNV5405,3
SNV5406,3
SNV5407,3
SNV5408,1
SNV5409,1
SNV5410,3
SNV5411,3
SNV5412,1
SNV5413,2
SNV5414,3
SNV5415,3
SNV5416,6
SNV5417,2
SNV5419,3
SNV5420,3
SNV5421,8
SNV5422,3
SNV5423,3
SNV5424,3
SNV5425,2
SNV5426,2
SNV5427,2
SNV5428,1
SNV5429,3
SNV5430,3
SNV5431,2
SNV5432,3
SNV5433,3
SNV5434,2
SNV5435,1
SNV5436,3
SNV5437,3
SNV5439,1
SNV5440,3
,3
SNV5441,3
SNV5442,2
SNV5443,3
SNV5444,2
SNV5445,3
SNV5446,2
SNV5447,5
SNV5448,6
SNV5450,3
SNV5451,3
SNV5452,2
SNV5453,3
SNV5454,3
SNV5455,1
SNV5456,3
SNV5457,3
SNV5458,3
SNV5459,3
SNV5460,6
SNV5461,6
SNV5462,2
SNV5463,3
SNV5464,1
SNV5465,3
SNV5466,1
SNV5467,1
SNV5468,3
SNV5469,3
SNV5470,1
SNV5471,1
SNV5472,1
SNV5473,3
SNV5474,2
SNV5476,2
SNV5477,2
SNV5478,3
SNV5479,3
SNV5480,1
SNV5481,2
SNV5482,3
SNV5483,2
SNV5485,2
SNV5486,1
SNV5487,3
SNV5488,2
SNV5489,3
SNV5490,1
SNV5491,3
SNV5492,3
SNV5493,3
SNV5494,2
SNV5496,3
SNV5497,3
SNV5498,2
SNV5499,3
SNV5500,2
SNV5501,2
SNV5502,3
SNV5503,3
SNV5504,5
SNV5505,3
,3
SNV5506,3
SNV5507,2
,1
SNV5508,2
SNV5509,3
SNV5510,2
SNV5511,3
SNV5512,3
SNV5514,1
SNV5515,3
SNV5516,3
SNV5517,3
SNV5518,1
SNV5519,1
SNV5520,3
SNV5522,6
SNV5523,8
SNV5524,3
SNV5525,1
SNV5526,2
SNV5527,2
SNV5528,3
SNV5529,2
SNV5530,3
SNV5531,2
SNV5532,3
SNV5533,1
SNV5534,1
SNV5535,1
SNV5536,2
SNV5537,2
SNV5538,3
SNV5539,1
,3
SNV5540,2
SNV5541,2
SNV5542,3
SNV5543,2
SNV5544,6
SNV5545,6
SNV5546,1
SNV5547,3
SNV5549,2
SNV5550,3
SNV5551,3
SNV6299,3
SNV6318,3
SNV6494,3
SNV6498,2
SNV6506,4
SNV5840,3
SNV5854,3
SNV5855,1
SNV5856,1
SNV5859,3
SNV5862,3
SNV5863,3
SNV5876,3
SNV5889,3
SNV5922,3
SNV5928,1
SNV5985,2
SNV5989,3
SNV5991,3
SNV5994,2
SNV6006,1
SNV6013,3
SNV6020,3
SNV6025,3
SNV6047,1
SNV6061,3
SNV6145,2
SNV6187,2
SNV6192,3
SNV6197,3
SNV6198,2
,1
SNV6210,3
SNV6211,3
SNV6212,3
SNV6214,2
SNV6215,2
SNV6216,3
SNV6217,3
SNV6218,5
SNV6219,3
SNV6220,6
SNV6221,3
SNV6222,2
SNV6223,2
SNV6224,3
SNV6225,3
SNV6226,3
SNV6227,1
SNV6228,2
SNV6229,3
SNV6230,3
SNV6231,3
SNV6232,3
SNV6233,3
SNV6234,3
SNV6235,3
SNV6236,1
SNV6237,1
SNV6238,3
SNV6239,3
SNV6240,3
SNV6241,3
SNV6243,3
SNV6244,3
SNV6245,3
SNV6246,3
SNV6247,3
SNV6249,8
SNV6250,1
SNV6251,3
SNV6252,1
SNV6253,6
SNV6254,1
SNV6255,6
SNV6256,2
SNV6257,3
SNV6258,8
SNV6259,3
SNV6260,2
SNV6261,2
SNV6262,3
SNV6263,1
SNV6264,2
SNV6265,3
SNV6266,6
SNV6267,2
SNV6268,3
SNV6269,1
SNV6270,2
SNV6271,2
SNV6272,3
SNV6274,6
SNV6276,3
SNV6277,2
SNV6278,3
SNV6279,3
SNV6280,3
SNV6281,1
SNV6282,3
SNV6283,3
SNV6284,1
SNV6285,1
SNV6286,2
SNV6287,3
SNV6288,3
SNV6289,3
SNV6290,2
SNV6291,2
SNV6292,3
SNV6293,1
SNV6294,3
SNV6295,3
SNV6296,3
SNV6297,2
SNV6298,3
SNV6300,5
SNV6301,1
SNV6302,3
SNV6303,3
SNV6304,3
,1
,4
SNV6306,3
SNV6307,1
,3
SNV6308,1
SNV6309,3
SNV6310,2
SNV6311,3
SNV6312,3
SNV6313,3
SNV6315,3
SNV6316,3
SNV6317,3
SNV6319,2
SNV6320,5
SNV6321,3
SNV6322,5
SNV6323,3
SNV6324,1
SNV6325,2
SNV6326,3
SNV6327,3
SNV6328,1
SNV6329,3
SNV6330,3
SNV6331,3
SNV6332,6
SNV6333,2
SNV6334,2
SNV6335,1
SNV6336,2
SNV6337,3
SNV6338,2
SNV6339,1
SNV6340,2
SNV6341,1
SNV6342,3
SNV6343,3
SNV6344,6
SNV6345,3
SNV6346,3
SNV6347,2
SNV6348,3
SNV6349,3
SNV6350,3
SNV6352,3
SNV6353,3
SNV6354,1
SNV6355,3
SNV6356,5
SNV6357,2
SNV6358,6
SNV6359,2
SNV6360,3
SNV6361,2
SNV6362,3
SNV6363,3
SNV6364,3
SNV6365,3
SNV6366,3
SNV6367,3
SNV6368,7
SNV6369,3
SNV6370,3
SNV6371,3
SNV6372,3
SNV6373,1
SNV6374,2
SNV6375,2
SNV6376,6
SNV6377,3
SNV6378,2
SNV6379,1
SNV6380,3
SNV6381,3
SNV6382,3
SNV6383,2
SNV6384,3
SNV6385,3
SNV6386,3
SNV6388,3
SNV6389,3
SNV6390,8
SNV6391,3
SNV6392,3
SNV6393,3
SNV6394,3
SNV6395,3
SNV6396,2
SNV6398,3
SNV6399,2
SNV6400,2
SNV6401,3
SNV6402,3
SNV6404,3
SNV6405,2
SNV6406,3
SNV6407,2
SNV6408,1
SNV6409,3
SNV6410,1
SNV6411,2
SNV6412,3
SNV6413,3
SNV6414,3
SNV6416,3
SNV6417,5
SNV6418,3
SNV6419,2
SNV6420,2
SNV6421,3
SNV6422,3
SNV6423,3
SNV6424,3
SNV6425,3
SNV6426,3
SNV6427,2
SNV6428,2
SNV6429,2
SNV6430,3
SNV6431,2
SNV6432,5
SNV6433,2
SNV6435,3
SNV6437,3
SNV6438,1
SNV6439,3
SNV6440,3
SNV6441,7
SNV6442,2
SNV6443,1
SNV6444,3
SNV6445,1
SNV6446,3
SNV6447,6
SNV6448,3
SNV6449,3
SNV6450,3
SNV6451,3
SNV6452,3
SNV6453,1
SNV6454,3
SNV6455,3
SNV6456,2
SNV6458,3
SNV6459,3
SNV6460,1
SNV6461,3
SNV6462,3
SNV6463,3
SNV6464,3
SNV6465,5
,3
SNV6466,1
SNV6468,8
SNV6469,5
SNV6470,3
SNV6471,2
SNV6473,7
SNV6474,1
SNV6475,3
SNV6476,3
SNV6477,1
SNV6478,1
SNV6479,1
SNV6480,6
SNV6481,3
SNV6482,3
SNV6483,3
SNV6484,3
SNV6485,3
SNV6486,3
SNV6487,3
SNV6488,1
SNV6489,3
SNV6491,2
SNV6492,5
SNV6493,3
SNV6495,2
SNV6496,6
SNV6497,3
SNV6499,2
SNV6500,3
SNV6501,3
SNV6502,3
SNV6503,2
SNV6504,2
SNV6505,3
,3
SNV6507,3
SNV6508,1
SNV6509,1
SNV6510,3
SNV6511,3
SNV6512,1
SNV5836,1
SNV5837,3
SNV5838,3
SNV5839,2
SNV5841,2
SNV5842,1
SNV5843,3
SNV5844,3
SNV5845,3
SNV5846,3
SNV5847,3
SNV5848,3
SNV5849,1
SNV5850,7
SNV5851,4
SNV5852,1
SNV5853,2
SNV5857,2
SNV5858,2
SNV5861,2
SNV5864,3
SNV5865,3
SNV5866,2
SNV5867,6
SNV5869,3
SNV5870,3
SNV5871,3
SNV5872,3
SNV5873,3
SNV5874,1
SNV5875,3
SNV5877,3
SNV5878,3
SNV5879,3
SNV5880,3
SNV5881,4
SNV5882,3
SNV5883,3
SNV5884,3
SNV5885,2
SNV5886,3
SNV5887,3
SNV5888,2
SNV5890,3
SNV5891,3
SNV5892,3
SNV5893,3
SNV5894,1
SNV5899,1
SNV5900,3
SNV5901,3
,1
,1
,1
,1
SNV5902,3
SNV5903,3
SNV5904,3
SNV5905,2
SNV5906,1
SNV5907,1
SNV5908,3
SNV5909,3
SNV5910,1
SNV5911,3
SNV5912,3
SNV5913,3
SNV5914,3
SNV5915,3
SNV5916,3
SNV5917,3
SNV5918,3
SNV5919,3
SNV5920,3
SNV5921,3
SNV5923,1
SNV5924,3
SNV5925,3
SNV5926,3
SNV5927,2
SNV5929,1
SNV5930,3
SNV5931,1
SNV5932,2
SNV5933,3
SNV5934,3
SNV5935,2
SNV5936,3
SNV5937,7
SNV5938,2
SNV5939,8
SNV5940,3
SNV5941,3
SNV5942,2
SNV5943,3
SNV5944,1
SNV5945,4
SNV5946,3
SNV5947,3
SNV5948,2
SNV5949,2
SNV5950,1
SNV5951,2
SNV5952,1
SNV5953,3
SNV5954,3
SNV5955,1
SNV5956,2
SNV5957,2
SNV5958,2
SNV5959,3
SNV5960,3
SNV5961,5
SNV5962,3
SNV5963,3
SNV5964,3
SNV5965,3
SNV5966,3
SNV5967,4
SNV5968,5
SNV5969,7
SNV5970,6
SNV5971,1
SNV5972,3
SNV5973,3
SNV5974,3
SNV5975,3
SNV5976,2
SNV5977,3
SNV5978,3
SNV5979,3
SNV5980,3
SNV5981,6
SNV5982,3
SNV5983,3
SNV5984,8
SNV5986,6
SNV5987,2
SNV5988,4
SNV5990,3
SNV5992,3
SNV5993,3
SNV5995,3
SNV5996,3
SNV5997,2
SNV5998,3
SNV5999,3
SNV6000,3
SNV6001,3
SNV6002,2
SNV6003,3
SNV6004,1
SNV6005,2
SNV6007,1
SNV6008,3
SNV6009,2
SNV6010,3
SNV6011,2
SNV6012,3
SNV6014,2
SNV6015,3
SNV6016,2
SNV6017,1
SNV6018,3
SNV6019,3
,3
SNV6021,6
SNV6022,3
SNV6023,3
SNV6024,1
SNV6026,1
SNV6027,3
SNV6028,6
SNV6029,3
SNV6030,3
SNV6031,3
SNV6032,3
SNV6033,3
SNV6034,3
SNV6035,3
SNV6036,1
SNV6037,5
SNV6038,2
SNV6039,3
SNV6040,3
SNV6041,6
SNV6042,3
SNV6043,3
SNV6044,3
SNV6045,3
SNV6046,3
SNV6048,2
SNV6049,6
SNV6050,3
SNV6051,3
SNV6052,2
SNV6053,3
SNV6054,2
SNV6055,2
SNV6056,3
SNV6057,3
SNV6058,3
SNV6059,3
SNV6060,3
SNV6062,2
SNV6063,2
SNV6064,2
SNV6065,3
SNV6066,3
SNV6067,3
SNV6068,3
SNV6069,3
SNV6070,3
SNV6071,2
SNV6072,3
SNV6073,3
SNV6074,3
SNV6075,3
SNV6076,3
SNV6077,1
SNV6078,1
SNV6079,2
SNV6080,3
SNV6081,8
SNV6082,3
SNV6083,3
SNV6084,3
SNV6086,3
SNV6087,3
SNV6088,3
SNV6089,4
SNV6090,1
SNV6091,1
SNV6092,3
SNV6093,3
SNV6094,5
SNV6095,1
SNV6096,3
SNV6097,3
SNV6098,3
SNV6099,6
SNV6100,5
SNV6101,3
SNV6102,3
SNV6103,3
SNV6104,3
SNV6105,3
SNV6106,1
SNV6107,3
SNV6108,3
SNV6109,3
SNV6110,5
SNV6111,3
SNV6112,5
SNV6113,1
SNV6114,1
SNV6115,2
SNV6116,2
SNV6117,3
SNV6118,5
SNV6119,2
SNV6120,2
SNV6121,3
SNV6122,3
SNV6123,3
SNV6124,1
SNV6125,1
SNV6126,3
SNV6127,3
SNV6128,2
SNV6129,2
SNV6130,3
SNV6131,3
SNV6132,3
SNV6133,1
SNV6134,3
SNV6135,1
SNV6136,2
SNV6137,3
SNV6138,1
SNV6139,3
SNV6140,3
SNV6141,3
SNV6142,1
SNV6143,8
SNV6144,4
SNV6146,1
SNV6147,3
SNV6148,3
SNV6149,3
SNV6150,3
SNV6151,3
SNV6152,3
SNV6153,3
SNV6154,3
SNV6155,3
SNV6157,3
SNV6158,3
SNV6159,3
SNV6160,3
SNV6161,3
SNV6162,2
SNV6163,3
SNV6164,3
SNV6165,3
SNV6166,5
SNV6167,1
SNV6168,3
SNV6169,3
SNV6170,3
SNV6171,3
SNV6172,3
SNV6173,8
SNV6174,8
SNV6175,3
SNV6176,3
SNV6177,1
SNV6178,3
SNV6179,3
SNV6180,1
SNV6181,5
SNV6182,3
SNV6183,3
SNV6184,6
SNV6185,3
,1
SNV6186,8
SNV6188,3
SNV6189,3
SNV6190,3
SNV6191,1
SNV6193,3
SNV6194,1
SNV6195,2
SNV6196,6
SNV6199,1
SNV6200,1
SNV6201,1
SNV6826,3
SNV6837,3
SNV6840,3
SNV6846,3
SNV6847,3
SNV6848,2
SNV6851,1
SNV6859,1
SNV6875,3
SNV6881,2
SNV6884,3
SNV6893,3
SNV6895,2
SNV6900,3
SNV6910,3
SNV6912,3
SNV6934,3
SNV6939,2
SNV6940,3
SNV6941,1
SNV6943,2
SNV6955,2
SNV6969,2
SNV6970,3
SNV6972,2
SNV6993,3
SNV7001,3
SNV7004,3
SNV7019,3
SNV7024,3
SNV7033,1
SNV7038,3
SNV7045,3
SNV7059,2
SNV7065,2
SNV7073,3
SNV7085,2
SNV7103,1
SNV7108,3
SNV6530,3
SNV6579,5
SNV6587,3
SNV6590,2
SNV6591,7
SNV6596,3
SNV6597,1
SNV6601,2
SNV6607,3
SNV6612,8
SNV6614,5
SNV6615,4
SNV6616,7
SNV6617,3
SNV6621,1
SNV6629,3
SNV6631,2
SNV6633,6
SNV6636,2
SNV6641,3
SNV6642,3
SNV6644,1
SNV6645,3
SNV6649,3
SNV6650,3
SNV6661,1
SNV6668,3
SNV6682,2
SNV6702,2
SNV6706,3
SNV6709,3
SNV6728,1
SNV6770,3
SNV6776,2
SNV6781,3
SNV6782,3
SNV6787,3
SNV6795,3
SNV6797,3
SNV6798,1
SNV6799,3
SNV6800,2
SNV6801,3
SNV6802,3
SNV6803,3
SNV6804,3
SNV6805,3
SNV6806,3
SNV6807,3
SNV6808,1
SNV6809,2
SNV6810,3
SNV6811,3
SNV6812,3
SNV6813,3
SNV6814,3
SNV6815,3
SNV6816,6
SNV6817,3
SNV6820,1
SNV6821,1
SNV6822,3
SNV6824,3
SNV6827,4
SNV6828,1
SNV6829,3
SNV6830,2
SNV6831,3
SNV6832,3
SNV6833,8
SNV6834,3
SNV6836,2
SNV6838,3
SNV6839,6
SNV6841,7
SNV6842,3
SNV6843,3
SNV6844,5
SNV6845,6
SNV6849,5
SNV6850,3
SNV6852,1
SNV6853,6
SNV6854,3
SNV6855,3
SNV6856,3
SNV6857,3
SNV6858,3
SNV6860,3
SNV6861,3
SNV6862,7
SNV6863,3
SNV6864,1
SNV6865,2
SNV6866,3
SNV6867,3
SNV6868,3
SNV6869,3
SNV6870,3
SNV6871,2
SNV6872,3
SNV6873,3
SNV6874,2
SNV6876,2
SNV6877,3
SNV6878,2
SNV6879,2
SNV6880,3
SNV6882,3
SNV6883,3
SNV6885,3
SNV6886,3
SNV6887,3
SNV6888,6
SNV6889,3
SNV6890,3
SNV6891,3
SNV6892,6
SNV6894,3
SNV6896,3
SNV6897,2
SNV6898,3
SNV6899,2
SNV6901,3
SNV6902,3
SNV6903,3
SNV6904,4
SNV6905,3
SNV6906,3
SNV6907,2
SNV6908,4
SNV6909,3
SNV6911,3
SNV6913,3
SNV6914,3
,1
SNV6915,2
SNV6916,1
SNV6917,3
SNV6918,6
SNV6919,1
SNV6920,3
SNV6921,3
SNV6922,3
SNV6923,3
SNV6924,3
SNV6925,2
SNV6926,2
SNV6927,2
SNV6928,3
SNV6929,3
SNV6930,3
SNV6931,1
SNV6932,5
SNV6933,6
SNV6935,3
SNV6936,1
SNV6937,1
SNV6945,7
SNV6946,1
SNV6947,1
SNV6948,3
SNV6949,1
SNV6950,3
SNV6951,3
SNV6952,2
SNV6953,3
SNV6954,3
SNV6956,2
SNV6957,3
SNV6958,3
SNV6959,2
SNV6960,1
SNV6961,3
SNV6962,3
SNV6963,3
SNV6964,3
SNV6965,3
SNV6966,2
SNV6967,3
SNV6968,2
SNV6971,3
SNV6973,1
SNV6974,8
SNV6975,3
SNV6976,3
SNV6977,2
SNV6978,3
SNV6979,3
SNV6980,2
SNV6981,1
SNV6982,3
SNV6983,3
SNV6984,2
SNV6985,6
SNV6986,3
SNV6987,3
SNV6988,3
SNV6989,3
SNV6990,2
SNV6991,2
SNV6992,2
SNV6994,3
SNV6995,3
SNV6996,2
SNV6997,7
SNV6998,1
,1
SNV6999,5
SNV7000,2
SNV7002,5
SNV7003,3
SNV7005,3
SNV7006,3
SNV7007,3
SNV7008,3
SNV7010,1
SNV7011,3
SNV7014,2
SNV7015,2
SNV7016,3
SNV7017,3
SNV7018,3
SNV7020,3
SNV7021,3
SNV7022,3
SNV7023,8
SNV7025,1
SNV7026,3
SNV7027,3
SNV7028,3
SNV7029,4
SNV7030,1
,1
SNV7031,3
SNV7032,2
SNV7034,3
SNV7035,3
SNV7036,3
SNV7037,3
SNV7040,3
SNV7041,7
SNV7042,3
SNV7043,1
SNV7044,3
SNV7046,3
SNV7047,1
SNV7048,3
SNV7049,3
SNV7051,3
SNV7052,1
SNV7053,1
SNV7054,3
SNV7055,3
SNV7056,3
SNV7057,6
SNV7058,3
SNV7060,3
SNV7062,3
SNV7063,3
SNV7064,1
SNV7066,2
SNV7067,3
SNV7068,3
SNV7069,3
SNV7070,3
SNV7071,3
SNV7072,1
SNV7074,1
SNV7075,3
SNV7076,3
SNV7077,1
SNV7078,6
SNV7079,1
SNV7080,3
SNV7081,3
SNV7082,3
SNV7083,1
SNV7084,3
SNV7086,2
SNV7087,1
SNV7088,3
SNV7089,2
SNV7090,3
SNV7091,1
,1
,1
SNV7092,3
SNV7093,6
SNV7094,3
SNV7095,3
SNV7096,2
SNV7097,3
SNV7098,1
SNV7099,3
SNV7100,3
SNV7101,3
SNV7102,1
SNV7104,3
SNV7105,3
SNV7106,3
SNV7107,1
SNV7109,1
SNV7110,3
SNV7111,2
SNV7112,1
SNV7114,1
SNV6513,3
SNV6514,1
SNV6515,3
SNV6516,6
SNV6517,3
SNV6518,3
SNV6520,3
SNV6521,3
SNV6522,2
SNV6523,1
SNV6524,3
SNV6525,3
SNV6526,3
SNV6527,2
SNV6528,3
SNV6529,3
SNV6531,1
SNV6532,3
SNV6533,3
SNV6534,1
SNV6535,3
SNV6536,1
SNV6537,3
SNV6538,1
SNV6539,3
SNV6540,3
SNV6541,3
SNV6542,5
SNV6543,3
SNV6544,3
SNV6545,3
SNV6546,3
SNV6547,2
SNV6548,1
SNV6549,3
SNV6550,3
SNV6551,2
SNV6552,3
SNV6553,3
SNV6554,3
SNV6555,1
SNV6556,2
SNV6557,3
SNV6558,3
SNV6559,3
SNV6560,1
SNV6561,1
SNV6562,1
SNV6563,3
SNV6564,2
SNV6566,3
SNV6567,1
SNV6568,6
SNV6569,3
SNV6570,3
SNV6571,3
SNV6572,3
SNV6573,3
SNV6574,3
SNV6575,3
SNV6576,1
SNV6577,3
,1
SNV6578,1
SNV6580,2
SNV6581,2
SNV6582,3
SNV6583,7
SNV6584,3
SNV6585,3
SNV6586,3
SNV6588,2
SNV6589,4
SNV6592,1
SNV6593,2
SNV6594,3
,3
,1
,1
SNV6595,3
SNV6598,3
SNV6599,3
SNV6600,2
SNV6602,3
SNV6603,8
SNV6604,3
SNV6605,2
SNV6606,1
SNV6608,3
SNV6609,3
SNV6610,3
SNV6611,2
SNV6613,3
,1
SNV6618,1
SNV6619,1
SNV6620,2
SNV6622,1
SNV6623,1
SNV6624,6
SNV6625,3
SNV6626,1
SNV6627,3
SNV6628,1
SNV6630,5
SNV6632,1
SNV6634,2
SNV6635,3
SNV6637,3
SNV6638,2
SNV6639,8
SNV6640,2
SNV6643,3
SNV6646,3
SNV6647,2
SNV6648,1
SNV6651,3
SNV6652,3
,1
SNV6653,3
SNV6654,4
SNV6666,2
SNV6667,3
SNV6669,2
SNV6670,3
SNV6671,3
SNV6672,3
SNV6673,3
SNV6674,8
SNV6675,3
SNV6676,1
SNV6677,2
SNV6678,3
SNV6679,3
SNV6680,2
SNV6681,3
SNV6683,3
SNV6684,3
SNV6685,3
SNV6686,3
SNV6687,3
SNV6688,3
SNV6689,3
SNV6690,3
SNV6691,1
SNV6692,2
SNV6694,1
SNV6695,8
SNV6696,3
SNV6697,3
SNV6698,3
SNV6699,3
SNV6701,3
SNV6704,2
SNV6705,8
SNV6707,1
SNV6708,3
SNV6710,3
SNV6711,3
SNV6712,3
SNV6713,2
SNV6714,3
SNV6715,3
SNV6716,3
SNV6717,3
SNV6718,2
SNV6719,1
SNV6721,1
SNV6722,1
SNV6724,3
SNV6725,1
SNV6727,1
SNV6729,3
SNV6730,7
SNV6731,3
SNV6732,2
SNV6733,3
SNV6734,1
SNV6735,6
SNV6736,6
SNV6737,3
SNV6738,3
SNV6739,7
SNV6740,2
SNV6741,1
SNV6742,2
SNV6743,3
SNV6744,2
SNV6745,3
SNV6746,1
SNV6747,2
SNV6748,1
SNV6749,4
SNV6750,3
SNV6751,3
SNV6752,3
SNV6753,3
SNV6754,7
SNV6755,2
SNV6756,3
SNV6757,6
SNV6758,6
SNV6759,3
SNV6760,3
SNV6761,8
SNV6762,2
SNV6763,3
SNV6764,3
SNV6765,4
SNV6766,3
SNV6767,3
SNV6768,1
SNV6769,2
SNV6771,7
SNV6772,2
SNV6773,1
SNV6774,3
SNV6775,3
SNV6777,3
SNV6778,1
SNV6779,3
SNV6780,3
SNV7297,1
SNV7360,3
SNV7490,3
SNV7513,3
SNV7529,1
SNV7541,3
SNV7225,3
SNV7334,3
SNV7362,3
SNV7365,1
SNV7381,1
SNV7399,2
SNV7420,3
SNV7443,1
SNV7508,3
SNV7519,3
SNV7539,5
SNV7548,1
SNV7554,3
SNV7567,2
SNV7582,3
SNV7599,1
SNV7600,3
SNV7126,1
SNV7153,3
SNV7206,3
SNV7235,2
SNV7242,3
SNV7243,3
SNV7254,3
SNV7258,1
SNV7265,3
SNV7281,1
SNV7287,3
SNV7295,3
SNV7300,2
SNV7309,3
SNV7324,3
SNV7325,3
SNV7326,3
SNV7327,2
SNV7328,3
SNV7329,6
SNV7330,3
SNV7331,2
SNV7332,1
SNV7333,3
SNV7335,3
SNV7336,3
SNV7337,8
SNV7338,1
SNV7339,3
SNV7340,3
SNV7341,3
SNV7342,8
SNV7343,1
SNV7344,3
SNV7345,3
SNV7346,3
SNV7347,2
SNV7348,3
SNV7349,3
SNV7350,2
SNV7351,1
SNV7352,3
SNV7353,3
SNV7354,2
SNV7355,6
SNV7356,2
SNV7357,2
SNV7358,1
SNV7359,3
SNV7368,3
SNV7369,3
SNV7370,2
SNV7371,3
SNV7372,3
SNV7373,3
SNV7374,3
SNV7375,3
SNV7376,3
SNV7377,3
SNV7378,3
SNV7379,3
SNV7380,3
SNV7382,2
SNV7383,3
SNV7384,2
SNV7385,7
SNV7386,2
SNV7387,3
SNV7388,3
SNV7389,3
SNV7390,2
SNV7391,3
SNV7392,3
SNV7393,3
SNV7394,3
SNV7395,3
SNV7396,2
SNV7397,3
SNV7398,3
SNV7400,3
SNV7401,3
SNV7402,1
SNV7403,3
SNV7404,2
SNV7405,1
SNV7406,1
SNV7407,3
SNV7408,3
SNV7409,3
SNV7410,2
SNV7411,2
SNV7412,1
SNV7413,2
SNV7414,3
SNV7415,3
SNV7416,3
SNV7417,3
SNV7418,3
SNV7419,2
SNV7421,2
SNV7422,3
SNV7423,1
SNV7424,3
SNV7425,3
SNV7426,3
SNV7427,3
SNV7428,2
SNV7429,3
SNV7430,3
SNV7431,2
SNV7432,2
SNV7433,3
SNV7434,3
SNV7435,3
SNV7436,1
SNV7437,3
SNV7438,2
SNV7439,3
SNV7440,3
SNV7441,3
SNV7442,3
SNV7444,3
SNV7445,2
SNV7446,3
SNV7447,3
SNV7448,1
SNV7449,3
SNV7450,3
SNV7451,1
SNV7452,1
SNV7453,3
SNV7454,7
SNV7455,1
SNV7456,6
SNV7457,1
SNV7458,3
SNV7459,1
SNV7460,8
SNV7461,1
SNV7462,3
SNV7463,3
SNV7464,1
SNV7465,3
SNV7466,2
SNV7467,3
SNV7468,1
SNV7469,3
SNV7470,2
SNV7471,1
SNV7472,3
SNV7473,3
SNV7474,1
SNV7475,3
SNV7476,3
SNV7477,3
SNV7478,3
SNV7479,3
SNV7480,1
SNV7481,3
SNV7482,3
SNV7483,3
SNV7484,3
SNV7485,2
SNV7486,1
SNV7487,3
SNV7488,3
SNV7489,2
SNV7491,8
SNV7492,1
SNV7493,3
SNV7494,3
SNV7495,3
SNV7496,3
SNV7497,2
SNV7498,3
SNV7499,8
SNV7500,3
SNV7501,3
SNV7502,3
SNV7503,2
SNV7504,4
SNV7505,2
SNV7506,2
SNV7507,2
SNV7509,3
SNV7510,1
SNV7511,1
,1
SNV7512,3
SNV7514,3
SNV7515,2
SNV7516,3
SNV7517,2
SNV7518,1
SNV7520,2
SNV7521,5
SNV7522,3
SNV7523,2
SNV7524,3
SNV7525,2
SNV7526,3
SNV7527,3
SNV7528,2
,1
SNV7530,2
SNV7531,2
SNV7532,3
SNV7533,2
SNV7534,2
SNV7535,3
SNV7536,3
SNV7537,3
SNV7538,3
SNV7540,3
SNV7542,3
SNV7543,3
SNV7544,2
SNV7545,3
SNV7546,3
SNV7547,2
SNV7549,2
SNV7550,3
SNV7551,3
SNV7552,3
SNV7553,3
SNV7555,3
SNV7556,3
SNV7557,3
SNV7558,3
SNV7559,3
SNV7560,2
SNV7561,2
SNV7562,2
SNV7563,3
SNV7564,7
SNV7565,3
SNV7566,2
SNV7568,3
SNV7569,6
SNV7570,2
SNV7571,3
SNV7572,1
SNV7573,3
SNV7574,5
SNV7575,3
SNV7576,3
SNV7577,2
SNV7578,3
SNV7579,2
SNV7580,3
SNV7581,1
SNV7583,2
SNV7584,1
SNV7585,3
SNV7586,3
SNV7587,3
SNV7588,3
SNV7589,3
SNV7590,1
SNV7591,3
SNV7592,2
SNV7593,3
SNV7594,3
SNV7595,1
,3
SNV7596,4
SNV7597,3
SNV7598,2
SNV7601,3
SNV7602,2
SNV7115,3
SNV7116,2
SNV7117,2
SNV7118,3
SNV7119,2
SNV7120,3
SNV7121,7
SNV7122,3
SNV7123,1
SNV7124,1
SNV7125,5
SNV7127,3
SNV7128,1
SNV7129,1
SNV7130,2
SNV7131,1
SNV7132,3
SNV7133,2
SNV7134,3
SNV7135,3
SNV7136,2
SNV7137,1
SNV7138,2
SNV7139,3
SNV7140,3
SNV7141,3
SNV7142,3
SNV7143,3
SNV7144,3
SNV7145,3
SNV7146,2
SNV7147,3
SNV7148,3
SNV7149,2
SNV7150,2
SNV7151,3
SNV7152,1
SNV7154,3
SNV7155,1
SNV7156,3
SNV7157,1
SNV7158,1
SNV7159,1
SNV7160,3
,1
,1
,3
SNV7161,8
SNV7162,6
SNV7163,2
SNV7164,3
SNV7165,1
SNV7166,1
SNV7167,1
SNV7168,2
SNV7169,3
SNV7170,3
SNV7171,3
SNV7172,3
SNV7173,3
SNV7174,2
SNV7175,3
SNV7176,3
SNV7177,3
SNV7178,3
SNV7179,4
SNV7180,5
SNV7181,3
SNV7182,1
SNV7183,1
SNV7184,6
SNV7185,3
SNV7186,2
SNV7187,2
SNV7188,3
SNV7189,1
SNV7190,7
SNV7191,3
SNV7192,3
,3
SNV7193,1
SNV7194,2
SNV7195,2
,3
,3
SNV7196,2
SNV7197,3
SNV7198,3
SNV7199,3
SNV7200,7
SNV7201,3
SNV7202,3
SNV7203,2
SNV7204,3
SNV7205,3
SNV7207,3
SNV7208,3
SNV7209,3
SNV7210,2
,1
SNV7211,3
SNV7212,1
SNV7213,3
SNV7214,3
SNV7215,2
SNV7216,5
SNV7217,2
SNV7218,4
SNV7219,6
SNV7220,3
SNV7221,1
SNV7222,1
SNV7223,3
SNV7224,3
SNV7226,2
SNV7227,1
SNV7228,3
SNV7229,1
SNV7230,3
SNV7231,2
SNV7232,3
SNV7233,2
SNV7234,1
SNV7236,2
SNV7237,3
SNV7238,3
SNV7239,3
SNV7240,1
SNV7241,3
SNV7244,1
SNV7245,3
SNV7246,1
SNV7247,6
SNV7248,3
SNV7249,3
SNV7250,3
SNV7251,3
SNV7252,3
SNV7253,3
SNV7255,3
SNV7256,2
SNV7257,3
SNV7259,3
SNV7260,3
SNV7261,5
SNV7262,3
SNV7263,3
SNV7264,1
SNV7266,3
SNV7267,2
,1
SNV7268,3
SNV7269,3
SNV7270,3
SNV7271,3
SNV7272,3
SNV7273,3
SNV7274,1
SNV7275,3
SNV7276,5
SNV7277,1
,3
,3
SNV7278,3
SNV7279,3
SNV7280,2
SNV7282,3
SNV7283,2
SNV7284,3
SNV7285,3
SNV7286,3
SNV7288,6
SNV7289,3
SNV7290,3
SNV7291,2
SNV7292,2
SNV7293,5
SNV7294,2
SNV7296,5
SNV7298,3
SNV7299,6
SNV7301,1
SNV7302,2
SNV7303,3
SNV7304,6
SNV7305,3
SNV7306,5
SNV7307,3
SNV7308,3
SNV7310,1
SNV7311,6
SNV7312,3
SNV7313,2
SNV7314,3
SNV7315,2
SNV7316,2
SNV7317,2
SNV7318,2
SNV7319,1
SNV7320,3
SNV7321,3
SNV7322,3
SNV7937,3
SNV7970,3
SNV7984,3
SNV7990,3
SNV8070,2
SNV8071,3
SNV8072,2
SNV8074,3
SNV8079,3
SNV8080,6
SNV8086,1
SNV8089,5
SNV8092,2
SNV8108,2
SNV8115,7
SNV8122,6
SNV8133,2
SNV8144,5
SNV8163,1
SNV8166,1
SNV7603,3
SNV7608,1
SNV7612,3
SNV7616,2
SNV7622,6
SNV7626,3
SNV7628,3
SNV7636,3
SNV7640,7
SNV7648,1
SNV7651,1
SNV7655,5
SNV7667,3
SNV7676,6
SNV7678,3
SNV7689,3
SNV7697,3
SNV7702,3
SNV7728,3
SNV7742,1
SNV7743,2
SNV7744,5
SNV7745,3
SNV7749,3
SNV7757,3
SNV7761,3
SNV7770,1
SNV7772,3
SNV7778,3
SNV7796,1
SNV7813,3
SNV7833,3
SNV7839,3
SNV7849,3
SNV7851,3
SNV7880,3
SNV7881,7
SNV7882,3
SNV7883,3
SNV7884,3
SNV7885,3
SNV7886,8
SNV7887,2
SNV7888,1
SNV7889,3
SNV7890,3
SNV7891,5
SNV7892,1
SNV7893,2
SNV7895,3
SNV7896,3
SNV7898,2
SNV7899,8
SNV7900,3
SNV7902,3
SNV7903,1
SNV7904,5
SNV7905,2
SNV7906,1
SNV7907,1
SNV7908,2
SNV7909,3
SNV7910,3
SNV7911,1
SNV7912,2
SNV7913,3
SNV7914,3
SNV7915,3
SNV7916,3
SNV7917,6
SNV7918,3
SNV7919,3
SNV7920,3
SNV7921,2
SNV7922,2
,1
SNV7930,3
SNV7931,3
SNV7932,6
SNV7933,3
SNV7935,3
SNV7936,3
SNV7938,1
SNV7939,3
SNV7940,3
SNV7952,1
SNV7953,3
SNV7956,1
SNV7957,3
SNV7958,1
SNV7959,1
SNV7960,1
,2
SNV7964,1
SNV7965,3
SNV7966,3
SNV7967,3
,3
SNV7969,3
SNV7971,3
SNV7972,3
SNV7973,3
SNV7974,1
SNV7975,3
SNV7976,3
SNV7977,3
SNV7978,6
SNV7979,5
SNV7980,1
SNV7981,3
SNV7982,3
SNV7983,6
SNV7985,3
SNV7986,2
SNV7987,1
SNV7988,7
SNV7989,2
SNV7991,3
SNV7992,3
SNV7993,3
SNV7994,3
SNV7995,1
SNV7996,3
SNV7997,2
SNV7998,7
SNV7999,3
SNV8000,3
SNV8002,2
SNV8003,1
SNV8005,3
SNV8006,1
SNV8007,8
SNV8008,3
SNV8010,3
SNV8011,6
SNV8012,6
SNV8013,3
SNV8014,3
SNV8015,3
SNV8016,2
SNV8017,5
SNV8018,3
SNV8020,3
SNV8021,1
SNV8022,5
SNV8023,3
SNV8024,3
SNV8025,3
SNV8026,3
SNV8027,5
SNV8028,1
SNV8029,3
SNV8030,3
SNV8037,2
SNV8038,2
SNV8050,1
SNV8051,3
SNV8052,1
SNV8053,6
,1
SNV8054,3
SNV8057,3
SNV8058,3
SNV8059,3
SNV8060,3
SNV8061,3
SNV8062,3
SNV8063,1
SNV8065,3
SNV8066,3
SNV8067,3
SNV8068,6
SNV8069,3
SNV8088,8
SNV8090,1
SNV8091,2
SNV8093,3
SNV8094,3
SNV8095,3
SNV8096,1
SNV8097,3
SNV8098,3
SNV8099,3
SNV8100,3
SNV8101,3
SNV8102,1
SNV8103,6
,3
SNV8104,3
SNV8105,3
SNV8106,3
SNV8107,3
SNV8109,3
SNV8110,6
SNV8111,3
SNV8112,1
SNV8113,1
SNV8114,3
SNV8116,5
SNV8117,3
SNV8118,3
SNV8119,2
SNV8120,7
SNV8121,3
SNV8123,2
SNV8124,4
SNV8125,2
SNV8126,3
SNV8127,3
SNV8128,3
SNV8129,7
SNV8130,3
SNV8131,3
SNV8132,1
SNV8134,3
SNV8135,1
SNV8136,1
SNV8137,2
SNV8138,1
SNV8139,3
SNV8140,3
SNV8141,2
SNV8142,3
SNV8143,3
SNV8145,3
SNV8146,3
SNV8147,2
SNV8148,1
SNV8149,3
SNV8150,3
SNV8151,5
SNV8152,3
SNV8153,2
SNV8154,2
SNV8156,3
SNV8157,3
SNV8158,3
SNV8159,3
SNV8160,1
SNV8161,2
SNV8162,3
SNV8164,3
SNV8165,3
SNV8167,2
SNV8168,2
SNV8169,2
SNV8170,2
SNV8171,1
SNV8172,3
SNV8173,3
SNV8174,3
SNV8175,3
SNV8176,2
SNV8177,3
SNV7604,3
SNV7605,3
SNV7606,1
SNV7607,3
SNV7609,3
SNV7610,3
SNV7611,3
,3
SNV7613,1
SNV7614,5
SNV7615,5
SNV7617,3
SNV7618,3
SNV7619,7
SNV7620,1
SNV7621,3
SNV7623,4
SNV7624,2
SNV7625,2
SNV7627,3
SNV7630,2
SNV7631,2
SNV7632,1
SNV7633,8
SNV7634,5
SNV7635,1
SNV7637,2
SNV7638,3
SNV7639,1
SNV7641,3
SNV7642,5
SNV7643,2
SNV7644,3
SNV7645,3
SNV7646,2
SNV7647,2
SNV7649,2
SNV7650,3
SNV7652,3
SNV7653,3
SNV7656,3
SNV7658,3
SNV7659,5
SNV7660,5
SNV7661,2
SNV7662,2
SNV7663,2
SNV7664,6
SNV7665,2
SNV7666,2
SNV7668,1
SNV7669,3
SNV7670,3
SNV7671,3
SNV7672,2
SNV7673,3
SNV7674,2
SNV7675,3
SNV7677,3
SNV7679,3
SNV7680,5
SNV7681,3
SNV7682,4
SNV7683,2
SNV7684,1
SNV7685,5
SNV7686,3
SNV7687,2
SNV7688,5
SNV7690,2
SNV7691,3
SNV7692,5
SNV7693,5
SNV7694,3
SNV7695,3
SNV7696,6
SNV7698,2
SNV7699,3
SNV7700,5
SNV7701,2
SNV7703,2
SNV7704,1
SNV7705,1
SNV7706,3
SNV7707,3
SNV7708,2
SNV7709,3
SNV7710,2
SNV7711,1
SNV7712,2
SNV7713,1
SNV7714,3
SNV7715,3
SNV7716,1
SNV7717,1
SNV7718,1
SNV7719,3
SNV7720,2
SNV7721,2
SNV7724,6
SNV7725,6
SNV7726,3
SNV7727,1
SNV7729,6
SNV7730,6
SNV7731,2
SNV7732,6
SNV7733,3
SNV7734,3
SNV7735,3
SNV7736,2
SNV7737,2
SNV7738,3
SNV7739,3
SNV7740,2
SNV7741,3
SNV7746,2
SNV7747,5
SNV7748,3
SNV7750,2
SNV7751,2
SNV7752,3
SNV7753,1
SNV7754,1
SNV7755,1
SNV7756,3
SNV7758,3
SNV7759,3
SNV7760,3
SNV7762,1
SNV7763,3
SNV7764,3
SNV7765,2
SNV7766,1
SNV7767,2
SNV7768,3
SNV7769,3
SNV7771,1
SNV7774,3
SNV7775,3
SNV7776,3
SNV7777,1
SNV7779,2
SNV7780,3
SNV7781,3
SNV7782,3
SNV7783,3
SNV7784,1
SNV7785,5
SNV7786,2
SNV7787,3
SNV7788,7
SNV7789,5
SNV7790,5
SNV7791,5
SNV7792,5
SNV7793,1
SNV7794,3
SNV7795,2
SNV7797,6
SNV7798,3
SNV7799,6
SNV7800,3
SNV7801,3
SNV7802,3
SNV7803,3
SNV7804,3
SNV7805,3
SNV7806,2
SNV7807,2
SNV7808,3
SNV7809,3
SNV7810,1
SNV7811,3
SNV7812,3
SNV7814,3
SNV7815,3
SNV7816,1
SNV7817,6
SNV7818,8
SNV7819,5
SNV7820,1
SNV7821,1
SNV7822,2
SNV7823,2
SNV7824,1
SNV7825,2
SNV7826,6
SNV7827,3
SNV7828,3
SNV7829,2
SNV7830,3
SNV7831,3
SNV7832,3
SNV7834,3
SNV7835,5
SNV7836,3
SNV7837,3
SNV7838,3
SNV7840,2
SNV7841,3
SNV7842,1
SNV7843,1
SNV7844,2
SNV7845,1
SNV7846,8
SNV7848,1
SNV7850,3
SNV7852,1
SNV7853,3
SNV7854,1
SNV7855,6
SNV7857,2
SNV7858,1
SNV7859,3
SNV7860,3
SNV7861,3
SNV7862,3
SNV7863,3
SNV7864,3
SNV7865,3
SNV7866,3
SNV7867,3
SNV7868,3
SNV7869,3
SNV7870,6
SNV7871,3
SNV7872,1
SNV7873,3
SNV7874,3
SNV7875,1
SNV7876,3
SNV7877,1
SNV7878,3
SNV7879,3
SNV8525,1
SNV8329,3
SNV8520,3
SNV8530,5
SNV8536,3
SNV8539,3
SNV8548,3
SNV8566,3
SNV8569,2
SNV8572,1
SNV8575,3
SNV8580,2
SNV8581,5
SNV8585,1
SNV8586,3
SNV8589,8
SNV8599,1
SNV8604,6
SNV8605,3
SNV8609,1
SNV8629,3
SNV8632,2
SNV8644,3
SNV8646,3
SNV8672,3
SNV8690,3
SNV8703,1
SNV8726,3
SNV8754,3
SNV8765,2
SNV8766,1
SNV8784,3
SNV8843,1
,1
SNV8888,3
SNV8924,3
SNV8955,1
SNV8988,3
SNV8992,3
SNV8180,1
,1
SNV8229,3
SNV8240,4
SNV8256,3
SNV8268,4
SNV8299,1
SNV8313,3
SNV8315,1
SNV8319,1
SNV8325,1
SNV8336,3
SNV8338,1
SNV8431,1
SNV8441,3
SNV8464,1
SNV8469,1
SNV8470,5
SNV8471,3
SNV8472,3
SNV8473,1
SNV8474,1
SNV8475,1
SNV8476,3
SNV8477,3
SNV8478,3
SNV8479,3
SNV8480,3
SNV8481,6
SNV8482,1
SNV8483,2
,1
SNV8484,1
SNV8485,3
SNV8486,7
SNV8487,7
SNV8488,3
SNV8489,3
SNV8490,2
SNV8491,6
SNV8492,3
SNV8493,3
SNV8494,3
SNV8495,3
SNV8496,3
SNV8497,3
SNV8498,3
SNV8499,3
SNV8500,3
SNV8501,2
SNV8502,3
SNV8503,3
SNV8504,1
SNV8505,3
SNV8506,3
SNV8507,3
SNV8508,2
SNV8509,3
SNV8510,3
SNV8511,3
SNV8512,3
SNV8513,2
SNV8514,1
SNV8515,6
SNV8516,3
SNV8517,2
SNV8518,6
SNV8519,6
SNV8521,3
SNV8522,3
SNV8523,6
SNV8524,3
SNV8526,3
SNV8527,2
SNV8528,3
SNV8529,3
SNV8531,3
SNV8532,3
SNV8533,1
SNV8534,2
SNV8535,2
SNV8537,3
SNV8538,3
SNV8541,3
SNV8542,2
SNV8543,1
SNV8545,1
SNV8546,2
SNV8547,3
SNV8549,3
SNV8550,1
SNV8551,3
SNV8552,3
SNV8553,3
SNV8554,1
SNV8555,1
SNV8556,3
SNV8557,3
SNV8558,3
SNV8559,2
SNV8560,3
SNV8561,2
SNV8562,3
SNV8563,1
SNV8564,1
SNV8565,3
SNV8567,1
SNV8568,6
SNV8570,1
SNV8571,3
SNV8582,3
SNV8583,3
SNV8587,3
SNV8588,3
SNV8590,3
SNV8591,4
SNV8592,3
SNV8593,3
SNV8594,3
SNV8600,3
SNV8601,3
SNV8602,8
SNV8603,1
SNV8607,6
SNV8608,1
SNV8610,1
SNV8611,2
SNV8612,6
SNV8613,5
SNV8614,3
SNV8615,7
SNV8616,2
SNV8617,1
SNV8618,2
SNV8619,3
SNV8620,3
SNV8621,3
SNV8622,2
SNV8623,1
SNV8624,6
SNV8625,2
SNV8626,3
SNV8627,3
SNV8628,1
SNV8630,3
SNV8631,2
SNV8633,1
SNV8634,3
SNV8635,1
SNV8636,3
SNV8637,3
SNV8638,3
SNV8639,3
SNV8640,1
SNV8641,3
SNV8642,1
SNV8643,1
SNV8645,3
SNV8647,5
SNV8648,6
SNV8649,3
SNV8650,1
SNV8651,5
SNV8652,1
SNV8653,2
SNV8654,1
SNV8655,1
SNV8656,7
SNV8657,3
SNV8658,1
SNV8659,6
SNV8660,3
SNV8661,8
SNV8662,3
SNV8663,2
SNV8664,1
SNV8665,6
SNV8666,1
SNV8667,1
SNV8668,3
SNV8669,1
SNV8670,5
SNV8671,1
SNV8673,3
SNV8674,2
SNV8675,3
SNV8676,5
SNV8677,3
SNV8678,8
SNV8679,1
SNV8680,3
SNV8681,3
SNV8682,3
SNV8683,1
SNV8684,1
SNV8685,6
SNV8686,3
SNV8687,3
SNV8688,2
SNV8689,3
SNV8691,2
SNV8692,1
SNV8693,2
SNV8694,3
SNV8695,6
SNV8696,1
SNV8697,4
SNV8698,2
SNV8699,3
SNV8700,3
SNV8701,3
SNV8702,3
SNV8704,4
SNV8705,6
SNV8706,3
SNV8707,2
SNV8708,3
SNV8709,3
SNV8710,3
SNV8711,8
SNV8712,6
SNV8713,2
SNV8714,3
SNV8715,6
SNV8716,3
SNV8717,3
SNV8718,6
SNV8719,3
SNV8720,6
SNV8721,3
SNV8722,1
SNV8723,3
SNV8724,3
SNV8725,3
SNV8727,3
SNV8728,3
SNV8729,1
SNV8730,3
SNV8731,3
SNV8732,3
SNV8733,2
SNV8734,5
SNV8735,3
SNV8736,3
SNV8737,6
SNV8738,1
SNV8739,3
SNV8740,3
SNV8741,2
SNV8742,1
SNV8743,3
SNV8744,2
SNV8745,6
SNV8746,3
SNV8747,1
SNV8748,1
SNV8749,2
SNV8750,3
SNV8751,2
SNV8752,3
SNV8753,3
SNV8755,1
SNV8756,3
SNV8757,1
SNV8758,3
SNV8759,3
SNV8760,1
SNV8761,8
SNV8762,6
SNV8763,4
SNV8764,6
SNV8767,3
SNV8768,6
SNV8769,3
SNV8770,1
SNV8771,3
SNV8772,1
SNV8773,1
SNV8774,3
SNV8775,3
SNV8776,1
SNV8777,2
SNV8778,5
SNV8779,3
SNV8780,1
SNV8781,3
SNV8782,3
SNV8785,6
SNV8786,1
SNV8787,6
SNV8788,3
SNV8789,7
SNV8790,1
SNV8791,2
SNV8792,6
SNV8793,1
SNV8794,6
SNV8795,7
SNV8796,2
SNV8797,2
SNV8798,3
SNV8799,3
SNV8800,3
SNV8801,3
SNV8802,3
SNV8803,1
SNV8804,3
SNV8805,8
SNV8806,2
SNV8807,2
SNV8808,3
SNV8809,1
SNV8810,3
SNV8811,3
SNV8812,3
SNV8813,3
SNV8814,3
SNV8815,3
SNV8816,3
SNV8817,8
SNV8818,3
SNV8819,3
SNV8820,1
SNV8821,1
SNV8822,2
SNV8823,2
SNV8824,3
,3
SNV8825,3
SNV8826,3
SNV8827,1
SNV8828,3
SNV8829,1
SNV8830,1
SNV8831,2
SNV8832,3
SNV8833,3
SNV8834,6
SNV8835,6
SNV8836,3
SNV8837,2
SNV8838,3
SNV8839,2
SNV8840,1
SNV8841,3
SNV8842,5
SNV8844,3
SNV8845,7
SNV8846,2
SNV8847,1
SNV8848,1
SNV8849,2
SNV8850,3
SNV8851,3
SNV8852,8
,1
SNV8853,3
SNV8854,3
SNV8855,2
SNV8856,1
SNV8857,3
SNV8858,1
SNV8859,2
SNV8860,3
SNV8861,7
SNV8862,3
SNV8863,1
SNV8864,2
SNV8865,3
SNV8866,2
SNV8867,2
SNV8868,3
SNV8869,3
SNV8870,3
SNV8871,5
SNV8872,3
SNV8874,3
SNV8875,3
SNV8876,2
SNV8877,1
SNV8878,5
SNV8879,1
SNV8880,3
SNV8881,3
SNV8882,3
SNV8883,1
SNV8884,1
SNV8885,4
SNV8886,3
SNV8887,1
SNV8889,1
SNV8890,5
SNV8891,2
SNV8892,3
SNV8893,3
SNV8894,3
SNV8895,3
SNV8896,3
SNV8897,3
SNV8898,3
SNV8899,7
SNV8900,6
SNV8901,3
SNV8902,2
SNV8903,3
SNV8904,3
SNV8905,2
SNV8906,2
SNV8907,8
SNV8908,5
SNV8909,8
SNV8910,3
SNV8911,7
SNV8912,6
SNV8913,2
SNV8916,3
SNV8917,3
SNV8918,3
SNV8919,1
SNV8920,2
SNV8921,1
SNV8922,3
SNV8923,1
SNV8925,1
SNV8926,1
SNV8927,1
SNV8928,6
SNV8929,3
SNV8930,3
SNV8931,3
SNV8932,4
SNV8933,2
SNV8934,3
SNV8935,3
SNV8936,3
SNV8937,1
SNV8938,2
SNV8939,3
SNV8940,2
SNV8941,5
SNV8942,3
SNV8943,1
SNV8944,8
SNV8945,3
SNV8946,1
SNV8947,2
SNV8948,3
SNV8949,3
SNV8950,3
SNV8951,5
SNV8952,3
SNV8953,1
SNV8954,1
SNV8956,3
SNV8957,1
SNV8958,1
SNV8959,1
SNV8960,1
SNV8961,3
SNV8962,1
SNV8963,3
SNV8964,1
SNV8965,3
SNV8966,5
SNV8967,3
SNV8968,1
SNV8969,2
SNV8970,1
SNV8971,2
SNV8972,3
SNV8973,2
SNV8974,3
SNV8975,1
SNV8976,3
SNV8977,3
SNV8978,3
SNV8979,2
SNV8980,2
SNV8981,1
SNV8982,2
SNV8983,1
SNV8984,1
SNV8985,5
SNV8986,3
SNV8987,3
SNV8989,3
SNV8990,8
SNV8991,3
SNV8993,3
SNV8178,3
SNV8179,5
SNV8181,7
SNV8183,1
SNV8184,1
SNV8187,4
SNV8188,3
SNV8189,1
SNV8190,3
SNV8191,3
SNV8192,3
SNV8193,3
SNV8194,3
SNV8195,1
SNV8196,3
SNV8197,1
SNV8198,3
SNV8199,3
SNV8200,3
SNV8201,3
SNV8202,3
SNV8203,4
SNV8204,1
SNV8205,1
SNV8206,3
SNV8207,2
SNV8208,5
SNV8209,1
SNV8210,3
SNV8211,3
SNV8212,1
SNV8213,1
SNV8214,1
SNV8215,1
SNV8216,3
SNV8217,3
SNV8218,6
SNV8219,2
SNV8220,6
SNV8221,2
SNV8222,2
SNV8223,3
SNV8224,3
SNV8225,3
SNV8226,1
SNV8227,3
SNV8228,1
SNV8230,6
SNV8231,3
SNV8232,2
SNV8233,3
SNV8234,8
SNV8235,1
SNV8236,3
SNV8237,1
SNV8238,3
SNV8239,2
SNV8241,1
SNV8242,2
SNV8243,6
SNV8244,3
SNV8246,3
SNV8247,7
SNV8248,5
SNV8249,2
SNV8250,2
SNV8251,1
SNV8252,3
SNV8253,5
SNV8254,4
SNV8255,8
SNV8257,7
SNV8258,3
SNV8259,8
SNV8260,3
SNV8261,3
SNV8262,8
SNV8263,2
SNV8264,1
SNV8265,2
SNV8266,2
SNV8267,3
SNV8269,2
SNV8270,3
SNV8271,3
SNV8272,3
SNV8273,3
SNV8274,8
SNV8275,5
SNV8276,3
SNV8277,3
SNV8278,1
SNV8279,3
SNV8280,2
SNV8281,3
SNV8282,3
SNV8283,2
SNV8284,3
SNV8285,3
SNV8286,3
SNV8287,3
SNV8288,1
SNV8289,3
SNV8290,1
SNV8291,3
SNV8292,1
SNV8293,3
SNV8294,3
SNV8295,6
SNV8296,1
SNV8297,4
SNV8298,3
SNV8300,6
SNV8301,1
SNV8302,1
SNV8303,3
SNV8304,2
SNV8305,6
SNV8306,3
SNV8307,7
SNV8309,4
SNV8310,3
SNV8311,3
SNV8312,3
SNV8314,2
SNV8316,3
SNV8317,5
SNV8318,2
SNV8321,3
SNV8322,5
SNV8323,3
SNV8324,2
SNV8326,3
SNV8327,3
SNV8328,2
SNV8330,3
SNV8331,3
SNV8332,5
,1
SNV8333,2
SNV8334,1
SNV8335,2
SNV8337,3
SNV8339,3
SNV8340,3
SNV8341,3
SNV8342,1
SNV8343,3
SNV8344,3
SNV8345,1
SNV8346,2
SNV8347,5
SNV8348,2
SNV8349,4
SNV8350,3
SNV8351,3
SNV8352,1
SNV8353,3
SNV8354,2
SNV8355,6
SNV8356,2
SNV8357,1
SNV8358,3
SNV8359,5
SNV8361,2
SNV8362,2
SNV8363,1
SNV8364,1
SNV8365,3
SNV8366,3
SNV8367,5
SNV8368,1
SNV8369,6
SNV8370,4
SNV8371,1
SNV8372,1
SNV8373,3
SNV8374,3
SNV8375,1
SNV8376,6
SNV8377,8
SNV8378,1
SNV8379,1
SNV8380,3
SNV8381,1
SNV8382,3
SNV8383,3
SNV8384,2
SNV8385,3
SNV8386,3
SNV8387,1
SNV8388,3
SNV8389,1
SNV8390,4
SNV8391,3
SNV8392,3
SNV8393,2
SNV8394,1
SNV8395,2
SNV8396,3
SNV8397,1
SNV8398,3
SNV8399,2
SNV8400,1
SNV8401,1
SNV8402,3
SNV8403,3
SNV8404,2
SNV8405,3
SNV8406,1
SNV8407,1
SNV8408,3
SNV8409,1
SNV8410,3
SNV8411,8
SNV8412,3
SNV8413,3
SNV8414,4
SNV8415,3
SNV8416,3
SNV8417,6
SNV8418,7
SNV8419,8
SNV8420,4
SNV8421,6
SNV8422,1
SNV8423,2
SNV8424,3
SNV8425,3
SNV8426,3
SNV8427,6
SNV8428,5
SNV8429,2
SNV8430,3
SNV8432,3
SNV8433,3
SNV8434,3
SNV8435,3
SNV8436,1
SNV8437,2
SNV8438,7
SNV8439,2
SNV8440,1
SNV9212,2
SNV9233,3
SNV9279,1
SNV9125,3
SNV9129,3
,1
SNV9134,2
SNV9142,1
SNV9158,2
SNV9170,1
SNV9175,3
SNV9182,3
SNV9183,3
SNV9184,3
SNV9185,3
SNV9203,2
SNV9204,3
SNV9205,1
SNV9206,3
SNV9207,1
SNV9209,3
SNV9211,3
SNV9221,2
SNV9222,3
SNV9227,3
SNV9228,3
SNV9235,2
SNV9256,6
SNV9257,2
SNV9261,3
SNV9273,3
SNV9275,1
SNV9278,3
SNV9287,3
SNV9311,3
SNV9317,3
SNV9323,3
SNV9329,3
SNV9333,6
SNV9341,3
SNV8994,3
SNV8997,2
SNV9001,1
SNV9017,1
SNV9028,2
SNV9031,3
SNV9043,1
SNV9044,3
SNV9048,3
SNV9049,3
SNV9053,1
SNV9079,3
SNV9085,3
SNV9094,1
SNV9106,1
SNV9107,3
SNV9123,1
SNV9124,3
SNV9126,3
SNV9127,3
SNV9128,3
SNV9130,3
SNV9131,8
SNV9132,2
SNV9133,2
,1
SNV9135,7
SNV9136,2
SNV9137,3
SNV9138,1
SNV9139,1
SNV9140,7
SNV9141,1
SNV9143,1
SNV9144,1
SNV9145,1
SNV9146,2
SNV9147,3
SNV9148,3
SNV9149,3
SNV9150,1
SNV9151,2
SNV9152,1
SNV9153,2
SNV9154,3
SNV9155,5
SNV9156,3
SNV9157,3
SNV9159,3
SNV9160,1
SNV9161,3
SNV9162,2
SNV9163,3
SNV9164,5
SNV9165,3
SNV9166,1
SNV9167,3
SNV9168,3
SNV9169,3
SNV9171,4
SNV9172,3
SNV9173,3
SNV9174,2
SNV9176,1
SNV9177,3
SNV9178,2
SNV9179,3
SNV9180,3
SNV9181,3
SNV9186,1
SNV9187,2
SNV9188,3
SNV9189,2
SNV9190,1
SNV9234,1
SNV9236,3
SNV9237,3
SNV9238,3
SNV9239,3
SNV9240,2
SNV9241,2
SNV9242,2
SNV9243,3
SNV9244,7
SNV9245,5
SNV9246,2
SNV9247,3
SNV9248,3
SNV9249,6
SNV9250,3
SNV9251,3
SNV9252,3
SNV9253,3
SNV9254,3
SNV9255,3
SNV9258,3
SNV9259,3
SNV9260,3
SNV9262,3
SNV9263,3
SNV9264,4
SNV9265,3
SNV9266,2
SNV9267,3
SNV9268,3
SNV9269,3
SNV9270,1
SNV9271,2
SNV9272,4
SNV9274,2
SNV9276,3
SNV9277,6
SNV9280,3
SNV9281,3
SNV9282,3
SNV9283,3
SNV9284,3
SNV9285,3
SNV9286,3
SNV9289,6
SNV9290,4
SNV9291,3
SNV9292,2
SNV9293,2
SNV9294,3
SNV9295,3
SNV9296,3
SNV9297,1
SNV9298,3
SNV9299,3
SNV9300,2
SNV9301,3
SNV9302,2
SNV9303,3
SNV9304,5
SNV9305,7
SNV9306,3
SNV9307,3
SNV9308,3
SNV9309,6
SNV9310,7
SNV9312,2
SNV9313,6
SNV9314,3
SNV9315,1
SNV9316,2
SNV9318,7
SNV9319,3
SNV9320,6
SNV9321,1
SNV9322,3
SNV9324,3
SNV9325,3
SNV9326,1
SNV9327,2
SNV9328,3
SNV9330,3
SNV9331,2
SNV9332,5
SNV9334,7
SNV9335,1
SNV9336,2
SNV9337,3
SNV9338,3
SNV9339,1
SNV9340,2
SNV8995,2
SNV8996,3
SNV8998,3
SNV8999,3
SNV9000,1
SNV9002,8
SNV9003,2
SNV9004,2
SNV9005,3
SNV9006,1
SNV9007,1
SNV9008,2
SNV9009,1
SNV9010,2
SNV9011,6
SNV9013,1
SNV9014,3
SNV9015,6
SNV9016,6
SNV9018,2
SNV9019,3
SNV9020,1
SNV9021,1
SNV9022,3
SNV9023,1
SNV9024,1
SNV9025,2
SNV9026,7
SNV9027,3
SNV9029,3
SNV9030,2
SNV9032,3
SNV9033,7
SNV9034,3
SNV9035,5
SNV9036,3
SNV9037,1
SNV9038,3
SNV9039,3
SNV9040,5
SNV9041,1
SNV9042,2
SNV9045,3
,3
SNV9046,3
SNV9047,3
SNV9050,3
SNV9051,2
SNV9052,1
SNV9054,3
SNV9055,3
SNV9056,6
,3
SNV9057,3
SNV9058,1
SNV9059,3
SNV9060,3
SNV9061,1
SNV9062,3
SNV9063,3
SNV9064,3
SNV9065,1
SNV9066,3
SNV9067,3
SNV9068,3
SNV9069,2
SNV9070,3
SNV9071,3
SNV9072,6
SNV9073,3
SNV9074,2
SNV9075,1
SNV9076,2
SNV9077,1
SNV9078,3
SNV9080,2
SNV9081,3
SNV9082,2
SNV9083,3
SNV9084,3
SNV9086,3
SNV9087,3
SNV9088,1
SNV9089,3
SNV9090,3
SNV9091,3
SNV9092,7
SNV9093,3
SNV9095,2
SNV9096,1
SNV9097,3
SNV9098,1
SNV9100,3
SNV9101,3
SNV9102,8
SNV9103,3
SNV9104,3
SNV9105,3
SNV9108,3
SNV9109,2
SNV9110,3
SNV9111,2
SNV9112,3
SNV79,8
SNV98,3
SNV100,6
SNV114,6
SNV118,3
SNV122,3
SNV126,1
SNV149,2
SNV176,2
SNV183,3
SNV202,3
SNV210,3
SNV240,2
SNV255,3
SNV256,3
SNV264,3
SNV286,3
SNV290,3
SNV291,3
SNV297,3
SNV308,3
SNV320,4
SNV350,3
SNV356,3
SNV365,3
SNV368,1
SNV369,3
SNV0,3
SNV1,3
SNV2,3
SNV4,1
SNV8,3
SNV48,1
SNV51,3
SNV77,1
SNV83,3
SNV88,1
SNV91,3
SNV92,3
SNV93,2
SNV94,2
SNV95,3
SNV96,2
SNV97,2
SNV99,3
SNV101,2
SNV102,3
SNV103,2
SNV104,3
SNV105,3
SNV106,3
SNV107,3
SNV108,3
SNV109,3
SNV110,3
SNV111,3
SNV112,3
SNV113,3
SNV115,3
SNV116,3
SNV117,2
SNV119,2
SNV120,3
SNV121,2
SNV123,3
SNV124,3
SNV125,3
SNV127,3
SNV128,3
SNV129,1
SNV130,2
SNV131,3
SNV132,7
SNV133,3
SNV134,3
SNV135,8
SNV136,1
SNV137,3
SNV138,3
SNV139,7
SNV140,3
SNV141,2
SNV142,3
SNV143,2
SNV144,3
SNV145,2
SNV146,7
SNV147,3
SNV148,3
SNV150,3
SNV151,5
SNV152,3
SNV153,3
SNV173,3
SNV174,3
SNV175,2
SNV177,1
SNV178,1
SNV179,1
SNV180,3
SNV181,3
SNV182,3
SNV184,2
SNV185,2
,2
SNV186,1
SNV187,1
,1
SNV188,1
SNV189,1
SNV190,1
SNV191,2
SNV192,3
SNV193,3
SNV194,3
SNV195,3
SNV196,3
SNV197,3
SNV198,3
SNV199,2
SNV200,2
SNV201,1
SNV203,3
SNV204,8
SNV205,2
SNV206,3
SNV207,5
SNV208,3
,4
SNV209,7
SNV212,1
SNV213,1
SNV214,3
SNV215,3
SNV216,3
SNV217,2
SNV218,2
SNV219,1
SNV220,1
SNV221,1
SNV222,1
SNV223,1
SNV224,3
SNV225,3
SNV227,3
SNV228,3
SNV229,3
SNV230,8
SNV231,3
SNV232,3
SNV233,2
SNV234,3
SNV235,2
SNV236,3
SNV237,3
SNV238,3
SNV239,6
SNV241,2
SNV242,3
SNV243,1
SNV244,3
SNV245,1
SNV246,1
SNV247,4
SNV248,3
SNV249,3
SNV250,3
SNV251,3
SNV252,3
SNV253,6
SNV254,1
SNV257,3
SNV258,1
SNV259,3
SNV260,3
SNV261,1
SNV262,3
SNV263,3
SNV265,3
SNV266,2
SNV267,1
SNV268,3
SNV269,3
SNV270,3
SNV271,2
SNV272,2
SNV274,1
SNV275,1
SNV276,1
SNV277,3
SNV278,1
SNV279,3
SNV280,1
SNV281,8
SNV282,3
SNV283,1
SNV284,1
SNV285,3
SNV288,3
SNV289,3
SNV292,3
SNV293,8
SNV294,3
SNV295,2
SNV296,3
SNV298,2
SNV300,3
SNV301,3
SNV302,3
SNV303,2
SNV304,2
SNV305,3
SNV306,3
SNV307,3
SNV309,3
SNV310,3
SNV311,3
,1
SNV312,2
SNV313,3
SNV314,3
SNV315,6
SNV316,1
SNV317,3
SNV318,7
SNV319,3
SNV321,3
SNV322,3
SNV323,3
SNV324,6
SNV325,2
SNV326,2
SNV327,4
SNV328,3
SNV329,2
SNV330,2
SNV331,3
SNV332,2
SNV333,3
SNV334,2
SNV335,1
SNV337,3
SNV338,3
SNV339,4
SNV340,3
SNV341,3
SNV342,3
SNV343,3
SNV344,3
SNV345,3
SNV346,3
SNV347,3
SNV348,3
SNV349,3
SNV351,2
SNV352,7
SNV353,2
SNV354,2
SNV355,2
SNV357,3
SNV358,2
SNV360,3
SNV361,3
SNV362,3
SNV363,3
SNV364,5
SNV366,1
SNV367,2
SNV370,1
SNV371,3
SNV372,3
SNV373,3
SNV374,3
SNV3,3
SNV5,3
SNV6,3
SNV7,3
SNV9,3
SNV10,1
SNV11,3
SNV12,2
SNV13,2
SNV14,1
SNV15,6
SNV16,3
SNV17,2
SNV18,6
SNV19,6
SNV20,2
SNV21,2
SNV22,2
SNV23,7
SNV24,3
SNV25,6
SNV26,3
SNV27,3
SNV28,3
SNV29,3
SNV30,3
SNV31,2
SNV32,5
,3
SNV33,3
SNV34,2
SNV35,6
SNV36,3
SNV37,3
SNV38,1
SNV39,3
SNV40,2
SNV41,1
SNV42,3
SNV43,5
SNV44,6
SNV45,2
SNV46,3
SNV47,3
SNV49,1
SNV50,3
SNV52,3
SNV53,3
SNV54,1
SNV55,3
SNV56,3
SNV57,2
SNV58,3
SNV59,3
SNV60,2
SNV61,3
SNV62,3
SNV63,2
SNV64,1
SNV65,1
SNV66,3
SNV67,3
SNV68,2
SNV69,2
SNV70,2
SNV71,3
SNV72,3
SNV73,3
SNV74,3
SNV75,3
SNV76,3
SNV78,1
SNV80,3
SNV81,2
SNV82,6
SNV84,1
SNV85,1
SNV86,3
SNV87,2
SNV89,3
SNV605,2
SNV626,3
SNV630,2
SNV640,3
SNV657,1
SNV658,1
SNV662,2
SNV666,3
SNV667,3
SNV669,3
SNV692,3
SNV698,3
SNV707,3
SNV729,3
SNV755,3
SNV774,3
SNV379,3
SNV394,1
SNV408,3
SNV412,7
SNV423,1
SNV429,3
SNV440,3
SNV446,2
SNV453,3
SNV471,3
SNV488,5
SNV496,5
SNV497,3
SNV498,3
SNV499,2
SNV500,2
SNV501,3
SNV502,1
SNV503,3
SNV504,3
SNV506,3
SNV507,3
SNV508,3
SNV509,3
SNV510,3
SNV511,3
SNV512,3
SNV513,3
SNV514,1
SNV515,2
SNV516,3
SNV517,3
SNV518,3
SNV519,3
SNV520,3
SNV521,3
SNV523,3
SNV524,3
SNV525,5
SNV527,1
SNV529,1
SNV530,1
SNV531,3
SNV532,3
SNV533,1
SNV534,6
SNV535,3
SNV536,3
SNV537,3
SNV538,7
SNV540,3
SNV541,3
SNV542,3
SNV543,6
SNV544,3
SNV545,1
SNV546,3
SNV547,7
SNV548,3
SNV549,2
SNV550,3
SNV551,6
SNV552,2
SNV553,3
SNV554,3
SNV556,3
SNV557,2
SNV559,2
SNV560,5
SNV562,3
SNV563,3
SNV564,1
SNV565,2
SNV566,3
SNV567,3
SNV568,3
SNV569,3
SNV570,2
SNV571,3
SNV572,1
SNV573,1
SNV574,1
SNV575,2
SNV576,3
SNV577,1
SNV578,3
SNV579,1
SNV580,6
SNV581,6
SNV582,6
SNV583,1
SNV584,3
SNV585,3
SNV586,2
SNV587,2
SNV588,3
SNV589,3
SNV590,3
SNV593,1
SNV594,2
SNV596,3
SNV597,3
SNV598,1
SNV599,3
SNV600,3
SNV601,3
SNV602,5
SNV603,3
SNV604,3
SNV606,2
SNV607,3
SNV608,2
SNV609,3
SNV610,3
SNV611,1
SNV612,3
SNV613,3
SNV614,2
SNV615,3
SNV616,3
SNV617,3
SNV618,3
SNV619,3
SNV620,3
SNV621,1
SNV622,3
SNV623,3
SNV624,1
SNV625,7
SNV629,1
SNV631,1
SNV632,3
SNV633,3
SNV634,3
SNV635,2
SNV636,3
SNV637,3
SNV638,2
SNV639,3
SNV641,1
SNV642,3
SNV643,3
SNV644,1
SNV645,3
SNV646,3
SNV647,3
SNV648,3
SNV649,2
SNV650,2
SNV651,3
SNV652,3
SNV653,3
SNV654,2
SNV655,1
SNV656,2
SNV659,3
SNV660,3
SNV661,3
SNV663,2
SNV664,7
SNV665,2
SNV668,3
SNV680,3
SNV681,3
SNV682,3
SNV683,1
SNV684,5
SNV685,3
SNV686,3
SNV688,3
SNV689,3
SNV690,8
SNV691,1
SNV693,1
SNV694,3
SNV695,3
SNV696,1
SNV697,4
SNV699,3
SNV700,2
SNV701,3
SNV702,3
SNV703,3
SNV704,8
SNV705,3
SNV706,3
SNV708,3
SNV709,3
SNV710,2
SNV711,2
SNV712,3
SNV713,6
SNV714,2
SNV715,3
SNV716,2
SNV717,1
SNV718,5
SNV719,1
SNV720,1
SNV721,2
SNV722,3
SNV723,7
SNV724,3
SNV725,3
SNV726,2
SNV727,2
SNV728,3
SNV730,1
SNV731,3
SNV732,3
SNV733,3
SNV734,3
SNV735,2
SNV736,3
SNV737,2
SNV738,3
SNV739,2
SNV740,3
SNV741,2
SNV742,3
SNV743,3
SNV744,3
SNV745,3
SNV746,1
SNV747,5
SNV748,2
SNV749,1
SNV750,1
SNV751,3
SNV752,7
SNV753,1
SNV754,1
SNV756,3
SNV757,2
SNV758,3
SNV759,2
SNV760,3
SNV761,7
SNV762,3
SNV764,3
SNV765,8
SNV766,3
SNV767,3
SNV768,3
SNV769,3
SNV770,3
SNV771,1
SNV772,3
SNV773,2
SNV775,3
SNV776,3
SNV777,3
SNV375,3
SNV376,1
SNV377,1
SNV378,2
,1
SNV380,1
SNV381,3
SNV382,3
SNV383,2
SNV384,8
SNV385,6
SNV386,2
SNV387,8
SNV388,1
SNV389,3
SNV390,2
SNV391,3
SNV392,1
SNV393,3
SNV395,3
SNV396,3
SNV397,3
SNV398,3
SNV399,3
SNV400,3
SNV401,3
SNV402,1
SNV403,1
SNV404,3
SNV405,1
SNV406,3
SNV407,3
SNV409,3
SNV410,3
SNV411,3
SNV413,6
SNV414,3
SNV415,8
SNV416,3
SNV417,2
SNV418,2
SNV419,2
SNV420,3
SNV421,3
SNV422,3
SNV424,2
SNV425,3
SNV426,3
SNV427,3
SNV428,3
SNV430,3
SNV431,5
SNV432,1
SNV433,2
SNV434,3
SNV435,3
SNV436,3
SNV437,3
SNV438,2
SNV439,6
SNV441,3
SNV442,4
SNV443,3
SNV444,3
,2
SNV445,3
SNV447,3
SNV448,2
SNV449,3
SNV450,3
SNV451,3
SNV452,1
SNV454,3
SNV455,3
SNV456,2
SNV457,1
SNV458,1
SNV459,2
SNV460,3
SNV461,3
SNV462,3
SNV463,1
SNV464,1
SNV465,1
SNV466,3
SNV467,3
SNV468,3
SNV469,3
SNV470,1
SNV472,2
SNV473,3
SNV474,3
,3
SNV475,2
SNV476,2
SNV477,1
SNV478,3
SNV480,6
SNV481,3
SNV482,2
SNV483,3
SNV484,3
SNV485,3
SNV486,3
SNV487,2
SNV489,3
SNV490,3
SNV491,3
SNV492,2
SNV493,2
SNV494,3
SNV495,3
SNV1117,3
SNV875,8
SNV880,1
SNV896,6
SNV897,1
SNV932,2
SNV939,6
SNV954,8
SNV955,1
SNV975,3
SNV977,3
SNV979,3
SNV988,4
SNV1007,3
SNV1012,1
SNV1013,1
SNV1023,3
SNV1028,3
SNV1031,1
SNV1032,3
SNV1044,3
SNV1072,3
SNV1081,1
SNV1094,3
SNV1096,3
SNV1124,1
SNV1137,3
SNV1143,1
SNV1144,3
SNV1183,5
SNV1184,3
SNV783,3
SNV790,3
SNV793,3
SNV820,2
SNV821,2
SNV835,3
SNV869,6
SNV872,2
SNV873,2
SNV874,1
SNV876,1
SNV877,1
SNV878,5
SNV879,1
SNV881,6
SNV883,3
SNV884,1
SNV885,1
SNV886,2
SNV887,6
SNV888,3
SNV889,3
SNV890,7
SNV891,3
SNV892,3
SNV893,7
SNV894,3
SNV895,1
SNV898,3
SNV899,1
SNV900,1
SNV901,3
SNV902,6
SNV903,3
SNV904,3
SNV905,1
SNV906,8
SNV907,3
SNV908,3
SNV909,1
SNV910,1
SNV911,2
SNV912,2
SNV913,3
SNV914,3
SNV915,2
SNV916,3
SNV917,3
SNV918,2
SNV919,3
SNV920,3
SNV921,3
SNV922,1
SNV923,1
SNV924,3
SNV925,1
SNV926,3
SNV927,1
SNV928,2
SNV929,3
SNV930,2
SNV931,2
SNV933,3
SNV934,3
SNV935,1
SNV936,1
SNV937,3
SNV938,3
SNV940,2
SNV941,1
SNV942,1
SNV943,3
SNV944,2
SNV945,2
SNV946,3
SNV947,3
SNV948,3
SNV949,3
SNV950,2
SNV951,2
SNV952,1
SNV953,2
SNV956,1
SNV957,3
SNV958,6
SNV959,3
SNV960,3
SNV961,3
SNV962,3
SNV963,3
SNV964,1
SNV965,1
SNV966,3
SNV967,3
SNV968,2
SNV969,1
SNV970,3
SNV971,1
SNV972,3
SNV973,3
SNV985,2
SNV986,3
SNV987,3
SNV989,2
SNV990,6
SNV991,6
SNV992,3
SNV993,3
SNV994,3
SNV995,2
SNV996,3
SNV997,1
SNV998,3
,6
SNV999,3
SNV1000,3
SNV1001,3
SNV1002,2
SNV1003,3
SNV1004,3
SNV1005,3
SNV1006,3
SNV1008,3
SNV1009,2
SNV1010,2
SNV1011,3
SNV1014,3
SNV1015,3
SNV1016,3
SNV1017,2
SNV1018,3
SNV1019,3
SNV1020,1
SNV1021,3
SNV1022,3
SNV1024,3
SNV1025,2
SNV1026,3
SNV1027,3
SNV1029,1
SNV1030,1
SNV1033,6
SNV1034,3
SNV1035,3
SNV1036,1
SNV1037,2
SNV1038,2
SNV1039,1
SNV1040,6
SNV1041,1
SNV1042,2
SNV1043,1
SNV1045,1
SNV1046,1
SNV1047,6
SNV1048,3
SNV1049,5
SNV1050,2
SNV1051,3
SNV1052,3
SNV1053,3
SNV1054,3
SNV1055,3
SNV1056,3
SNV1057,3
SNV1058,3
SNV1059,3
SNV1060,3
SNV1061,3
SNV1062,3
SNV1063,3
SNV1064,2
SNV1065,1
SNV1066,3
SNV1067,3
SNV1068,3
SNV1069,1
SNV1070,3
SNV1071,3
SNV1073,3
SNV1074,3
SNV1075,2
SNV1076,2
SNV1077,3
SNV1078,2
SNV1079,8
SNV1080,1
SNV1082,2
SNV1083,3
SNV1084,7
SNV1085,2
SNV1086,1
SNV1087,2
SNV1088,3
SNV1089,3
SNV1090,3
SNV1091,3
SNV1092,3
SNV1093,1
SNV1095,2
SNV1097,2
SNV1098,3
SNV1099,2
SNV1100,3
SNV1101,2
SNV1102,1
,1
SNV1103,3
SNV1104,3
,5
SNV1105,3
SNV1107,1
SNV1108,2
SNV1109,3
SNV1110,8
SNV1111,2
SNV1112,3
SNV1113,3
SNV1114,2
SNV1115,6
SNV1116,3
SNV1118,1
SNV1119,1
SNV1120,3
SNV1121,2
SNV1122,3
SNV1123,2
SNV1125,2
SNV1126,3
SNV1127,1
SNV1128,3
,1
SNV1129,3
SNV1130,3
SNV1131,3
SNV1132,3
SNV1133,3
SNV1134,2
SNV1135,1
SNV1136,2
SNV1138,2
SNV1139,3
SNV1140,2
SNV1141,3
SNV1142,6
SNV1145,3
SNV1146,3
SNV1147,3
SNV1148,3
SNV1149,2
SNV1150,3
SNV1151,2
SNV1152,3
SNV1153,3
SNV1154,6
SNV1155,3
SNV1156,3
SNV1157,5
SNV1158,3
SNV1159,2
SNV1160,3
SNV1161,6
SNV1162,6
SNV1163,3
SNV1164,3
SNV1165,3
SNV1166,2
SNV1167,5
SNV1168,7
SNV1169,3
SNV1170,1
SNV1171,3
SNV1172,3
SNV1173,2
SNV1174,3
SNV1175,2
SNV1176,1
SNV1177,2
SNV1178,6
SNV1179,2
SNV1180,3
SNV1181,1
SNV1182,8
SNV1185,1
SNV1186,3
SNV1187,3
SNV1188,6
SNV778,6
SNV779,1
SNV780,3
SNV781,3
SNV782,1
SNV784,3
SNV785,1
SNV786,3
SNV787,3
SNV788,3
SNV789,3
SNV791,3
SNV792,3
SNV794,6
SNV795,3
,1
SNV796,3
SNV797,3
SNV798,5
SNV799,1
SNV800,3
SNV801,3
SNV802,3
SNV803,5
SNV804,2
SNV805,4
SNV806,2
,3
SNV807,3
SNV808,2
SNV809,2
SNV810,3
SNV811,1
SNV812,3
SNV813,3
SNV814,3
SNV815,1
SNV816,3
SNV817,3
SNV818,2
SNV819,7
SNV822,3
SNV823,3
SNV824,3
SNV825,3
SNV826,3
SNV827,3
SNV828,3
SNV829,2
SNV830,1
SNV831,3
SNV832,2
SNV833,3
SNV834,3
SNV840,4
SNV841,3
SNV842,4
SNV843,3
SNV844,3
SNV845,3
SNV846,3
SNV847,3
SNV848,1
SNV849,1
SNV850,2
SNV851,3
SNV852,3
SNV853,4
SNV854,2
SNV855,3
SNV856,1
SNV857,1
SNV858,3
SNV859,3
SNV860,1
SNV861,5
SNV862,3
SNV863,1
SNV864,1
SNV1276,3
SNV1277,2
SNV1278,3
SNV1279,2
SNV1280,1
SNV1281,1
SNV1282,3
SNV1283,1
SNV1284,3
SNV1285,2
SNV1286,3
SNV1287,2
SNV1288,6
SNV1289,3
SNV1290,3
SNV1291,2
SNV1292,3
SNV1293,2
SNV1294,1
SNV1295,5
SNV1296,2
SNV1297,3
SNV1298,2
SNV1299,3
SNV1300,3
SNV1301,4
SNV1302,1
SNV1303,3
SNV1304,3
SNV1305,3
SNV1306,2
SNV1307,2
SNV1308,3
SNV1309,2
SNV1310,2
SNV1311,1
SNV1312,3
SNV1313,2
SNV1314,3
SNV1315,3
SNV1316,4
SNV1317,2
SNV1318,6
SNV1319,2
SNV1320,3
SNV1321,5
SNV1322,3
SNV1323,4
SNV1324,3
SNV1325,1
SNV1326,3
SNV1327,3
SNV1328,1
SNV1329,2
SNV1330,1
SNV1331,4
SNV1332,2
SNV1333,3
SNV1334,3
SNV1335,3
SNV1336,3
SNV1337,2
SNV1338,3
SNV1339,3
SNV1340,1
SNV1341,2
SNV1342,1
SNV1343,2
SNV1344,3
SNV1345,3
SNV1346,3
SNV1347,3
SNV1348,3
SNV1349,5
SNV1350,2
SNV1351,3
SNV1352,2
SNV1353,1
SNV1354,2
SNV1355,5
SNV1356,5
SNV1357,3
SNV1358,3
SNV1359,3
SNV1360,1
SNV1361,1
SNV1362,2
SNV1363,1
SNV1364,3
SNV1365,6
SNV1366,2
SNV1367,3
SNV1368,1
SNV1369,3
SNV1370,1
SNV1371,3
SNV1372,2
SNV1373,2
SNV1374,2
SNV1375,3
SNV1376,3
SNV1377,1
SNV1378,3
SNV1379,2
SNV1380,2
SNV1381,2
SNV1382,2
SNV1383,1
SNV1384,3
SNV1385,1
SNV1386,3
SNV1387,1
SNV1388,6
SNV1389,1
SNV1390,4
SNV1391,3
SNV1392,3
SNV1393,3
SNV1394,8
SNV1395,3
SNV1396,3
SNV1397,3
SNV1398,1
SNV1399,3
SNV1400,5
SNV1401,3
SNV1402,3
SNV1403,3
SNV1404,3
SNV1405,1
SNV1406,1
SNV1407,3
SNV1408,1
SNV1409,3
SNV1410,3
SNV1411,1
SNV1412,3
SNV1413,6
SNV1414,3
SNV1415,1
SNV1416,3
SNV1417,2
SNV1418,1
SNV1419,1
SNV1420,1
SNV1421,3
SNV1422,3
SNV1423,2
SNV1424,2
SNV1425,2
SNV1426,2
SNV1427,6
SNV1428,1
SNV1429,1
SNV1430,3
SNV1431,2
SNV1432,2
SNV1433,3
SNV1434,3
SNV1435,2
SNV1436,2
SNV1437,2
SNV1438,2
SNV1439,6
SNV1440,2
SNV1441,5
SNV1442,6
,1
SNV1443,3
SNV1444,3
SNV1445,3
SNV1446,3
SNV1447,3
SNV1448,1
SNV1449,1
SNV1450,2
SNV1451,2
,1
SNV1452,2
SNV1453,2
SNV1454,6
SNV1455,6
SNV1456,1
SNV1457,3
SNV1458,3
SNV1459,3
SNV1460,7
SNV1461,3
SNV1462,2
SNV1463,3
SNV1464,6
SNV1465,3
SNV1466,3
SNV1467,3
SNV1468,3
SNV1469,4
SNV1470,3
SNV1471,3
SNV1472,3
SNV1473,3
SNV1474,1
SNV1475,3
SNV1476,2
SNV1477,1
SNV1478,3
SNV1479,2
SNV1480,1
SNV1481,3
SNV1482,3
SNV1483,1
SNV1484,3
SNV1485,7
SNV1486,6
SNV1487,3
SNV1488,2
SNV1489,3
SNV1490,6
SNV1491,3
SNV1492,3
SNV1493,2
SNV1494,2
SNV1495,2
SNV1496,3
SNV1497,3
SNV1498,1
SNV1499,3
SNV1500,2
SNV1501,3
SNV1502,1
SNV1503,1
SNV1504,1
SNV1505,1
SNV1506,2
SNV1190,3
SNV1191,3
SNV1192,1
SNV1193,3
SNV1194,3
SNV1195,3
SNV1196,2
SNV1197,3
SNV1198,3
SNV1199,1
SNV1201,3
SNV1202,3
SNV1203,2
SNV1204,3
SNV1205,3
SNV1206,3
SNV1207,3
SNV1208,6
SNV1209,1
SNV1210,3
SNV1211,1
SNV1212,3
SNV1213,3
SNV1214,1
SNV1215,1
SNV1216,6
SNV1217,3
SNV1218,3
SNV1219,6
SNV1220,1
SNV1221,3
SNV1222,3
SNV1223,1
SNV1224,3
SNV1225,3
SNV1226,6
SNV1227,3
SNV1228,1
SNV1229,5
SNV1230,1
SNV1231,2
SNV1531,1
SNV1532,4
SNV1533,3
SNV1534,3
SNV1535,3
SNV1536,1
SNV1537,2
SNV1538,2
SNV1539,3
SNV1540,2
SNV1541,3
SNV1542,3
SNV1543,3
SNV1544,6
SNV1545,3
SNV1546,2
SNV1547,1
SNV1548,5
SNV1549,2
SNV1550,3
SNV1551,3
SNV1552,4
SNV1553,2
SNV1554,5
SNV1555,3
SNV1556,3
SNV1557,2
SNV1558,3
SNV1559,2
,1
SNV1560,3
SNV1561,3
SNV1562,3
SNV1563,3
,1
SNV1564,3
SNV1565,2
SNV1566,3
SNV1567,3
SNV1568,3
SNV1569,2
SNV1570,2
SNV1571,3
SNV1572,2
SNV1573,2
SNV1574,2
SNV1575,2
SNV1576,3
SNV1577,1
SNV1578,3
SNV1579,1
SNV1580,3
SNV1581,3
SNV1582,3
SNV1583,2
SNV1584,3
SNV1585,1
SNV1586,3
SNV1587,3
SNV1588,5
SNV1589,6
SNV1590,3
SNV1591,4
SNV1592,3
SNV1593,8
SNV1594,1
SNV1595,1
SNV1596,3
SNV1597,4
SNV1598,1
SNV1599,1
SNV1600,3
SNV1601,3
SNV1602,3
SNV1603,1
SNV1604,2
SNV1605,3
SNV1606,2
SNV1607,2
SNV1608,6
SNV1609,1
SNV1610,3
SNV1611,3
SNV1612,6
SNV1613,2
SNV1614,3
SNV1615,3
SNV1616,3
SNV1617,2
SNV1618,3
SNV1619,3
SNV1620,2
SNV1621,3
,1
SNV1622,4
SNV1623,6
SNV1624,3
SNV1625,1
,3
SNV1626,1
SNV1627,5
SNV1628,3
SNV1629,2
SNV1630,1
SNV1631,3
SNV1632,3
SNV1633,4
SNV1634,3
SNV1635,6
SNV1636,2
SNV1637,5
SNV1638,3
SNV1639,3
SNV1640,7
SNV1641,3
SNV1643,2
SNV1644,3
SNV1645,3
SNV1646,3
SNV1647,5
SNV1648,1
SNV1649,6
SNV1650,2
SNV1651,5
SNV1652,3
SNV1653,3
SNV1654,3
SNV1655,7
SNV1656,3
SNV1657,3
SNV1658,1
SNV1659,3
SNV1660,3
SNV1661,5
SNV1662,3
SNV1663,1
SNV1664,8
SNV1665,7
SNV1666,2
SNV1667,2
SNV1668,3
,1
,1
SNV1669,3
SNV1670,5
SNV1671,3
SNV1672,3
SNV1673,2
SNV1674,4
SNV1675,3
SNV1676,3
SNV1677,1
SNV1678,3
SNV1679,2
SNV1680,7
SNV1681,3
SNV1682,5
SNV1683,1
SNV1684,2
SNV1685,2
SNV1686,3
SNV1687,1
SNV1688,3
SNV1689,2
SNV1690,3
SNV1691,3
SNV1692,3
SNV1693,3
SNV1694,1
SNV1695,2
SNV1696,2
SNV1697,3
SNV1698,6
SNV1699,2
SNV1700,2
SNV1701,2
SNV1702,1
SNV1703,3
SNV1704,2
SNV1705,2
SNV1706,3
SNV1707,1
SNV1708,3
SNV1709,2
SNV1710,2
SNV1711,3
SNV1712,3
SNV1713,3
SNV1714,6
SNV1715,3
SNV1716,3
SNV1717,3
SNV1718,6
SNV1719,3
SNV1720,6
SNV1721,3
SNV1722,2
SNV1723,1
SNV1724,3
SNV1725,2
SNV1726,2
SNV1727,2
SNV1728,3
SNV1729,3
SNV1730,2
SNV1731,1
SNV1732,2
SNV1733,3
SNV1734,3
SNV1735,3
SNV1736,3
SNV1737,1
SNV1738,3
SNV1739,3
SNV1740,1
SNV1741,2
SNV1742,3
SNV1743,3
SNV1744,8
SNV1745,1
SNV1746,3
SNV1747,6
SNV1748,3
SNV1749,5
SNV1750,3
SNV1751,1
SNV1752,3
SNV1753,1
SNV1754,8
SNV1755,3
SNV1756,3
SNV1757,1
SNV1758,3
SNV1759,2
SNV1760,3
SNV1761,3
SNV1762,2
SNV1763,3
SNV1764,8
SNV1765,7
SNV1766,3
SNV1767,1
SNV1768,2
SNV1769,3
SNV1770,3
SNV1771,1
SNV1772,6
SNV1773,3
SNV1774,3
SNV1775,3
SNV1776,2
SNV1777,3
SNV1778,8
SNV1779,2
SNV1780,3
SNV1781,3
SNV1782,5
SNV1783,2
SNV1784,3
SNV1785,8
SNV1786,3
SNV1787,3
SNV1788,8
SNV1789,3
SNV1790,3
SNV1791,3
SNV1792,2
SNV1793,3
SNV1794,3
SNV1795,3
SNV1796,1
SNV1797,3
SNV1798,7
SNV1799,3
SNV1800,1
SNV1801,2
SNV1802,1
SNV1803,3
SNV1804,2
SNV1805,1
SNV1806,4
SNV1807,2
SNV1808,3
SNV1809,2
SNV1810,1
SNV1811,3
SNV1812,3
SNV1813,2
SNV1814,1
SNV1815,1
SNV1816,1
SNV1817,3
SNV1818,6
SNV1819,2
SNV1820,3
SNV1821,3
SNV1822,3
SNV1823,3
SNV1507,2
SNV1508,3
SNV1509,3
SNV1510,7
SNV1522,7
SNV1839,1
SNV1840,3
SNV1841,3
SNV1842,7
SNV1847,2
SNV1848,1
SNV1849,3
SNV1850,3
SNV1851,3
SNV1852,3
SNV1853,3
SNV1854,2
SNV1855,1
SNV1856,2
SNV1857,3
SNV1858,3
SNV1859,1
SNV1860,2
SNV1861,6
SNV1862,3
SNV1863,1
SNV1864,2
SNV1866,3
SNV1867,2
SNV1868,3
SNV1869,1
SNV1870,6
SNV1871,2
SNV1872,3
SNV1873,3
SNV1874,3
SNV1875,3
SNV1876,1
SNV1877,3
SNV1878,2
SNV1879,3
SNV1880,2
SNV1882,3
SNV1883,5
SNV1884,2
SNV1885,7
SNV1886,3
SNV1887,2
SNV1888,3
SNV1889,3
SNV1890,2
SNV1892,1
SNV1893,3
SNV1894,3
SNV1895,1
SNV1896,3
SNV1897,2
SNV1898,7
SNV1899,3
SNV1900,1
SNV1901,1
SNV1902,1
SNV1904,3
SNV1905,7
SNV1906,2
SNV1907,3
SNV1908,5
SNV1909,3
SNV1910,4
SNV1911,2
SNV1912,3
SNV1913,6
SNV1914,8
SNV1915,1
SNV1916,6
SNV1917,2
SNV1918,3
SNV1919,2
SNV1920,2
SNV1921,1
SNV1922,2
SNV1923,1
SNV1924,3
SNV1925,7
SNV1926,3
SNV1927,5
SNV1928,3
SNV1929,2
SNV1930,2
SNV1931,3
SNV1932,1
SNV1933,3
SNV1934,3
SNV1935,3
SNV1937,3
SNV1938,1
SNV1939,3
SNV1940,5
SNV1941,3
SNV1942,3
SNV1943,3
SNV1944,3
SNV1945,6
SNV1946,5
SNV1947,3
SNV1948,1
SNV1949,2
SNV1950,6
SNV1951,3
SNV1952,3
SNV1953,3
SNV1954,6
SNV1955,2
SNV1956,1
SNV1957,2
SNV1958,6
SNV1959,5
,3
SNV1960,3
SNV1961,7
SNV1962,6
SNV1963,2
SNV1964,1
SNV1965,4
SNV1966,1
SNV1967,3
SNV1968,2
SNV1969,1
SNV1970,5
SNV1971,3
SNV1972,3
SNV1973,3
SNV1974,3
SNV1975,7
SNV1976,1
SNV1977,1
SNV1978,1
SNV1979,1
SNV1980,3
SNV1981,5
SNV1982,5
SNV1983,3
SNV1984,3
SNV1985,5
SNV1986,3
SNV1987,1
SNV1988,1
SNV1989,3
SNV1990,4
SNV1991,1
SNV1992,3
SNV1993,3
SNV1994,3
SNV1995,3
SNV1996,3
SNV1997,1
SNV1998,3
SNV1999,2
SNV2000,6
SNV2001,3
SNV2002,1
SNV2003,5
SNV2004,3
SNV2005,5
SNV2006,3
SNV2007,8
SNV2008,3
SNV2009,1
SNV2010,3
SNV2011,3
SNV2012,1
SNV2013,1
SNV2014,3
SNV2015,3
SNV2016,2
SNV2017,3
SNV2018,3
SNV2019,3
SNV2020,3
SNV2021,6
SNV2022,3
SNV2023,3
SNV2024,1
SNV2025,8
SNV2026,3
SNV2027,5
SNV2028,1
,1
SNV2029,1
SNV2030,3
SNV2031,1
SNV2032,7
SNV2033,6
SNV2034,3
SNV2035,1
SNV2036,1
SNV2037,3
,6
SNV2038,3
SNV2039,3
SNV2040,5
SNV2041,1
SNV2042,1
SNV2043,4
SNV2044,2
SNV2045,5
SNV2046,3
SNV2047,1
SNV2048,1
SNV2049,2
SNV2050,3
SNV2051,3
SNV2052,8
SNV2053,3
SNV2054,3
SNV2055,2
SNV2056,3
SNV2057,7
SNV2058,6
,3
SNV2059,3
SNV2060,3
SNV2061,5
SNV2062,3
SNV2063,3
SNV2064,3
SNV2065,1
SNV2066,3
SNV2067,1
SNV2068,3
SNV2069,1
SNV2070,3
SNV2071,3
SNV2072,3
SNV2074,3
SNV2075,3
SNV2076,3
SNV2077,3
SNV2078,3
SNV2079,5
SNV2080,2
SNV2081,5
SNV2082,5
SNV2083,3
SNV2084,4
SNV2085,3
SNV2086,6
SNV2087,3
SNV2088,2
SNV2089,1
SNV2090,3
SNV2091,3
SNV2092,6
SNV2093,6
SNV2094,3
SNV2095,5
SNV2096,3
SNV2097,8
SNV2099,3
SNV2100,4
SNV2101,3
SNV2103,3
SNV2104,3
SNV2105,8
SNV2106,3
SNV2107,1
SNV2108,8
SNV2109,3
SNV2110,3
SNV2111,3
SNV2112,8
SNV2113,3
SNV2114,3
SNV2115,3
SNV2116,6
SNV2117,3
SNV2118,1
SNV2119,6
SNV2120,3
SNV2121,1
SNV2122,1
SNV2123,3
SNV2124,2
SNV2126,8
SNV2127,4
SNV2128,5
SNV2129,3
SNV2130,3
SNV2131,5
SNV2132,3
SNV2133,5
SNV2134,7
SNV2135,3
SNV2136,3
SNV2137,3
SNV1824,5
SNV1825,3
SNV1826,6
SNV1827,3
SNV1828,3
SNV1829,3
SNV1830,4
SNV1831,5
SNV1832,1
SNV1833,5
SNV1834,3
SNV1835,3
SNV1836,3
SNV1837,3
SNV2160,3
SNV2184,5
SNV2207,2
SNV2211,3
SNV2239,3
SNV2245,3
SNV2255,1
SNV2258,3
SNV2259,3
SNV2260,3
SNV2268,3
SNV2274,2
SNV2275,3
SNV2276,2
SNV2277,3
SNV2278,3
SNV2299,2
SNV2313,1
SNV2319,1
SNV2326,3
SNV2332,1
SNV2335,3
SNV2359,1
SNV2383,3
SNV2384,3
SNV2390,1
SNV2404,3
SNV2405,1
,1
SNV2406,3
SNV2138,4
SNV2139,3
SNV2140,2
SNV2143,3
SNV2145,2
SNV2146,3
SNV2148,6
SNV2153,3
SNV2154,3
SNV2155,3
SNV2156,2
SNV2157,2
SNV2158,1
SNV2159,3
SNV2161,3
SNV2162,1
SNV2163,6
SNV2165,3
SNV2167,1
SNV2168,1
SNV2169,3
SNV2170,3
SNV2172,3
SNV2173,2
SNV2174,3
SNV2175,1
SNV2176,3
SNV2178,1
SNV2179,2
SNV2180,2
SNV2181,3
SNV2182,1
SNV2183,7
SNV2185,3
SNV2186,3
SNV2187,3
SNV2188,3
SNV2189,1
SNV2190,2
SNV2191,3
SNV2192,1
SNV2193,3
SNV2194,1
SNV2195,3
SNV2196,3
SNV2197,2
SNV2198,3
SNV2199,1
SNV2200,2
SNV2201,3
SNV2202,3
SNV2203,3
SNV2204,2
SNV2205,2
SNV2206,2
SNV2208,3
SNV2209,3
SNV2210,3
,3
SNV2261,7
SNV2262,1
SNV2263,2
SNV2264,6
SNV2265,3
SNV2266,3
SNV2267,2
SNV2269,1
SNV2270,3
SNV2271,1
SNV2272,3
SNV2273,3
SNV2279,3
SNV2280,1
SNV2281,4
SNV2282,1
SNV2283,3
SNV2284,3
SNV2285,3
SNV2286,3
SNV2287,3
SNV2288,3
SNV2289,3
SNV2290,3
SNV2291,3
SNV2292,3
SNV2293,3
SNV2294,3
SNV2295,3
SNV2296,2
SNV2297,3
SNV2300,3
SNV2328,3
SNV2329,2
SNV2330,1
SNV2331,3
,3
SNV2333,3
SNV2334,3
SNV2336,3
SNV2337,3
SNV2338,3
SNV2339,1
SNV2340,1
SNV2341,3
SNV2342,3
SNV2343,3
SNV2344,2
SNV2345,3
SNV2346,6
SNV2347,3
SNV2348,5
SNV2349,2
SNV2350,3
SNV2351,3
SNV2352,5
SNV2353,8
SNV2354,3
SNV2355,4
SNV2356,4
SNV2357,3
SNV2358,3
SNV2360,1
SNV2361,3
SNV2362,3
SNV2363,1
SNV2364,3
SNV2365,3
SNV2366,1
SNV2367,3
SNV2368,3
SNV2369,3
SNV2370,3
SNV2371,3
SNV2372,3
SNV2373,3
SNV2374,3
SNV2375,3
SNV2376,3
SNV2377,3
SNV2378,3
SNV2379,3
SNV2380,3
SNV2382,2
SNV2385,3
SNV2386,2
SNV2387,3
SNV2388,1
SNV2389,3
SNV2391,2
SNV2392,3
SNV2393,3
SNV2394,5
SNV2395,3
SNV2396,2
SNV2397,3
SNV2398,3
SNV2399,3
SNV2434,3
SNV2455,3
SNV2468,1
SNV2471,3
SNV2474,3
,1
SNV2490,5
SNV2491,3
SNV2537,3
,1
SNV2546,7
SNV2553,3
SNV2571,1
SNV2583,3
SNV2584,3
SNV2593,1
SNV2606,3
SNV2607,3
SNV2608,4
SNV2609,3
SNV2610,3
SNV2611,3
SNV2407,3
SNV2408,3
SNV2409,1
SNV2410,3
SNV2411,5
SNV2412,3
SNV2413,3
SNV2414,2
SNV2415,3
SNV2416,3
SNV2417,1
SNV2418,3
SNV2419,3
SNV2420,3
SNV2421,3
SNV2422,3
SNV2423,4
SNV2424,3
SNV2425,1
SNV2426,3
SNV2427,2
SNV2428,1
SNV2429,2
SNV2430,3
SNV2431,5
SNV2432,3
SNV2433,2
SNV2435,2
SNV2436,3
SNV2437,3
SNV2438,1
SNV2441,3
SNV2442,7
SNV2443,1
SNV2444,3
SNV2461,3
SNV2462,8
SNV2463,5
SNV2465,3
SNV2466,3
,3
SNV2467,2
SNV2469,3
SNV2470,3
SNV2475,3
SNV2476,2
SNV2477,3
SNV2478,3
SNV2479,3
SNV2480,3
SNV2481,3
SNV2482,3
SNV2483,2
SNV2484,3
SNV2485,3
SNV2486,1
SNV2487,1
SNV2488,3
SNV2489,1
SNV2492,3
SNV2493,4
SNV2494,3
SNV2495,3
SNV2496,3
SNV2497,3
SNV2498,3
SNV2499,4
SNV2500,6
SNV2501,3
SNV2502,3
SNV2503,3
SNV2504,1
SNV2505,1
SNV2506,3
SNV2522,3
SNV2523,2
SNV2524,5
SNV2525,3
SNV2526,3
SNV2527,3
SNV2528,3
SNV2529,3
SNV2530,7
SNV2531,3
SNV2532,3
SNV2533,3
SNV2534,3
SNV2535,3
SNV2536,1
SNV2538,3
SNV2539,3
SNV2540,3
SNV2541,1
SNV2542,3
SNV2543,3
SNV2544,3
SNV2545,2
SNV2547,8
SNV2548,3
SNV2549,3
SNV2550,3
SNV2551,3
SNV2552,3
SNV2554,3
SNV2555,3
SNV2556,3
SNV2557,6
SNV2558,3
SNV2559,1
SNV2560,3
SNV2561,3
SNV2562,1
,3
SNV2563,3
SNV2564,3
SNV2565,1
SNV2566,3
SNV2567,4
SNV2568,2
SNV2569,3
SNV2570,1
SNV2572,3
SNV2573,1
SNV2574,2
SNV2575,2
SNV2576,2
SNV2577,1
SNV2578,2
SNV2579,3
SNV2580,3
SNV2581,3
SNV2582,2
SNV2585,3
SNV2586,3
SNV2587,3
SNV2588,2
SNV2589,3
SNV2590,3
SNV2591,3
SNV2592,2
SNV2594,2
SNV2595,3
SNV2596,1
SNV2597,3
SNV2598,8
SNV2599,6
SNV2785,3
SNV2793,3
SNV2849,2
SNV2867,1
SNV2869,5
SNV2626,3
SNV2631,3
SNV2638,2
SNV2642,6
SNV2659,3
SNV2680,3
SNV2689,5
SNV2693,3
SNV2716,3
SNV2726,3
SNV2732,3
SNV2741,3
SNV2745,3
SNV2750,3
SNV2754,3
SNV2771,3
SNV2776,3
SNV2778,1
SNV2782,3
SNV2789,3
SNV2807,5
SNV2822,3
SNV2836,3
SNV2853,3
SNV2863,2
SNV2864,3
SNV2865,1
SNV2866,7
SNV2868,3
SNV2612,1
SNV2613,3
SNV2614,3
SNV2615,3
SNV2616,3
SNV2617,3
SNV2618,3
SNV2619,1
SNV2620,3
SNV2637,2
SNV2639,3
SNV2640,1
SNV2641,3
SNV2643,3
SNV2644,8
SNV2645,3
SNV2646,2
SNV2647,2
SNV2648,3
SNV2649,1
SNV2650,3
SNV2651,3
SNV2652,3
SNV2653,3
SNV2654,3
SNV2655,2
SNV2656,3
SNV2657,2
SNV2658,7
SNV2660,3
SNV2661,2
SNV2662,3
SNV2663,7
SNV2664,3
SNV2665,3
SNV2666,2
SNV2667,1
SNV2668,7
SNV2669,1
SNV2670,3
SNV2671,2
SNV2672,3
SNV2673,3
SNV2674,5
SNV2675,1
SNV2676,3
SNV2677,3
SNV2678,3
SNV2679,3
SNV2681,1
SNV2682,1
SNV2683,3
SNV2685,3
SNV2686,2
SNV2687,2
SNV2688,3
SNV2690,1
SNV2691,3
SNV2692,2
SNV2694,3
SNV2695,3
SNV2696,3
SNV2697,3
SNV2698,1
SNV2699,2
SNV2700,3
SNV2701,2
SNV2702,3
SNV2703,2
SNV2704,3
SNV2705,1
SNV2706,1
SNV2707,8
SNV2708,3
SNV2709,3
SNV2710,3
SNV2711,3
SNV2713,3
SNV2714,1
SNV2715,3
SNV2717,2
SNV2718,3
SNV2719,2
SNV2720,3
SNV2721,3
SNV2722,2
SNV2723,3
SNV2724,2
SNV2725,3
SNV2727,3
SNV2728,2
SNV2729,3
SNV2730,2
SNV2731,2
SNV2733,8
SNV2734,2
SNV2735,3
SNV2736,1
SNV2737,2
SNV2738,2
SNV2739,3
SNV2740,2
SNV2742,3
SNV2743,1
SNV2744,2
SNV2746,2
SNV2747,1
SNV2748,3
SNV2749,5
SNV2751,3
SNV2752,1
SNV2753,3
SNV2755,2
SNV2756,3
SNV2757,2
SNV2758,2
SNV2759,3
SNV2760,2
SNV2761,1
SNV2762,8
SNV2763,6
SNV2764,3
SNV2765,3
SNV2766,3
SNV2767,3
SNV2768,3
SNV2769,3
SNV2770,3
SNV2772,3
SNV2773,3
SNV2774,3
SNV2775,3
SNV2777,4
SNV2779,6
SNV2780,2
SNV2781,3
SNV2783,3
SNV2784,3
SNV2786,2
SNV2787,3
SNV2788,3
SNV2790,2
SNV2791,1
SNV2792,3
SNV2794,2
SNV2795,1
SNV2796,6
SNV2797,3
SNV2798,1
SNV2799,1
SNV2800,3
SNV2801,3
SNV2802,1
SNV2803,3
SNV2804,3
SNV2805,5
SNV2806,2
SNV2808,3
SNV2809,1
SNV2810,2
,3
SNV2812,2
SNV2813,3
SNV2814,1
SNV2815,1
SNV2816,3
SNV2817,3
SNV2818,3
SNV2819,1
SNV2820,3
SNV2821,3
SNV2823,6
SNV2824,5
SNV2825,2
SNV2826,2
SNV2827,3
SNV2828,3
SNV2829,2
SNV2830,2
SNV2831,2
SNV2832,3
SNV2833,2
SNV2834,3
SNV2835,3
SNV2837,5
SNV2838,3
SNV2839,2
SNV2840,3
SNV2841,2
SNV2842,3
SNV2843,1
SNV2844,8
SNV2845,3
SNV2846,3
SNV2847,3
SNV2848,1
SNV2850,2
SNV2851,2
SNV2852,2
SNV2854,2
SNV2855,3
SNV2856,3
SNV2857,7
SNV2858,3
SNV2859,3
SNV2860,3
SNV2861,2
SNV3038,1
SNV3039,3
SNV3040,1
SNV3041,1
SNV3042,5
SNV3043,2
SNV3044,3
SNV3045,2
SNV3046,3
SNV3047,3
SNV3048,2
SNV3050,3
SNV3051,1
SNV3052,2
SNV3053,3
SNV2870,3
SNV2871,3
SNV2872,3
SNV2873,3
SNV2875,3
SNV2876,3
SNV2877,3
SNV2878,2
SNV2879,3
SNV2880,3
SNV2884,3
SNV2885,1
SNV2886,6
SNV2887,2
SNV2888,3
SNV2889,3
SNV2890,6
SNV2891,3
SNV2892,3
SNV2893,3
SNV2894,3
SNV2895,3
SNV2896,3
SNV2897,3
SNV2898,3
SNV2899,6
SNV2900,3
SNV2901,3
SNV2902,6
SNV2903,2
SNV2904,3
SNV2935,2
SNV2936,3
SNV2937,2
SNV2938,3
SNV2939,2
SNV2940,3
SNV2941,3
SNV2942,3
SNV2943,3
SNV2944,1
SNV2945,1
SNV2946,1
SNV2947,2
SNV2948,4
SNV2949,2
SNV2950,2
SNV2951,2
SNV2952,3
SNV2953,2
SNV2954,3
SNV2956,3
SNV2957,2
SNV2958,3
SNV2959,3
SNV2960,5
SNV2961,3
SNV2962,3
SNV2963,3
SNV2964,3
SNV2965,3
SNV2966,8
SNV2967,3
SNV2968,6
SNV2969,2
SNV2971,1
SNV2973,2
SNV2974,2
SNV2975,7
SNV2976,3
SNV2977,3
SNV2978,2
SNV2979,1
SNV2981,4
SNV2982,2
SNV2983,2
SNV2984,1
SNV2985,6
SNV2986,3
SNV2988,3
SNV2989,6
SNV2990,6
SNV2991,3
SNV2994,6
SNV2997,5
SNV2998,3
SNV2999,2
SNV3000,3
,3
SNV3001,2
SNV3002,3
SNV3003,5
SNV3004,2
SNV3005,3
SNV3006,3
SNV3009,3
SNV3010,3
SNV3012,1
SNV3013,3
SNV3014,1
SNV3015,3
SNV3016,1
SNV3017,2
,1
,1
SNV3018,7
SNV3019,6
SNV3020,1
SNV3021,3
SNV3023,3
SNV3025,3
SNV3026,3
SNV3027,1
SNV3028,3
SNV3029,1
SNV3030,3
SNV3031,2
SNV3032,3
SNV3033,2
SNV3882,2
SNV3982,3
SNV4074,3
SNV4083,2
SNV3862,1
SNV3879,1
SNV3881,1
SNV3884,3
SNV3886,3
SNV3941,2
SNV3945,3
SNV3999,3
SNV4019,3
SNV4023,3
SNV4063,1
SNV4065,3
SNV4066,3
SNV4067,3
SNV4068,1
SNV4069,3
SNV4070,3
SNV4071,3
SNV4072,2
SNV4073,6
SNV4075,2
SNV4076,3
SNV4077,3
SNV4078,3
SNV4079,3
SNV4080,2
SNV4081,3
SNV4082,2
SNV3856,1
SNV3857,3
SNV3858,5
SNV3859,3
SNV3860,6
SNV3861,3
SNV3863,2
SNV3864,3
SNV3865,2
SNV3866,2
SNV3867,3
SNV3868,1
SNV3869,1
SNV3870,2
SNV3871,3
SNV3872,3
SNV3873,2
SNV3874,2
SNV3875,7
SNV3876,3
SNV3877,3
SNV3878,5
SNV3880,2
SNV3883,7
SNV3885,2
SNV3887,3
SNV3888,6
SNV3889,6
SNV3890,3
SNV3891,4
SNV3892,3
SNV3893,3
SNV3894,5
SNV3895,5
SNV3896,3
SNV3897,3
SNV3898,2
SNV3899,4
SNV3900,2
SNV3901,3
SNV3902,7
SNV3903,3
SNV3904,1
SNV3905,2
SNV3906,1
SNV3907,3
SNV3908,3
SNV3909,2
SNV3910,3
SNV3911,2
SNV3912,3
SNV3913,1
SNV3914,2
SNV3915,1
SNV3916,3
SNV3917,2
SNV3918,3
SNV3919,3
SNV3922,6
SNV3923,3
SNV3924,5
SNV3925,6
SNV3926,3
SNV3927,3
SNV3928,1
SNV3929,3
SNV3930,1
SNV3932,1
SNV3935,1
SNV3938,3
SNV3939,3
SNV3940,3
SNV3942,6
SNV3943,3
SNV3944,2
SNV3946,6
SNV3947,3
SNV3948,3
SNV3949,2
SNV3950,2
SNV3951,1
SNV3952,3
SNV3953,6
SNV3954,6
SNV3955,1
SNV3956,3
SNV3957,3
SNV3958,3
SNV3959,6
SNV3960,3
SNV3961,3
SNV3962,3
SNV3963,3
SNV3964,2
SNV3965,3
SNV3966,5
SNV3967,3
SNV3968,3
SNV3969,5
SNV3970,3
SNV3971,3
SNV3972,2
SNV3973,3
SNV3974,3
SNV3975,2
SNV3976,1
SNV3977,3
SNV3978,3
SNV3979,3
SNV3981,3
SNV3983,2
SNV3984,3
SNV3985,3
SNV3986,1
SNV3987,5
SNV3988,3
SNV3989,3
SNV3990,3
SNV3991,3
SNV3992,3
SNV3993,1
SNV3994,3
SNV3995,5
SNV3996,3
SNV3997,3
SNV3998,2
SNV4000,5
SNV4001,3
SNV4002,3
SNV4003,3
SNV4004,6
SNV4005,6
SNV4006,2
SNV4007,3
SNV4008,3
SNV4009,3
SNV4010,2
SNV4011,3
SNV4012,3
SNV4013,2
SNV4014,1
SNV4015,3
SNV4016,3
SNV4017,2
SNV4018,3
SNV4020,2
SNV4021,6
SNV4022,1
SNV4024,1
SNV4025,6
SNV4026,1
SNV4027,3
SNV4028,3
SNV4029,2
SNV4030,1
SNV4031,3
SNV4032,5
SNV4033,3
SNV4034,3
SNV4035,2
SNV4036,3
SNV4037,3
SNV4038,6
SNV4039,3
SNV4040,3
SNV4041,3
SNV4042,7
SNV4043,8
SNV4044,2
SNV4045,3
SNV4046,3
SNV4047,2
SNV4048,3
SNV4049,1
SNV4050,3
SNV4051,3
SNV4052,3
SNV4053,3
SNV4054,3
SNV4055,3
SNV4056,3
SNV4057,3
SNV4058,3
SNV4059,5
SNV4060,2
SNV4061,2
SNV4062,3
SNV4064,6
SNV4116,3
SNV4117,3
SNV4118,3
SNV4119,3
SNV4126,3
SNV4127,2
SNV4129,1
SNV4130,3
SNV4131,3
SNV4132,3
SNV4133,1
SNV4134,1
SNV4135,3
SNV4136,3
SNV4137,3
SNV4138,3
SNV4139,3
SNV4140,3
SNV4141,3
SNV4143,3
SNV4144,3
SNV4145,5
SNV4146,2
SNV4147,3
SNV4148,1
SNV4149,3
SNV4150,1
SNV4151,2
SNV4152,3
SNV4153,4
SNV4154,6
SNV4155,3
SNV4156,3
SNV4157,7
SNV4158,1
SNV4159,3
SNV4160,1
SNV4161,7
SNV4162,2
SNV4163,6
SNV4164,4
SNV4165,3
SNV4166,3
SNV4167,3
SNV4168,3
SNV4169,1
SNV4170,3
SNV4171,3
SNV4172,3
SNV4173,6
SNV4174,1
SNV4175,1
SNV4177,1
SNV4178,1
SNV4179,3
SNV4180,3
SNV4181,6
SNV4182,1
SNV4183,3
SNV4184,3
SNV4185,3
SNV4186,6
SNV4187,3
SNV4188,3
SNV4189,6
SNV4190,1
SNV4191,3
SNV4192,4
SNV4193,2
SNV4194,2
SNV4195,3
SNV4196,3
SNV4197,3
SNV4198,2
SNV4199,3
SNV4200,2
SNV4201,6
SNV4202,3
SNV4203,2
SNV4204,3
SNV4206,1
SNV4207,3
SNV4208,1
SNV4209,3
SNV4210,3
SNV4275,3
SNV4276,3
SNV4277,1
SNV4278,1
,3
SNV4279,1
SNV4280,1
SNV4281,5
SNV4282,3
SNV4284,3
SNV4285,1
SNV4287,2
SNV4288,3
SNV4289,3
SNV4290,3
SNV4291,3
,1
,1
SNV4292,3
SNV4293,3
SNV4294,3
SNV4295,6
SNV4296,3
SNV4297,3
SNV4298,3
SNV4299,2
SNV4300,3
SNV4301,2
SNV4302,3
SNV4303,2
SNV4304,3
SNV4305,3
SNV4306,2
SNV4307,3
SNV4308,3
SNV4309,3
SNV4310,7
SNV4311,3
SNV4312,3
SNV4313,1
SNV4314,3
SNV4315,3
SNV4316,3
SNV4317,3
SNV4318,3
SNV4319,3
SNV4320,3
SNV4321,1
SNV4322,3
SNV4323,6
SNV4324,5
SNV4325,2
SNV4326,1
SNV4327,5
SNV4328,3
SNV4329,5
SNV4330,2
SNV4331,3
SNV4332,3
SNV4333,3
SNV4334,3
SNV4335,3
SNV4336,3
SNV4337,2
SNV4338,2
SNV4339,3
SNV4340,3
SNV4341,3
SNV4342,3
SNV4343,3
SNV4344,1
SNV4345,2
SNV4346,3
SNV4347,3
SNV4348,1
SNV4349,3
SNV9631,1
SNV9646,3
SNV9720,2
SNV9363,1
SNV9501,1
SNV9502,1
SNV9513,2
