SNV3627,6
SNV3629,6
SNV3635,2
SNV3650,8
SNV3652,4
SNV3676,5
SNV3685,9
SNV3688,4
SNV3699,2
SNV3700,5
SNV3716,9
SNV3717,9
SNV3719,9
SNV3742,9
SNV3767,5
SNV3851,9
SNV3059,9
SNV3081,9
SNV3094,2
SNV3104,9
SNV3115,8
SNV3118,9
SNV3176,9
SNV3179,6
SNV3180,9
SNV3185,5
SNV3194,4
SNV3196,9
SNV3212,9
SNV3229,5
SNV3245,8
SNV3268,0
SNV3321,9
SNV3342,9
SNV3355,2
SNV3361,2
SNV3439,9
SNV3470,10
SNV3472,9
SNV3481,8
SNV3497,6
SNV3500,2
SNV3528,9
SNV3529,6
SNV3540,5
SNV3556,9
SNV3563,5
SNV3580,8
SNV3581,6
SNV3582,2
SNV3583,2
SNV3584,10
SNV3585,5
SNV3586,8
SNV3587,9
SNV3588,8
SNV3589,2
SNV3590,8
SNV3591,3
SNV3592,8
SNV3593,8
SNV3595,6
SNV3596,9
SNV3597,5
SNV3599,10
SNV3601,3
SNV3602,9
SNV3605,9
SNV3606,8
SNV3607,6
SNV3611,9
SNV3613,9
SNV3614,2
SNV3616,9
SNV3617,5
SNV3618,5
SNV3619,3
SNV3621,9
SNV3622,9
SNV3623,6
SNV3624,6
SNV3625,9
SNV3626,2
SNV3630,2
SNV3631,2
SNV3633,2
SNV3634,6
SNV3636,7
SNV3637,2
SNV3638,2
SNV3639,0
SNV3640,8
SNV3642,5
SNV3645,8
SNV3647,3
SNV3649,9
SNV3651,8
SNV3653,9
SNV3654,9
SNV3656,6
SNV3657,5
SNV3658,9
SNV3659,6
SNV3662,2
SNV3663,8
SNV3665,3
SNV3666,9
SNV3668,9
SNV3669,3
SNV3670,6
SNV3672,6
SNV3674,9
SNV3675,2
SNV3677,8
SNV3678,9
SNV3679,2
SNV3680,6
SNV3681,9
SNV3683,2
SNV3684,9
SNV3686,8
SNV3687,8
SNV3689,8
SNV3690,9
SNV3692,2
SNV3694,9
SNV3696,5
SNV3698,8
SNV3701,8
SNV3702,9
SNV3703,9
SNV3707,6
SNV3709,5
SNV3711,5
SNV3713,10
SNV3714,5
SNV3715,2
SNV3718,9
SNV3722,6
SNV3723,9
SNV3724,8
SNV3725,2
SNV3726,5
SNV3727,2
SNV3728,2
SNV3729,10
SNV3730,9
SNV3731,9
SNV3732,6
SNV3733,6
SNV3734,2
SNV3735,8
SNV3736,4
,4
SNV3737,9
SNV3738,3
SNV3739,8
SNV3740,9
SNV3741,6
SNV3743,8
SNV3744,5
SNV3746,9
SNV3747,6
SNV3748,2
SNV3749,2
SNV3750,9
SNV3751,8
SNV3753,2
SNV3754,6
SNV3755,6
SNV3756,9
SNV3758,6
SNV3759,5
SNV3760,8
SNV3761,8
SNV3762,8
SNV3763,2
SNV3764,3
SNV3765,8
SNV3766,9
SNV3768,6
SNV3769,2
SNV3770,3
SNV3774,9
SNV3775,8
SNV3776,9
SNV3777,11
SNV3779,8
SNV3780,2
SNV3781,9
SNV3782,2
SNV3783,2
SNV3784,7
SNV3785,7
SNV3786,8
SNV3790,2
SNV3791,9
SNV3793,9
SNV3795,9
SNV3798,11
SNV3799,8
SNV3800,9
SNV3801,8
SNV3802,9
SNV3803,2
SNV3804,8
SNV3805,6
SNV3806,9
SNV3807,9
SNV3809,9
SNV3811,9
SNV3813,2
SNV3814,9
SNV3815,8
SNV3816,9
SNV3817,9
SNV3818,8
SNV3819,10
SNV3820,8
SNV3821,9
SNV3822,2
SNV3824,2
SNV3825,5
SNV3826,3
SNV3827,5
SNV3828,9
SNV3829,8
SNV3830,2
SNV3831,9
SNV3833,8
SNV3834,6
SNV3835,2
SNV3836,9
SNV3840,4
SNV3841,2
SNV3842,2
SNV3844,6
SNV3845,8
SNV3846,3
SNV3847,2
SNV3848,9
SNV3849,10
SNV3850,9
SNV3852,5
SNV3853,6
SNV3854,10
SNV3855,8
SNV3054,4
SNV3056,6
SNV3058,6
SNV3060,9
SNV3061,9
SNV3062,2
SNV3063,2
SNV3064,6
SNV3065,9
SNV3066,9
SNV3067,9
SNV3068,6
SNV3069,5
SNV3070,4
SNV3073,9
SNV3074,8
SNV3075,6
SNV3076,2
SNV3077,9
SNV3078,6
SNV3079,9
SNV3080,8
SNV3082,9
SNV3083,2
SNV3084,6
SNV3085,9
SNV3087,9
SNV3089,8
SNV3090,5
SNV3091,8
SNV3092,4
SNV3093,9
SNV3095,6
SNV3096,2
SNV3098,9
SNV3099,5
SNV3101,8
SNV3103,2
SNV3105,9
SNV3106,8
SNV3107,9
SNV3109,9
SNV3111,8
SNV3112,2
SNV3113,9
SNV3114,6
SNV3116,6
,0
SNV3121,0
SNV3122,11
SNV3183,9
SNV3191,11
SNV3193,9
SNV3201,9
SNV3202,2
SNV3203,9
SNV3204,6
SNV3206,6
SNV3207,8
SNV3210,5
SNV3213,6
SNV3214,9
SNV3215,9
SNV3218,6
SNV3219,2
SNV3220,2
SNV3222,5
SNV3223,8
SNV3228,8
SNV3230,9
SNV3232,9
SNV3233,6
SNV3234,8
SNV3235,9
SNV3236,8
SNV3238,2
SNV3239,5
SNV3240,2
SNV3241,10
SNV3242,6
SNV3243,2
SNV3246,9
SNV3248,8
SNV3250,2
SNV3251,6
,0
SNV3252,9
SNV3254,9
SNV3256,2
SNV3258,9
SNV3259,6
SNV3260,8
SNV3261,6
SNV3263,6
SNV3266,2
SNV3269,2
SNV3270,5
SNV3271,2
SNV3273,6
SNV3274,9
SNV3275,8
SNV3276,8
SNV3277,2
SNV3280,6
SNV3283,11
,9
SNV3285,6
SNV3286,2
SNV3289,9
SNV3290,11
SNV3291,5
SNV3297,5
SNV3299,8
SNV3300,6
SNV3301,6
SNV3302,6
SNV3303,9
SNV3304,9
SNV3305,6
SNV3307,4
SNV3310,5
SNV3312,6
SNV3314,9
SNV3317,6
SNV3319,8
SNV3320,6
SNV3322,6
SNV3324,10
SNV3325,7
SNV3327,10
SNV3328,6
SNV3332,10
SNV3335,8
SNV3336,6
SNV3337,8
SNV3340,9
SNV3345,8
SNV3346,5
SNV3348,10
SNV3349,9
SNV3351,9
SNV3359,6
SNV3360,6
SNV3364,9
SNV3365,9
SNV3367,6
SNV3368,6
SNV3369,4
SNV3371,2
SNV3373,2
SNV3374,6
SNV3377,2
SNV3380,6
SNV3383,5
SNV3385,6
,6
SNV3388,6
SNV3390,8
SNV3394,2
SNV3396,9
SNV3397,9
SNV3403,4
SNV3404,9
SNV3406,9
SNV3408,2
SNV3409,9
SNV3410,8
SNV3411,8
SNV3415,6
SNV3416,2
SNV3417,5
SNV3418,8
SNV3422,9
SNV3423,9
SNV3424,6
SNV3427,7
SNV3428,2
SNV3429,2
SNV3430,9
SNV3432,5
SNV3433,2
SNV3435,2
SNV3436,8
SNV3437,4
SNV3438,9
SNV3440,2
SNV3441,9
SNV3442,2
SNV3443,2
SNV3444,9
,9
SNV3445,6
SNV3449,9
SNV3450,8
SNV3451,10
SNV3452,6
SNV3453,4
SNV3454,9
SNV3455,8
SNV3456,5
SNV3459,3
SNV3460,9
SNV3462,9
SNV3463,2
SNV3465,5
SNV3466,5
SNV3467,9
SNV3468,9
SNV3469,6
SNV3471,9
SNV3473,2
SNV3474,6
SNV3476,9
SNV3477,6
SNV3479,9
SNV3480,9
SNV3483,10
SNV3484,5
SNV3486,9
SNV3487,9
SNV3488,9
SNV3489,2
SNV3491,5
SNV3492,5
SNV3493,9
SNV3494,6
SNV3495,6
SNV3496,5
,8
SNV3498,9
SNV3501,8
SNV3502,2
SNV3503,10
SNV3504,2
SNV3505,10
SNV3506,3
SNV3507,9
SNV3509,9
SNV3511,9
SNV3512,9
SNV3513,9
SNV3514,8
SNV3516,6
SNV3517,2
SNV3518,8
SNV3519,8
SNV3520,8
SNV3521,9
SNV3522,5
SNV3523,6
SNV3526,9
SNV3527,8
SNV3530,9
SNV3531,9
SNV3532,8
SNV3533,6
SNV3534,5
SNV3535,8
SNV3536,9
SNV3537,6
SNV3538,8
SNV3539,6
SNV3541,6
SNV3543,9
SNV3544,5
SNV3545,6
SNV3546,8
,0
SNV3547,2
SNV3549,2
SNV3550,6
SNV3551,6
SNV3552,5
SNV3553,9
SNV3554,6
SNV3555,8
SNV3557,6
SNV3558,9
SNV3560,8
SNV3561,8
SNV3562,9
SNV3564,5
SNV3565,6
SNV3566,8
SNV3567,8
SNV3568,2
SNV3569,6
SNV3577,6
SNV3578,9
SNV3579,5
SNV79,8
SNV98,9
SNV100,5
SNV114,5
SNV118,9
SNV122,9
SNV126,6
SNV149,2
SNV176,2
SNV183,9
SNV202,9
SNV210,9
SNV240,2
SNV255,8
SNV256,8
SNV264,9
SNV286,9
SNV290,8
SNV291,9
SNV297,8
SNV308,9
SNV320,4
SNV350,8
SNV365,9
SNV368,6
SNV369,8
SNV0,9
SNV1,9
SNV2,9
SNV4,6
SNV8,8
SNV48,6
SNV51,8
SNV77,6
SNV88,6
SNV91,9
SNV92,9
SNV93,2
SNV94,2
SNV95,9
SNV96,2
SNV97,2
SNV99,9
SNV102,9
SNV103,2
SNV104,9
SNV105,5
SNV106,9
SNV107,8
SNV108,9
SNV109,9
SNV110,8
SNV111,8
SNV113,9
SNV115,8
SNV117,2
SNV120,9
SNV121,2
SNV123,8
SNV124,9
SNV127,8
SNV129,6
SNV130,2
SNV131,9
SNV132,10
SNV133,9
SNV134,9
SNV135,8
SNV136,6
SNV137,9
SNV138,9
SNV139,10
SNV140,9
SNV141,2
SNV142,5
SNV143,2
SNV144,8
SNV145,2
SNV146,10
SNV147,9
SNV148,9
SNV150,8
SNV151,2
SNV152,9
SNV173,9
SNV174,8
SNV175,2
SNV177,6
SNV178,6
SNV179,6
SNV182,8
,2
SNV191,2
SNV192,9
SNV193,9
SNV194,0
SNV196,9
SNV197,9
SNV198,9
SNV199,2
SNV203,9
SNV204,8
SNV205,2
SNV207,2
SNV208,9
,4
SNV209,10
SNV211,7
SNV212,6
SNV213,6
SNV214,9
SNV215,9
SNV216,9
SNV218,2
SNV219,6
SNV220,6
SNV221,6
SNV222,6
SNV223,6
SNV224,5
SNV225,5
SNV227,9
SNV229,8
SNV230,8
SNV231,9
SNV232,8
SNV234,9
SNV235,2
SNV236,8
SNV238,9
SNV239,5
SNV241,2
SNV242,9
SNV243,6
SNV244,9
SNV245,6
SNV246,6
SNV247,4
SNV248,9
SNV249,8
SNV250,5
SNV251,8
SNV252,9
SNV253,5
SNV254,6
SNV257,8
SNV258,6
SNV259,8
SNV261,6
SNV262,8
SNV265,9
SNV266,2
SNV267,6
SNV268,5
SNV269,9
SNV270,9
SNV272,2
SNV274,6
SNV275,6
SNV276,6
SNV277,9
SNV278,6
SNV279,9
SNV280,6
SNV281,8
SNV282,9
SNV283,6
SNV284,6
SNV285,9
SNV289,9
SNV292,9
SNV293,8
SNV294,9
SNV295,2
SNV296,5
SNV300,9
SNV301,9
SNV303,2
SNV304,2
SNV305,9
SNV306,8
SNV307,8
SNV309,9
SNV310,9
SNV311,8
SNV312,2
SNV313,9
SNV314,9
SNV315,5
SNV316,6
SNV317,9
SNV318,10
SNV319,9
SNV321,8
SNV322,9
SNV323,9
SNV324,5
SNV326,2
SNV327,4
SNV328,9
SNV329,2
SNV330,2
SNV332,2
SNV333,5
SNV334,2
SNV335,6
SNV337,8
SNV338,9
SNV339,4
SNV340,11
SNV341,0
SNV343,8
SNV344,9
SNV345,5
SNV346,9
SNV347,8
SNV348,9
SNV352,10
SNV353,2
SNV354,2
SNV355,2
SNV357,9
SNV358,2
SNV361,9
SNV362,9
SNV364,2
SNV366,6
SNV367,2
SNV370,6
SNV371,9
SNV373,9
SNV374,9
SNV3,9
SNV5,9
SNV6,8
SNV7,5
SNV10,6
SNV11,9
SNV12,2
SNV13,2
SNV14,6
SNV15,5
SNV16,9
SNV17,2
SNV18,5
SNV19,5
SNV21,2
SNV22,2
SNV23,10
SNV24,9
SNV25,5
SNV26,9
SNV27,9
SNV28,9
SNV29,9
SNV30,9
SNV31,2
SNV32,2
,11
SNV33,9
SNV34,2
SNV35,5
SNV36,9
SNV37,9
SNV38,6
SNV39,8
SNV40,2
SNV41,6
SNV42,8
SNV43,2
SNV44,5
SNV45,2
SNV47,8
SNV49,6
SNV50,9
SNV52,9
SNV54,6
SNV56,9
SNV57,2
SNV58,5
SNV59,9
SNV60,2
SNV61,9
SNV62,11
SNV63,2
SNV64,6
SNV65,6
SNV66,9
SNV67,8
SNV68,2
SNV69,2
SNV70,2
SNV72,9
SNV73,8
SNV74,8
SNV76,9
SNV78,6
SNV80,9
SNV81,2
SNV82,5
SNV84,6
SNV85,6
SNV86,8
SNV87,2
SNV89,9
SNV605,2
SNV626,5
SNV630,2
SNV640,9
SNV662,2
SNV667,9
SNV669,9
SNV692,11
SNV698,9
SNV707,9
SNV729,9
SNV774,9
SNV379,8
SNV394,6
SNV408,8
SNV412,10
SNV423,6
SNV440,9
SNV453,5
SNV471,9
SNV488,2
SNV496,2
SNV497,8
SNV498,9
SNV500,2
SNV501,9
SNV502,6
SNV503,9
SNV505,3
SNV506,9
SNV507,8
SNV508,9
SNV509,9
SNV510,9
SNV511,9
SNV512,9
SNV513,9
SNV514,6
SNV515,2
SNV516,5
SNV517,9
SNV518,5
SNV519,9
SNV520,9
SNV521,9
SNV523,9
SNV524,9
SNV525,2
SNV527,6
SNV529,6
SNV531,8
SNV533,6
SNV534,5
SNV535,8
SNV536,9
SNV537,9
SNV538,10
SNV541,9
SNV542,9
SNV543,5
SNV544,8
SNV545,6
SNV547,10
SNV548,5
SNV549,2
SNV550,9
SNV551,5
SNV552,2
SNV553,9
SNV554,9
SNV556,9
SNV557,2
SNV559,2
SNV560,2
SNV563,5
SNV564,6
SNV565,2
SNV566,9
SNV567,9
SNV568,9
SNV569,8
SNV571,9
SNV572,6
SNV573,6
SNV574,6
SNV575,2
SNV576,9
SNV577,6
SNV578,9
SNV579,6
SNV580,5
SNV581,5
SNV582,5
SNV583,6
SNV584,9
SNV585,8
SNV586,2
SNV587,2
SNV588,5
SNV589,9
SNV593,6
SNV594,2
SNV596,9
SNV597,9
SNV598,6
SNV599,9
SNV600,9
SNV601,9
SNV602,2
SNV603,9
SNV604,8
SNV606,2
SNV607,9
SNV608,2
SNV609,9
SNV610,9
SNV611,6
SNV612,9
SNV613,8
SNV614,2
SNV616,9
SNV617,0
SNV618,9
SNV621,6
SNV623,9
SNV624,6
SNV625,10
SNV629,6
SNV631,6
SNV632,9
SNV633,5
SNV634,8
SNV635,2
SNV636,9
SNV637,9
SNV638,2
SNV639,9
SNV641,6
SNV642,9
SNV645,9
SNV646,8
SNV648,9
SNV649,2
SNV650,2
SNV651,8
SNV652,8
SNV653,9
SNV654,2
SNV655,6
SNV656,2
SNV660,9
SNV661,9
SNV663,2
SNV664,10
SNV665,2
SNV668,9
SNV680,9
SNV682,8
SNV683,6
SNV684,2
SNV685,9
SNV686,9
SNV688,9
SNV689,9
SNV690,8
SNV691,6
SNV693,6
SNV695,9
SNV696,6
SNV697,4
SNV699,8
SNV700,2
SNV701,9
SNV702,9
SNV703,9
SNV704,8
SNV705,9
SNV706,8
SNV708,9
SNV709,9
SNV711,2
SNV712,9
SNV715,9
SNV716,2
SNV717,6
SNV718,2
SNV719,6
SNV720,6
SNV721,2
SNV722,9
SNV723,10
SNV724,9
SNV727,2
SNV730,6
SNV732,9
SNV733,0
SNV735,2
SNV736,9
SNV738,8
SNV739,2
SNV740,8
SNV741,2
SNV742,9
SNV743,9
SNV744,9
SNV745,9
SNV746,1
SNV747,2
SNV748,2
SNV749,6
SNV750,6
SNV751,8
SNV752,10
SNV753,6
SNV754,6
SNV756,5
SNV757,2
SNV759,2
SNV760,9
SNV761,10
SNV762,8
SNV763,3
SNV764,9
SNV765,8
SNV767,8
SNV771,6
SNV772,9
SNV773,2
SNV775,9
SNV776,8
SNV777,9
SNV375,9
SNV378,2
SNV380,6
SNV381,9
SNV382,9
SNV383,2
SNV384,8
SNV385,5
SNV386,2
SNV387,8
SNV388,6
SNV389,5
SNV391,9
SNV392,6
SNV393,9
SNV396,9
SNV398,9
SNV399,9
SNV400,9
SNV401,9
SNV402,6
SNV403,6
SNV404,9
SNV405,6
SNV407,8
SNV409,8
SNV410,9
SNV413,5
SNV414,9
SNV415,8
SNV416,8
SNV417,2
SNV418,2
SNV419,2
SNV420,5
SNV422,9
SNV424,2
SNV425,9
SNV426,9
SNV427,5
SNV430,9
SNV431,2
SNV432,6
SNV433,2
SNV434,9
SNV435,9
SNV436,8
SNV437,8
SNV438,2
SNV439,5
SNV441,9
SNV442,4
SNV443,9
SNV444,9
SNV445,9
SNV447,9
SNV448,2
SNV449,9
,9
SNV450,8
SNV451,9
SNV452,6
SNV454,8
SNV455,9
SNV456,2
SNV457,6
SNV458,6
SNV459,2
SNV460,9
SNV461,9
SNV462,9
SNV463,6
SNV464,6
SNV465,6
SNV466,9
SNV467,9
SNV468,8
SNV469,9
SNV470,6
SNV472,2
SNV473,9
SNV474,9
,0
,11
SNV475,2
SNV476,2
SNV477,6
SNV478,9
SNV479,7
SNV480,5
SNV481,8
SNV483,9
SNV484,8
SNV486,9
SNV487,2
SNV489,9
SNV490,8
SNV492,2
SNV493,2
SNV494,0
SNV495,8
SNV1117,9
SNV875,8
SNV880,6
SNV896,5
SNV897,6
SNV939,5
SNV954,8
SNV955,6
SNV977,9
SNV979,9
SNV988,4
SNV1007,9
SNV1012,6
SNV1013,6
SNV1023,9
SNV1031,6
SNV1044,8
SNV1081,6
SNV1094,9
SNV1096,9
SNV1124,6
SNV1137,9
SNV1143,6
SNV1144,9
SNV1183,2
SNV790,9
SNV793,9
SNV820,2
SNV821,2
SNV835,8
SNV869,5
SNV872,2
SNV873,2
SNV874,6
SNV876,6
SNV877,6
SNV878,2
SNV879,6
SNV881,5
SNV883,9
SNV884,6
SNV885,6
SNV887,5
SNV888,9
SNV890,10
SNV891,9
SNV892,9
SNV893,10
SNV895,6
SNV899,6
SNV900,6
SNV901,9
SNV902,5
SNV904,9
SNV905,6
SNV906,8
SNV909,6
SNV910,6
SNV911,2
SNV913,9
SNV916,9
SNV918,2
SNV919,9
SNV920,8
SNV922,6
SNV923,6
SNV925,6
SNV927,6
SNV929,9
SNV930,2
SNV931,2
SNV933,9
SNV934,9
SNV935,6
SNV936,6
SNV937,9
SNV938,9
SNV940,2
SNV941,6
SNV942,6
SNV943,9
SNV946,9
SNV947,9
SNV948,9
SNV950,2
SNV952,6
SNV953,2
SNV956,6
SNV957,8
SNV958,5
SNV959,9
SNV964,6
SNV965,6
SNV966,8
SNV967,8
SNV969,6
SNV970,9
SNV971,6
SNV972,9
SNV973,9
SNV985,2
SNV986,5
SNV987,11
SNV989,2
SNV990,5
SNV991,5
SNV992,9
SNV993,9
SNV995,2
SNV996,8
SNV997,6
,5
SNV999,8
SNV1000,9
SNV1002,2
SNV1003,5
SNV1004,9
SNV1005,9
SNV1009,2
SNV1010,2
SNV1014,9
SNV1015,8
SNV1016,9
SNV1017,2
SNV1018,9
SNV1019,9
SNV1020,6
SNV1022,8
SNV1025,2
SNV1026,11
SNV1029,6
SNV1030,6
SNV1033,5
,5
SNV1034,5
SNV1035,5
SNV1036,6
SNV1037,2
SNV1038,2
SNV1039,6
SNV1040,5
SNV1041,7
SNV1042,2
SNV1043,6
SNV1045,6
SNV1046,7
SNV1047,5
SNV1048,9
SNV1049,2
SNV1050,2
SNV1051,9
SNV1052,9
SNV1053,9
SNV1054,9
SNV1057,5
SNV1058,9
SNV1059,9
SNV1060,8
SNV1061,9
SNV1062,9
SNV1063,8
SNV1064,2
SNV1065,6
SNV1066,9
SNV1067,9
SNV1068,9
SNV1069,6
SNV1070,5
SNV1071,5
SNV1074,9
SNV1075,2
SNV1076,2
SNV1077,9
SNV1078,2
SNV1079,8
SNV1080,6
SNV1082,2
SNV1083,8
SNV1084,10
SNV1085,2
SNV1086,6
SNV1087,2
SNV1088,9
SNV1089,9
SNV1090,9
SNV1091,9
SNV1092,8
,8
SNV1093,6
SNV1095,2
SNV1097,2
SNV1099,2
SNV1101,2
SNV1102,6
,6
SNV1103,9
SNV1104,9
,2
SNV1105,9
SNV1106,7
SNV1107,6
SNV1108,2
SNV1109,9
SNV1110,8
SNV1111,2
SNV1112,9
SNV1115,5
SNV1116,9
SNV1118,6
SNV1119,6
SNV1120,8
SNV1121,2
SNV1122,5
SNV1123,2
SNV1127,6
SNV1128,9
,6
SNV1130,5
SNV1131,9
SNV1132,8
SNV1133,8
SNV1134,2
SNV1135,6
SNV1138,2
SNV1139,8
SNV1140,2
SNV1141,9
SNV1142,5
SNV1145,8
SNV1146,9
SNV1147,9
SNV1148,8
SNV1149,2
SNV1150,8
SNV1151,2
SNV1152,9
SNV1153,8
SNV1154,5
SNV1155,9
SNV1156,9
SNV1157,2
SNV1158,9
SNV1160,9
SNV1161,5
SNV1162,5
SNV1163,8
SNV1164,9
SNV1165,9
SNV1166,2
SNV1167,2
SNV1168,10
SNV1169,5
SNV1170,6
SNV1171,9
SNV1172,8
SNV1173,2
SNV1174,9
SNV1175,2
SNV1176,6
SNV1177,2
SNV1178,5
,6
SNV1180,9
SNV1181,6
SNV1182,8
SNV1185,6
SNV1186,9
SNV1187,9
SNV1188,5
SNV778,5
SNV779,6
SNV781,5
SNV782,6
,2
SNV784,9
SNV785,6
SNV786,9
SNV787,9
SNV788,9
SNV791,9
SNV792,8
SNV794,5
SNV796,9
,6
SNV798,2
SNV799,6
SNV800,9
SNV801,5
SNV802,9
SNV803,2
SNV804,2
SNV805,4
SNV806,2
,0
SNV807,9
SNV808,2
SNV809,2
SNV811,6
SNV812,8
SNV813,5
SNV814,8
SNV815,6
SNV816,9
SNV817,9
SNV818,2
SNV819,10
SNV822,9
SNV823,9
SNV824,8
SNV825,9
SNV826,9
SNV827,8
SNV828,9
SNV829,2
SNV830,6
SNV831,8
SNV832,2
SNV833,8
SNV834,8
SNV840,4
SNV841,8
SNV842,4
SNV843,5
SNV844,9
SNV845,9
SNV846,5
SNV847,9
SNV848,6
SNV849,6
SNV850,2
SNV852,9
SNV853,4
SNV855,9
SNV856,6
SNV857,6
SNV858,9
SNV859,9
SNV860,6
SNV861,2
SNV862,8
SNV863,6
SNV864,6
SNV1276,9
SNV1277,2
SNV1283,6
SNV1284,9
SNV1285,2
SNV1286,9
SNV1287,2
SNV1288,5
SNV1289,9
SNV1291,2
SNV1293,2
SNV1294,6
SNV1295,2
SNV1297,9
SNV1298,2
SNV1299,9
SNV1301,5
SNV1302,6
SNV1303,9
SNV1304,8
SNV1305,9
SNV1306,2
SNV1308,8
SNV1310,2
SNV1311,6
SNV1312,9
SNV1314,9
SNV1315,5
SNV1316,4
SNV1318,5
SNV1319,2
SNV1320,9
SNV1321,2
SNV1322,8
SNV1323,4
SNV1324,8
SNV1325,6
SNV1326,8
SNV1327,9
SNV1328,6
SNV1330,6
SNV1331,5
SNV1332,2
SNV1333,8
SNV1334,9
SNV1335,9
SNV1336,9
SNV1339,9
SNV1340,6
SNV1341,2
SNV1342,6
SNV1343,2
SNV1345,9
SNV1346,9
SNV1347,8
SNV1348,9
SNV1349,2
SNV1351,9
SNV1352,2
SNV1353,6
SNV1355,2
SNV1356,2
SNV1357,8
SNV1360,6
SNV1361,6
SNV1363,6
SNV1364,9
SNV1365,5
SNV1366,2
SNV1367,9
SNV1368,6
SNV1369,8
SNV1370,6
SNV1371,5
SNV1372,2
SNV1373,2
SNV1374,2
SNV1375,8
SNV1376,8
SNV1377,6
SNV1378,9
SNV1379,2
SNV1380,2
SNV1382,2
SNV1383,6
SNV1384,9
SNV1385,6
SNV1386,9
SNV1387,6
SNV1388,5
SNV1389,6
SNV1390,4
SNV1391,9
SNV1392,9
SNV1393,9
SNV1394,8
SNV1396,9
SNV1397,8
SNV1398,6
SNV1399,9
SNV1400,2
SNV1401,9
SNV1404,11
SNV1405,6
SNV1406,6
SNV1407,8
SNV1408,6
SNV1409,9
SNV1410,8
SNV1411,6
SNV1412,9
SNV1413,5
SNV1414,9
SNV1415,6
SNV1416,8
SNV1417,2
SNV1418,6
SNV1419,6
SNV1420,6
SNV1421,5
SNV1422,8
SNV1423,2
SNV1424,2
SNV1425,2
,8
SNV1427,5
SNV1428,6
SNV1429,6
SNV1430,9
SNV1431,2
,9
SNV1432,2
SNV1433,5
SNV1434,8
SNV1435,2
SNV1436,2
SNV1437,2
SNV1438,2
SNV1439,5
SNV1440,2
SNV1441,2
SNV1442,5
SNV1443,8
SNV1444,9
SNV1445,9
SNV1446,9
SNV1447,8
SNV1448,6
SNV1449,6
SNV1451,2
,6
SNV1452,2
SNV1453,2
SNV1454,5
SNV1455,5
SNV1456,6
SNV1457,8
SNV1458,9
SNV1459,9
,9
SNV1460,10
SNV1461,9
SNV1462,2
SNV1463,9
SNV1464,5
SNV1465,9
SNV1466,8
SNV1467,9
SNV1468,9
SNV1469,4
SNV1470,5
SNV1472,8
SNV1473,8
SNV1474,6
SNV1475,8
SNV1476,2
SNV1477,6
SNV1478,9
SNV1479,2
SNV1480,6
SNV1481,8
SNV1482,9
SNV1483,6
SNV1484,8
SNV1485,10
SNV1486,5
SNV1487,8
SNV1489,9
SNV1490,5
SNV1491,9
SNV1492,8
SNV1493,2
SNV1494,2
SNV1495,2
SNV1496,9
SNV1497,9
SNV1498,6
SNV1499,9
SNV1500,2
SNV1502,6
SNV1503,6
SNV1504,6
SNV1505,6
SNV1190,9
SNV1191,9
SNV1192,7
SNV1195,9
SNV1196,2
SNV1198,9
SNV1199,6
SNV1201,8
SNV1202,9
SNV1203,2
SNV1204,9
SNV1205,9
SNV1206,9
SNV1207,9
SNV1208,5
SNV1209,6
SNV1211,6
SNV1212,8
SNV1214,6
SNV1215,6
SNV1216,5
SNV1217,9
SNV1218,9
SNV1219,5
SNV1220,6
SNV1221,9
SNV1222,9
SNV1223,6
SNV1225,9
SNV1226,5
SNV1228,6
SNV1229,2
SNV1230,6
SNV1231,2
SNV1531,7
SNV1532,4
SNV1533,9
SNV1535,9
SNV1536,6
SNV1537,2
SNV1539,5
SNV1541,9
SNV1542,8
SNV1544,5
SNV1547,6
SNV1548,2
SNV1549,2
SNV1550,9
SNV1552,4
SNV1553,2
SNV1554,2
SNV1555,8
SNV1556,5
SNV1557,2
SNV1558,9
SNV1559,2
SNV1560,9
SNV1561,8
SNV1562,9
SNV1563,8
SNV1565,2
SNV1566,9
SNV1567,9
SNV1568,9
SNV1569,2
SNV1574,2
SNV1576,8
SNV1577,6
SNV1578,9
SNV1579,6
SNV1580,9
SNV1581,9
SNV1582,9
SNV1584,9
SNV1585,6
SNV1587,9
SNV1588,2
SNV1589,5
SNV1590,5
SNV1591,4
SNV1592,9
SNV1593,8
SNV1594,6
SNV1595,6
SNV1596,9
SNV1597,5
SNV1598,6
SNV1599,6
SNV1601,9
SNV1602,11
SNV1603,6
SNV1604,2
SNV1606,2
SNV1607,2
SNV1608,5
SNV1609,7
SNV1610,9
SNV1611,9
SNV1612,5
SNV1613,2
SNV1615,9
SNV1616,9
SNV1622,4
SNV1623,5
SNV1624,5
SNV1625,6
SNV1626,6
SNV1627,2
SNV1629,2
SNV1630,6
SNV1631,9
SNV1633,4
SNV1634,9
SNV1635,5
SNV1637,2
SNV1638,9
SNV1639,9
SNV1640,10
SNV1641,9
SNV1642,0
SNV1644,9
SNV1646,8
SNV1647,2
SNV1648,6
SNV1649,5
SNV1651,2
SNV1652,9
SNV1653,9
SNV1655,10
SNV1657,9
SNV1658,6
SNV1661,2
SNV1662,9
SNV1663,6
SNV1664,8
SNV1665,8
SNV1666,2
SNV1667,2
SNV1670,2
SNV1671,9
SNV1672,8
SNV1673,2
SNV1674,4
SNV1675,9
SNV1677,6
SNV1678,8
SNV1679,2
SNV1680,10
SNV1681,9
SNV1682,2
SNV1683,6
SNV1687,6
SNV1691,8
SNV1692,8
SNV1694,6
SNV1695,2
SNV1697,9
SNV1698,5
SNV1699,2
SNV1700,2
SNV1702,7
SNV1705,2
SNV1706,9
SNV1707,7
SNV1708,5
SNV1711,9
SNV1712,9
SNV1713,8
SNV1714,5
SNV1715,8
SNV1716,8
SNV1717,9
SNV1718,5
SNV1719,5
SNV1720,5
SNV1723,6
SNV1724,9
SNV1725,2
SNV1726,2
SNV1728,9
SNV1729,9
SNV1731,6
SNV1732,2
SNV1733,9
SNV1734,9
SNV1735,9
SNV1737,6
SNV1738,9
SNV1740,6
SNV1741,2
SNV1743,8
SNV1744,8
SNV1745,6
SNV1747,5
SNV1749,2
SNV1751,6
SNV1752,8
SNV1753,6
SNV1754,8
SNV1755,9
,9
SNV1756,8
SNV1757,6
SNV1758,8
SNV1761,9
SNV1762,2
SNV1764,8
SNV1765,10
SNV1767,6
SNV1770,8
SNV1771,6
SNV1772,5
SNV1773,8
SNV1777,9
SNV1778,8
SNV1780,9
SNV1781,8
SNV1782,2
SNV1783,2
SNV1785,8
SNV1787,9
SNV1788,8
SNV1789,9
SNV1791,9
SNV1795,9
SNV1796,7
SNV1797,8
SNV1798,10
SNV1799,9
SNV1800,6
SNV1802,6
SNV1805,6
SNV1806,4
SNV1807,2
SNV1810,7
SNV1811,8
SNV1813,2
SNV1814,7
SNV1815,6
SNV1816,7
SNV1818,5
SNV1822,8
SNV1823,8
SNV1508,9
SNV1510,10
SNV1522,10
SNV1839,1
SNV1840,9
SNV1841,8
SNV1842,10
SNV1847,2
SNV1848,6
SNV1850,9
SNV1852,8
SNV1853,9
SNV1854,2
SNV1855,6
SNV1856,2
SNV1857,9
SNV1859,6
SNV1860,2
SNV1861,5
SNV1863,6
SNV1864,2
SNV1865,3
SNV1866,9
SNV1867,2
SNV1868,9
SNV1869,6
SNV1870,5
SNV1873,9
SNV1874,8
SNV1876,6
SNV1878,2
SNV1879,11
SNV1881,3
SNV1883,2
SNV1884,2
SNV1885,10
SNV1886,9
SNV1888,8
SNV1891,3
SNV1892,6
SNV1893,9
SNV1895,6
SNV1896,0
SNV1897,2
SNV1898,10
SNV1900,7
SNV1901,6
SNV1902,6
SNV1903,0
SNV1904,11
SNV1905,8
SNV1907,9
SNV1908,2
SNV1910,4
SNV1911,2
SNV1913,5
SNV1914,8
SNV1915,6
SNV1916,5
SNV1917,2
SNV1919,2
SNV1920,2
SNV1921,6
SNV1923,6
SNV1925,10
SNV1926,9
SNV1932,0
SNV1933,9
SNV1934,9
SNV1936,0
,11
SNV1938,6
SNV1940,2
SNV1945,5
SNV1946,2
SNV1947,9
SNV1948,0
SNV1950,5
SNV1951,9
SNV1954,5
SNV1956,6
SNV1958,5
SNV1959,2
,5
SNV1961,10
SNV1964,6
SNV1965,5
SNV1966,6
SNV1967,9
SNV1969,6
SNV1970,2
SNV1971,8
SNV1972,9
SNV1973,9
SNV1974,9
SNV1975,8
SNV1976,0
SNV1977,0
SNV1978,0
SNV1979,7
SNV1981,2
SNV1982,2
SNV1985,2
SNV1987,6
SNV1988,0
SNV1989,9
SNV1990,5
SNV1991,6
SNV1994,9
SNV1997,6
SNV1998,9
SNV2000,5
SNV2002,0
SNV2003,2
SNV2004,9
SNV2005,2
SNV2006,8
SNV2007,8
SNV2008,9
SNV2009,0
SNV2011,8
SNV2012,6
SNV2013,6
SNV2016,2
SNV2019,9
SNV2021,5
SNV2024,0
SNV2025,8
SNV2026,8
SNV2027,2
SNV2028,6
,6
SNV2029,6
SNV2030,9
SNV2031,0
SNV2032,10
SNV2033,5
SNV2035,0
SNV2036,0
,5
SNV2039,9
SNV2040,2
SNV2041,6
SNV2042,0
SNV2043,5
SNV2044,2
SNV2045,2
SNV2047,0
SNV2048,0
SNV2050,8
SNV2052,8
SNV2057,10
SNV2058,5
SNV2061,2
SNV2064,9
SNV2065,0
SNV2066,9
SNV2067,0
SNV2069,6
,2
SNV2070,9
SNV2073,0
SNV2075,9
SNV2076,8
SNV2077,8
SNV2079,2
SNV2081,2
SNV2082,2
SNV2083,9
SNV2084,4
SNV2085,9
SNV2086,5
SNV2087,9
,0
SNV2089,6
SNV2090,9
SNV2092,5
SNV2093,5
SNV2095,2
SNV2097,8
SNV2098,0
SNV2099,9
SNV2100,5
SNV2102,0
SNV2103,9
SNV2105,8
SNV2107,6
SNV2108,8
SNV2109,9
SNV2110,9
SNV2111,9
SNV2112,8
SNV2114,9
SNV2115,8
SNV2116,5
SNV2117,9
SNV2118,6
SNV2121,6
SNV2122,0
SNV2123,9
SNV2126,8
SNV2127,4
SNV2128,2
SNV2129,9
SNV2130,9
SNV2131,2
SNV2133,2
SNV2134,10
SNV2135,9
,9
SNV1824,2
SNV1826,5
SNV1827,9
SNV1831,2
SNV1832,6
SNV1833,2
SNV1834,8
SNV1835,9
SNV1836,11
SNV1837,11
SNV2184,2
SNV2211,9
SNV2239,8
SNV2245,5
SNV2255,6
SNV2258,8
SNV2259,8
SNV2260,8
SNV2268,8
SNV2276,2
SNV2277,8
SNV2278,9
SNV2299,2
SNV2313,6
SNV2319,6
SNV2326,9
SNV2332,6
SNV2359,6
SNV2383,8
SNV2384,9
SNV2390,6
SNV2404,9
SNV2405,6
SNV2406,9
SNV2138,4
SNV2140,2
SNV2145,2
SNV2146,9
SNV2148,5
SNV2153,8
SNV2154,8
SNV2155,9
SNV2158,6
SNV2159,9
SNV2161,9
SNV2163,5
SNV2167,6
SNV2168,6
SNV2171,3
SNV2172,8
SNV2175,6
SNV2176,9
SNV2178,6
SNV2181,9
SNV2182,7
SNV2183,10
SNV2185,9
SNV2187,9
SNV2189,7
SNV2190,2
SNV2191,8
SNV2192,6
SNV2193,9
SNV2194,7
SNV2195,9
SNV2199,6
SNV2201,9
SNV2202,9
SNV2204,2
SNV2206,2
SNV2208,8
,9
SNV2261,10
SNV2262,6
SNV2263,2
SNV2264,5
SNV2265,9
SNV2266,9
SNV2267,2
SNV2269,6
SNV2270,9
SNV2271,6
SNV2272,8
SNV2273,9
SNV2279,9
SNV2280,6
SNV2281,4
SNV2282,1
SNV2283,9
SNV2284,8
SNV2285,9
SNV2286,9
SNV2291,9
SNV2292,9
SNV2293,8
SNV2294,9
SNV2295,11
SNV2296,2
SNV2297,9
SNV2298,7
SNV2300,5
SNV2329,2
SNV2330,7
,11
SNV2333,8
SNV2336,8
SNV2338,11
SNV2341,9
SNV2343,11
SNV2345,9
SNV2346,5
SNV2347,9
SNV2348,2
SNV2349,2
SNV2352,2
SNV2353,8
SNV2354,9
SNV2355,4
SNV2356,4
SNV2360,6
SNV2362,9
SNV2363,7
SNV2364,9
SNV2365,9
SNV2366,6
SNV2367,8
SNV2370,5
SNV2371,9
SNV2372,8
SNV2374,9
SNV2376,9
SNV2377,9
SNV2378,9
SNV2382,2
SNV2385,9
SNV2386,2
SNV2388,6
SNV2391,2
SNV2392,9
SNV2393,8
SNV2394,2
SNV2395,9
SNV2396,2
SNV2397,11
SNV2399,11
SNV2434,9
SNV2455,9
SNV2468,6
SNV2471,9
SNV2490,2
SNV2491,9
SNV2537,9
SNV2546,10
SNV2553,8
SNV2571,7
SNV2583,8
SNV2584,8
SNV2593,6
SNV2606,9
SNV2607,9
SNV2608,5
SNV2609,8
SNV2610,9
SNV2611,9
SNV2408,9
SNV2409,6
SNV2410,9
SNV2411,2
SNV2413,9
SNV2414,2
SNV2416,8
SNV2418,0
SNV2419,9
SNV2420,8
SNV2421,9
SNV2423,4
SNV2424,5
SNV2425,6
SNV2426,0
SNV2427,2
SNV2429,2
SNV2430,9
SNV2431,2
SNV2432,5
SNV2433,2
,9
SNV2435,2
SNV2436,9
SNV2437,8
SNV2441,8
SNV2442,10
SNV2443,6
SNV2444,9
SNV2461,9
SNV2462,10
SNV2463,2
SNV2464,7
SNV2465,9
SNV2466,9
,8
SNV2467,2
SNV2469,9
SNV2470,8
SNV2475,9
SNV2476,2
SNV2477,9
SNV2478,9
SNV2479,9
SNV2480,8
SNV2481,8
SNV2482,8
SNV2484,9
SNV2485,8
SNV2486,6
SNV2487,6
SNV2488,9
SNV2489,6
SNV2492,7
SNV2493,4
SNV2495,9
SNV2496,9
SNV2497,9
SNV2498,8
SNV2499,5
SNV2500,5
SNV2501,8
SNV2502,9
SNV2503,9
SNV2504,6
SNV2505,6
SNV2522,9
SNV2523,2
SNV2524,2
SNV2525,9
SNV2526,9
SNV2527,9
SNV2528,9
SNV2529,5
SNV2530,10
SNV2531,9
SNV2532,9
SNV2533,8
SNV2534,9
SNV2535,0
SNV2536,6
SNV2538,9
SNV2539,9
SNV2540,8
SNV2541,6
SNV2542,9
SNV2543,9
SNV2544,9
SNV2545,2
SNV2547,8
SNV2548,9
SNV2549,9
SNV2550,9
SNV2551,9
SNV2552,9
SNV2554,9
SNV2555,8
SNV2556,0
SNV2557,5
SNV2559,6
SNV2561,8
SNV2562,6
,11
SNV2565,6
SNV2566,9
SNV2567,4
SNV2568,2
SNV2569,9
SNV2570,6
SNV2573,6
SNV2574,2
SNV2575,2
SNV2576,2
SNV2577,7
SNV2578,2
SNV2579,9
SNV2580,9
SNV2581,9
SNV2582,2
SNV2585,8
SNV2586,8
SNV2587,9
SNV2591,9
SNV2592,2
SNV2594,2
SNV2595,9
SNV2596,6
SNV2597,9
SNV2598,8
SNV2599,5
SNV2867,11
SNV2869,2
SNV2626,9
SNV2631,9
SNV2638,2
SNV2642,5
SNV2689,2
SNV2712,11
SNV2778,6
SNV2789,9
SNV2807,2
SNV2853,9
SNV2863,2
SNV2864,5
SNV2865,6
SNV2866,10
SNV2868,9
SNV2612,6
SNV2613,9
SNV2614,5
SNV2615,9
SNV2616,9
SNV2617,9
SNV2618,9
SNV2619,6
SNV2620,9
SNV2637,2
SNV2639,9
SNV2640,6
SNV2641,8
SNV2643,5
SNV2644,8
SNV2645,9
SNV2646,2
SNV2647,2
SNV2649,6
SNV2651,9
SNV2652,9
SNV2653,8
SNV2654,9
SNV2655,2
SNV2656,9
SNV2657,2
SNV2660,9
SNV2661,2
SNV2662,9
SNV2663,10
SNV2665,9
SNV2666,2
SNV2667,6
SNV2668,10
SNV2669,6
SNV2670,9
SNV2671,2
SNV2672,8
SNV2673,9
SNV2674,2
SNV2675,6
SNV2676,9
SNV2677,9
SNV2678,9
SNV2679,9
SNV2681,6
SNV2682,6
SNV2683,9
SNV2684,3
SNV2686,2
,8
SNV2687,2
SNV2688,9
SNV2690,6
SNV2691,9
SNV2694,9
SNV2695,9
SNV2696,8
SNV2697,5
SNV2698,6
SNV2699,2
SNV2700,9
SNV2701,2
SNV2702,8
SNV2703,2
SNV2704,9
SNV2705,6
SNV2706,6
SNV2707,8
SNV2708,9
SNV2709,9
SNV2710,9
SNV2711,8
SNV2713,9
SNV2714,6
SNV2715,9
SNV2717,2
SNV2718,5
SNV2719,2
SNV2720,9
SNV2722,2
SNV2723,8
SNV2724,2
SNV2725,9
SNV2727,9
SNV2728,2
SNV2730,2
SNV2731,2
SNV2733,8
SNV2734,2
SNV2735,9
SNV2736,6
SNV2737,2
SNV2738,2
SNV2739,8
SNV2740,2
SNV2742,8
SNV2743,6
SNV2744,2
SNV2746,2
SNV2747,6
SNV2748,9
SNV2751,9
SNV2752,6
SNV2753,8
SNV2756,9
SNV2757,2
SNV2758,2
SNV2760,2
SNV2761,6
SNV2762,8
SNV2763,5
SNV2764,9
SNV2765,5
SNV2766,9
SNV2767,8
SNV2768,8
SNV2769,9
SNV2770,9
SNV2772,9
SNV2773,8
SNV2774,9
SNV2775,8
SNV2777,4
SNV2779,5
SNV2780,2
SNV2781,5
SNV2783,9
SNV2786,2
SNV2790,2
SNV2791,6
SNV2792,9
SNV2794,2
SNV2795,6
SNV2796,5
SNV2797,9
SNV2798,6
SNV2799,6
SNV2800,9
SNV2802,6
SNV2803,8
SNV2804,9
SNV2805,2
SNV2808,5
SNV2809,6
SNV2810,2
,0
SNV2812,2
SNV2813,9
SNV2814,6
SNV2815,6
SNV2817,9
SNV2818,9
SNV2819,6
SNV2820,8
SNV2823,5
SNV2824,2
SNV2825,2
SNV2826,2
SNV2827,9
SNV2828,8
SNV2830,2
SNV2831,2
SNV2832,8
SNV2833,2
SNV2834,9
SNV2835,5
SNV2837,2
SNV2839,2
SNV2840,9
SNV2841,2
SNV2842,9
SNV2843,6
SNV2844,8
SNV2845,9
SNV2846,9
SNV2847,5
SNV2848,6
SNV2851,2
SNV2852,2
SNV2856,9
SNV2857,10
SNV2858,9
SNV2859,9
SNV2860,9
SNV2861,2
SNV3038,6
SNV3040,6
SNV3041,6
SNV3042,2
SNV3043,2
SNV3044,8
SNV3045,2
SNV3047,8
SNV3048,2
SNV3050,8
SNV3051,6
,8
SNV3052,2
SNV3053,9
SNV2870,9
SNV2871,9
SNV2873,8
SNV2875,9
SNV2877,8
SNV2878,2
SNV2879,9
SNV2880,9
SNV2884,9
SNV2885,6
SNV2886,5
SNV2888,8
SNV2889,8
SNV2890,5
SNV2891,9
SNV2892,8
SNV2893,9
SNV2895,8
SNV2896,9
SNV2897,8
SNV2898,9
SNV2899,5
SNV2900,9
SNV2901,9
SNV2902,5
SNV2903,2
SNV2904,9
SNV2936,9
SNV2937,2
SNV2938,9
SNV2939,2
SNV2940,9
SNV2941,9
SNV2942,9
SNV2943,9
SNV2944,6
SNV2945,6
SNV2946,6
SNV2947,2
SNV2948,4
SNV2950,2
SNV2951,2
SNV2952,9
SNV2953,2
SNV2954,9
SNV2956,0
SNV2957,2
SNV2958,9
SNV2959,11
SNV2960,2
SNV2961,8
SNV2962,9
SNV2963,8
SNV2964,8
SNV2966,8
SNV2967,9
SNV2968,5
SNV2969,2
SNV2971,6
SNV2973,2
SNV2974,2
SNV2975,10
SNV2976,8
SNV2977,11
SNV2981,4
SNV2982,2
SNV2984,6
SNV2985,5
SNV2986,9
SNV2988,9
SNV2989,5
SNV2990,5
SNV2991,0
SNV2994,5
SNV2997,2
SNV2998,8
SNV2999,2
SNV3000,0
SNV3001,2
SNV3002,9
SNV3003,2
SNV3004,2
SNV3005,8
SNV3006,8
SNV3009,9
SNV3010,5
SNV3012,7
SNV3013,9
SNV3014,6
SNV3015,9
SNV3016,6
SNV3017,2
,7
SNV3018,10
SNV3019,5
SNV3021,9
SNV3023,8
SNV3026,9
SNV3027,6
SNV3028,8
SNV3029,6
SNV3030,9
SNV3031,2
SNV3032,8
SNV3033,2
SNV4814,9
SNV5010,9
SNV5011,9
SNV5033,9
SNV5036,6
SNV5044,2
SNV5057,9
SNV5098,2
SNV5107,9
SNV5128,5
SNV5133,5
SNV5168,9
SNV5171,6
SNV5185,6
SNV5193,4
SNV5210,8
SNV5222,6
SNV5224,9
SNV4414,2
SNV4465,2
SNV4481,9
SNV4488,9
SNV4527,10
SNV4539,9
SNV4544,5
SNV4556,9
SNV4583,6
SNV4587,5
SNV4678,9
SNV4683,9
,2
SNV4712,2
SNV4722,8
SNV4734,9
SNV4735,9
SNV4772,9
SNV4777,6
SNV4812,6
SNV4850,5
SNV4854,8
SNV4866,8
SNV4890,5
SNV4913,9
SNV4948,10
SNV4960,9
SNV4967,9
SNV4968,6
SNV4970,5
SNV4972,2
SNV4973,9
SNV4974,8
SNV4975,2
SNV4976,5
SNV4977,8
SNV4978,8
SNV4979,9
SNV4980,9
SNV4985,9
SNV4987,8
SNV4989,9
SNV4990,4
SNV4992,2
SNV4993,6
SNV4995,11
SNV4996,9
SNV4997,2
SNV4998,9
SNV4999,8
SNV5000,4
SNV5001,9
SNV5002,8
SNV5004,6
SNV5006,6
SNV5007,9
SNV5008,9
SNV5012,9
SNV5015,9
SNV5017,5
SNV5018,9
SNV5019,6
SNV5020,9
SNV5022,0
SNV5023,9
SNV5024,6
SNV5025,5
SNV5026,9
SNV5027,8
SNV5028,9
SNV5029,6
SNV5032,9
SNV5034,9
SNV5037,8
SNV5038,9
SNV5039,4
SNV5040,8
SNV5041,9
SNV5042,5
SNV5046,8
SNV5047,9
SNV5048,9
SNV5049,5
SNV5055,6
SNV5056,9
SNV5058,4
SNV5059,8
SNV5060,9
SNV5061,6
SNV5062,9
SNV5063,2
SNV5066,9
SNV5068,10
SNV5070,9
SNV5071,2
SNV5073,5
SNV5074,9
SNV5076,9
SNV5077,5
SNV5078,8
SNV5079,4
SNV5080,6
SNV5081,2
SNV5083,2
SNV5084,5
SNV5086,4
SNV5088,10
SNV5089,2
SNV5090,9
SNV5091,6
SNV5092,8
SNV5093,9
SNV5095,2
SNV5096,9
SNV5097,9
SNV5099,9
SNV5100,2
SNV5103,5
SNV5109,9
SNV5110,2
SNV5111,9
SNV5112,5
SNV5113,2
SNV5115,5
SNV5116,2
SNV5117,8
SNV5118,5
SNV5120,6
SNV5121,5
SNV5123,2
SNV5125,6
SNV5126,5
SNV5127,10
SNV5130,9
SNV5131,8
SNV5132,9
SNV5134,6
SNV5136,1
SNV5137,5
SNV5140,5
SNV5141,9
SNV5142,9
SNV5143,5
SNV5144,2
SNV5145,2
SNV5146,9
SNV5150,9
SNV5151,6
SNV5152,2
SNV5153,2
SNV5154,6
SNV5156,2
SNV5157,6
SNV5160,2
SNV5161,2
SNV5164,8
SNV5165,2
SNV5166,6
SNV5172,9
SNV5173,6
SNV5175,9
SNV5176,6
SNV5177,6
SNV5178,9
SNV5179,2
SNV5180,6
SNV5181,2
SNV5183,6
SNV5184,8
SNV5233,8
SNV5234,8
SNV5236,2
SNV5237,8
SNV4354,6
SNV4355,8
SNV4358,2
SNV4359,10
SNV4361,2
SNV4363,8
SNV4365,9
SNV4366,8
SNV4368,9
SNV4369,9
SNV4370,5
SNV4371,5
SNV4372,7
SNV4374,8
SNV4377,7
SNV4381,10
SNV4382,10
SNV4383,10
SNV4384,8
SNV4385,9
SNV4387,5
SNV4388,0
SNV4389,11
SNV4391,10
SNV4392,10
SNV4393,10
SNV4395,5
SNV4396,10
SNV4398,6
SNV4400,2
SNV4402,6
SNV4415,2
SNV4418,2
SNV4422,9
SNV4425,10
SNV4427,8
SNV4429,8
SNV4430,2
SNV4432,6
SNV4433,2
SNV4434,2
SNV4435,7
SNV4437,2
SNV4438,2
SNV4439,2
SNV4440,6
SNV4441,6
SNV4442,6
SNV4444,8
SNV4446,5
SNV4447,10
SNV4448,6
SNV4449,9
SNV4450,8
SNV4451,0
SNV4452,9
SNV4454,5
SNV4456,7
SNV4460,2
SNV4461,2
SNV4462,2
SNV4463,5
SNV4464,9
SNV4470,2
SNV4471,6
SNV4477,2
SNV4478,8
SNV4480,7
SNV4487,2
SNV4490,8
SNV4492,2
SNV4493,2
SNV4495,9
SNV4496,9
SNV4497,8
SNV4498,9
SNV4499,5
SNV4501,0
SNV4502,6
SNV4503,5
SNV4504,9
,8
SNV4506,6
SNV4509,9
SNV4510,9
SNV4512,7
SNV4513,5
SNV4514,4
SNV4515,6
SNV4516,2
SNV4517,6
SNV4518,2
SNV4519,5
SNV4520,9
SNV4521,6
SNV4522,9
SNV4525,9
SNV4529,6
SNV4530,5
SNV4532,5
SNV4533,9
SNV4537,8
SNV4540,9
SNV4543,5
SNV4545,9
SNV4548,2
SNV4549,9
SNV4550,8
SNV4555,6
SNV4559,6
SNV4560,8
SNV4561,2
SNV4566,9
SNV4567,2
SNV4568,2
SNV4571,3
SNV4572,2
SNV4573,9
SNV4574,8
SNV4575,9
SNV4576,9
SNV4577,2
SNV4578,2
SNV4579,6
SNV4580,9
SNV4582,7
SNV4584,2
SNV4586,9
SNV4588,6
SNV4589,2
SNV4591,6
SNV4593,6
SNV4596,5
SNV4602,10
SNV4604,7
SNV4605,2
SNV4608,9
SNV4614,0
SNV4615,9
SNV4616,10
SNV4617,0
SNV4622,2
SNV4625,9
SNV4629,10
SNV4632,2
SNV4635,8
SNV4636,2
SNV4638,5
SNV4640,6
SNV4641,10
SNV4642,0
SNV4648,2
SNV4649,9
SNV4650,10
SNV4655,5
SNV4656,6
SNV4657,2
SNV4658,6
SNV4659,6
SNV4665,0
SNV4666,6
SNV4667,5
SNV4669,9
SNV4670,9
SNV4673,6
SNV4674,5
SNV4675,5
SNV4677,6
SNV4680,2
SNV4682,9
SNV4689,2
SNV4690,6
SNV4691,9
SNV4694,6
SNV4695,9
SNV4697,2
SNV4698,2
SNV4700,8
SNV4701,8
SNV4706,8
SNV4708,5
SNV4713,5
SNV4717,2
SNV4718,9
SNV4719,4
SNV4721,9
SNV4723,9
SNV4726,6
SNV4729,9
SNV4730,9
SNV4731,9
SNV4733,4
SNV4739,8
SNV4742,9
SNV4743,8
SNV4744,9
SNV4746,2
SNV4748,8
SNV4750,9
SNV4751,9
SNV4752,2
SNV4754,9
SNV4755,2
SNV4758,2
SNV4762,8
SNV4767,10
SNV4768,2
SNV4769,2
SNV4771,2
SNV4775,9
SNV4776,9
SNV4781,9
SNV4782,8
SNV4784,6
SNV4785,6
SNV4786,6
SNV4787,8
SNV4789,7
SNV4790,7
SNV4791,6
SNV4792,6
SNV4801,6
SNV4802,9
SNV4804,2
SNV4805,2
SNV4806,9
SNV4808,5
SNV4809,6
SNV4811,9
SNV4815,9
SNV4816,9
SNV4817,2
SNV4818,2
SNV4819,2
SNV4821,9
SNV4822,0
SNV4823,8
SNV4824,8
SNV4825,9
SNV4826,2
SNV4827,10
SNV4828,5
SNV4829,9
SNV4831,8
SNV4832,8
SNV4833,8
SNV4834,2
SNV4835,8
SNV4836,8
SNV4837,2
SNV4838,9
SNV4839,6
SNV4840,2
SNV4841,6
SNV4842,9
SNV4843,8
SNV4844,6
SNV4845,2
SNV4846,9
SNV4847,9
SNV4848,2
SNV4849,9
SNV4851,9
SNV4853,2
SNV4855,8
SNV4856,9
SNV4857,6
SNV4858,9
SNV4859,2
SNV4860,9
SNV4861,2
SNV4862,8
SNV4867,9
SNV4868,5
SNV4869,9
SNV4870,5
SNV4871,6
SNV4873,9
SNV4874,9
SNV4875,2
SNV4876,2
SNV4877,8
SNV4878,4
SNV4879,9
SNV4880,9
SNV4881,6
SNV4882,8
SNV4883,5
SNV4884,6
SNV4885,9
SNV4886,9
SNV4887,2
SNV4888,2
SNV4889,6
SNV4891,8
SNV4892,6
SNV4893,2
SNV4897,9
SNV4898,6
SNV4900,8
SNV4902,6
SNV4903,2
SNV4904,6
SNV4905,5
SNV4906,9
SNV4907,8
SNV4908,8
SNV4909,8
SNV4912,9
SNV4914,9
SNV4915,5
SNV4916,8
SNV4917,9
SNV4919,5
SNV4920,2
SNV4921,2
SNV4922,6
SNV4923,8
SNV4925,5
SNV4926,6
SNV4927,9
SNV4928,2
SNV4929,2
SNV4930,2
SNV4931,6
SNV4932,6
SNV4933,5
SNV4934,5
SNV4935,9
SNV4936,11
SNV4937,8
SNV4938,9
SNV4939,8
SNV4940,2
SNV4941,6
SNV4942,10
SNV4943,9
SNV4944,8
SNV4945,2
SNV4946,2
SNV4947,5
SNV4949,2
SNV4951,9
SNV4952,9
SNV4953,9
SNV4954,8
SNV4955,2
SNV4956,9
SNV3982,9
SNV3879,6
SNV3881,6
SNV3886,9
SNV3941,2
SNV3945,9
SNV4019,9
SNV4063,6
SNV4066,9
SNV4067,9
SNV4068,6
SNV4069,9
SNV4070,9
SNV4071,9
SNV4073,5
SNV4076,9
SNV4077,9
SNV4078,9
SNV4080,2
SNV4081,9
SNV4082,2
SNV3856,6
SNV3858,2
SNV3860,5
SNV3861,9
SNV3864,9
SNV3865,2
SNV3866,2
SNV3868,6
SNV3869,6
SNV3870,2
SNV3871,8
SNV3872,9
SNV3875,10
SNV3878,2
SNV3880,2
SNV3883,10
SNV3885,2
SNV3887,8
SNV3888,5
SNV3889,5
SNV3891,4
SNV3892,8
SNV3894,2
SNV3895,2
SNV3898,2
SNV3899,5
SNV3900,2
SNV3901,8
SNV3902,10
SNV3903,9
SNV3904,6
SNV3905,2
SNV3906,6
SNV3907,9
SNV3908,8
SNV3909,2
SNV3910,9
SNV3911,2
SNV3912,9
SNV3913,6
SNV3914,2
SNV3915,6
SNV3917,2
SNV3918,5
SNV3919,9
SNV3922,5
SNV3923,11
SNV3924,2
SNV3925,5
SNV3926,8
SNV3927,8
SNV3928,1
SNV3929,11
SNV3930,6
SNV3932,6
SNV3942,5
SNV3948,9
SNV3951,6
SNV3952,9
SNV3953,5
SNV3954,5
SNV3955,6
SNV3956,9
SNV3958,9
SNV3959,5
SNV3961,9
SNV3962,9
SNV3964,2
SNV3965,9
SNV3966,2
SNV3967,9
SNV3968,9
SNV3969,2
SNV3970,9
SNV3972,2
SNV3973,9
SNV3974,8
SNV3976,6
SNV3978,8
SNV3980,0
SNV3984,9
SNV3986,6
SNV3987,2
SNV3990,9
SNV3993,6
SNV3995,2
SNV3997,5
SNV3998,2
SNV4000,2
SNV4001,8
SNV4002,9
SNV4004,5
SNV4005,5
SNV4008,9
SNV4009,9
SNV4011,9
SNV4012,9
SNV4013,2
SNV4014,6
SNV4016,9
SNV4021,5
SNV4022,6
SNV4024,6
SNV4025,5
SNV4026,6
SNV4027,8
SNV4028,8
SNV4030,6
SNV4031,9
SNV4032,2
SNV4034,9
SNV4035,2
SNV4036,9
SNV4038,5
SNV4039,9
SNV4041,9
SNV4042,10
SNV4043,8
SNV4045,9
SNV4047,2
SNV4048,9
SNV4049,1
SNV4053,5
SNV4055,9
SNV4056,9
SNV4057,9
SNV4059,2
SNV4062,8
SNV4064,5
SNV4129,6
SNV4130,9
SNV4133,6
SNV4134,6
SNV4135,9
SNV4139,9
SNV4140,5
SNV4141,5
SNV4142,3
SNV4143,8
SNV4144,8
SNV4145,2
SNV4146,2
SNV4147,9
SNV4148,6
SNV4149,9
SNV4150,6
SNV4151,2
SNV4152,8
SNV4153,4
SNV4154,5
SNV4155,9
SNV4157,10
SNV4158,6
SNV4159,9
SNV4160,6
SNV4161,10
SNV4162,2
SNV4163,5
SNV4164,4
SNV4165,9
SNV4166,9
SNV4167,9
SNV4168,9
SNV4169,6
SNV4170,9
SNV4171,9
SNV4172,9
SNV4173,5
SNV4174,6
,6
SNV4175,6
SNV4176,3
SNV4177,6
SNV4178,6
SNV4179,9
SNV4180,9
SNV4181,5
SNV4182,6
SNV4183,8
SNV4184,9
SNV4185,8
SNV4186,5
SNV4188,9
SNV4189,5
SNV4190,6
SNV4191,9
SNV4192,5
SNV4193,2
SNV4194,2
SNV4195,8
SNV4196,9
SNV4197,9
SNV4198,2
SNV4199,8
SNV4200,2
SNV4201,5
SNV4202,8
SNV4204,8
SNV4205,3
SNV4206,6
SNV4207,9
SNV4208,6
SNV4209,9
SNV4210,5
SNV4275,8
SNV4277,6
SNV4278,1
,0
SNV4280,6
SNV4281,2
SNV4282,8
SNV4283,3
SNV4284,9
SNV4285,6
SNV4287,2
SNV4288,9
SNV4289,5
SNV4290,8
SNV4291,8
SNV4292,9
SNV4293,8
SNV4294,9
SNV4295,5
SNV4296,9
SNV4297,9
SNV4298,9
SNV4299,2
SNV4300,9
SNV4301,2
SNV4302,9
SNV4303,2
SNV4304,8
SNV4305,8
SNV4306,2
SNV4307,9
SNV4308,9
SNV4310,10
SNV4311,9
SNV4312,9
SNV4313,6
SNV4314,9
SNV4315,8
SNV4316,9
SNV4318,9
SNV4319,9
SNV4321,6
SNV4322,9
SNV4323,5
SNV4324,2
SNV4325,2
SNV4326,6
SNV4327,2
SNV4328,9
SNV4329,2
SNV4330,2
SNV4331,9
SNV4332,8
SNV4333,8
SNV4334,9
SNV4336,9
SNV4337,2
SNV4338,2
SNV4339,8
SNV4340,9
SNV4341,8
SNV4342,5
SNV4343,8
SNV4344,6
SNV4345,2
SNV4346,9
SNV4348,6
SNV4349,8
SNV5829,2
SNV5571,9
SNV5590,9
SNV5635,5
SNV5680,9
SNV5688,6
SNV5691,11
SNV5726,6
SNV5745,5
SNV5277,8
SNV5297,6
SNV5344,5
SNV5404,5
SNV5582,9
SNV5596,8
SNV5598,6
SNV5600,2
SNV5613,8
SNV5623,6
SNV5624,4
SNV5639,9
SNV5651,9
SNV5654,6
SNV5665,9
SNV5673,9
SNV5674,9
SNV5699,6
SNV5702,5
SNV5709,5
SNV5711,9
SNV5714,6
SNV5725,9
SNV5748,6
SNV5764,8
SNV5782,9
SNV5794,5
SNV5795,2
SNV5798,2
SNV5820,8
SNV5315,9
SNV5322,9
SNV5328,6
SNV5329,2
SNV5332,9
SNV5335,2
SNV5356,8
SNV5361,8
SNV5363,9
SNV5387,8
SNV5418,5
SNV5449,8
SNV5475,9
SNV5484,5
SNV5495,9
SNV5513,8
SNV5521,8
SNV5548,5
SNV5562,9
SNV5563,5
SNV5564,2
SNV5565,9
SNV5566,9
SNV5567,2
SNV5568,9
SNV5569,9
SNV5570,10
SNV5572,9
SNV5573,6
SNV5574,9
SNV5575,9
SNV5577,8
SNV5579,9
SNV5580,2
SNV5581,8
SNV5583,2
SNV5585,9
SNV5586,6
SNV5587,2
,9
SNV5588,8
SNV5589,9
SNV5591,6
SNV5592,9
SNV5593,9
SNV5594,9
SNV5597,2
SNV5599,9
SNV5601,6
SNV5602,9
SNV5603,6
SNV5604,9
SNV5605,8
SNV5606,8
SNV5607,2
SNV5608,2
SNV5609,6
SNV5610,9
SNV5611,5
SNV5612,8
SNV5615,2
SNV5616,2
SNV5617,6
SNV5618,9
SNV5619,9
SNV5620,5
SNV5621,9
SNV5622,8
SNV5625,6
SNV5626,5
SNV5627,10
SNV5630,10
SNV5631,9
SNV5632,6
SNV5633,2
SNV5634,5
SNV5637,5
SNV5638,2
SNV5640,9
SNV5641,5
SNV5642,5
SNV5643,9
SNV5644,2
SNV5645,2
SNV5646,8
SNV5647,5
SNV5648,8
SNV5649,2
SNV5650,2
SNV5677,9
SNV5678,10
SNV5679,9
SNV5681,8
SNV5682,9
SNV5683,8
SNV5685,9
SNV5686,2
SNV5687,8
SNV5689,9
SNV5690,6
SNV5692,9
SNV5693,9
SNV5694,2
SNV5695,8
SNV5696,8
SNV5697,6
SNV5698,9
SNV5700,9
SNV5701,9
SNV5703,8
SNV5704,8
SNV5705,6
SNV5707,9
SNV5708,5
SNV5710,6
SNV5712,2
SNV5715,2
SNV5716,2
SNV5717,9
SNV5718,9
SNV5719,2
SNV5720,6
SNV5721,9
SNV5723,9
SNV5724,9
SNV5727,2
SNV5728,6
SNV5729,9
SNV5730,2
SNV5735,0
SNV5736,5
SNV5737,6
SNV5738,6
SNV5739,2
SNV5740,9
SNV5741,9
SNV5742,9
SNV5743,2
SNV5744,9
SNV5746,9
SNV5747,2
SNV5749,2
SNV5750,9
SNV5751,8
SNV5753,9
SNV5754,8
SNV5755,6
SNV5757,9
SNV5758,6
SNV5759,9
SNV5760,6
SNV5761,2
SNV5763,8
SNV5766,8
SNV5767,2
SNV5768,9
SNV5769,6
SNV5770,6
SNV5771,9
SNV5772,9
SNV5773,8
SNV5774,2
SNV5776,6
SNV5777,9
SNV5778,8
SNV5780,6
SNV5781,6
SNV5783,9
SNV5784,2
SNV5785,9
SNV5788,2
SNV5789,8
SNV5790,2
SNV5791,2
SNV5792,4
SNV5793,9
SNV5796,6
SNV5797,6
SNV5799,4
SNV5802,6
SNV5803,5
SNV5804,9
SNV5805,9
SNV5815,7
SNV5818,6
SNV5822,6
SNV5823,8
SNV5824,9
SNV5825,2
SNV5826,6
SNV5827,6
SNV5828,6
SNV5830,9
SNV5831,5
SNV5832,8
SNV5833,6
SNV5834,6
SNV5835,8
SNV5239,9
SNV5240,9
SNV5241,9
SNV5242,9
SNV5243,2
SNV5244,11
SNV5245,8
SNV5246,8
SNV5247,9
SNV5248,9
SNV5249,6
SNV5250,2
SNV5252,9
SNV5254,9
SNV5255,2
SNV5256,6
SNV5257,2
SNV5259,6
SNV5260,2
SNV5262,2
SNV5263,2
SNV5264,9
SNV5265,2
SNV5266,6
SNV5267,2
SNV5268,2
SNV5269,9
SNV5270,9
SNV5271,6
SNV5272,6
SNV5273,8
SNV5274,5
SNV5275,8
SNV5276,6
SNV5278,9
SNV5280,9
SNV5281,8
SNV5283,9
SNV5284,6
SNV5288,9
SNV5289,8
SNV5290,9
SNV5291,9
SNV5293,2
SNV5294,6
SNV5295,9
SNV5298,2
SNV5299,10
SNV5300,6
SNV5301,5
SNV5302,5
SNV5303,5
SNV5304,2
,11
SNV5307,6
SNV5309,8
SNV5310,2
SNV5311,6
SNV5312,2
SNV5313,9
,0
SNV5314,9
SNV5316,6
SNV5317,6
SNV5318,9
SNV5319,9
SNV5320,0
SNV5321,8
SNV5323,9
SNV5324,6
SNV5325,2
SNV5326,6
SNV5327,6
,0
SNV5330,2
SNV5331,10
SNV5334,9
SNV5336,9
SNV5337,8
SNV5338,5
SNV5340,9
SNV5341,9
SNV5342,8
SNV5355,6
SNV5357,6
SNV5358,6
SNV5359,2
SNV5360,9
SNV5362,4
SNV5364,9
SNV5365,9
SNV5366,8
SNV5368,4
SNV5369,2
SNV5370,8
SNV5371,3
SNV5373,2
SNV5374,2
SNV5375,9
SNV5376,9
SNV5377,5
SNV5378,2
SNV5379,2
SNV5380,2
SNV5381,9
SNV5382,9
SNV5383,9
SNV5384,2
SNV5385,5
SNV5386,2
SNV5389,9
SNV5390,9
SNV5392,9
SNV5393,9
SNV5394,5
SNV5395,5
SNV5396,2
SNV5397,9
SNV5399,6
SNV5400,2
SNV5401,6
SNV5402,9
SNV5403,9
SNV5405,9
SNV5406,9
SNV5407,9
SNV5408,6
SNV5409,6
SNV5410,8
SNV5411,9
SNV5412,6
SNV5413,2
SNV5415,8
SNV5416,5
SNV5417,2
SNV5420,8
SNV5421,8
SNV5422,9
SNV5423,8
SNV5424,8
SNV5426,2
SNV5427,2
SNV5428,6
SNV5429,9
SNV5430,9
SNV5431,2
,9
SNV5432,8
SNV5433,9
SNV5435,6
SNV5436,9
SNV5437,9
SNV5440,9
,0
SNV5442,2
SNV5443,9
SNV5445,8
SNV5446,2
SNV5447,2
SNV5448,5
SNV5450,9
SNV5451,8
SNV5452,2
SNV5455,6
SNV5456,9
SNV5457,8
SNV5458,9
SNV5459,8
SNV5460,5
SNV5461,5
SNV5463,9
SNV5464,6
SNV5465,9
SNV5466,6
SNV5467,6
SNV5468,9
SNV5469,5
SNV5470,6
SNV5471,6
SNV5472,6
SNV5474,2
SNV5476,2
SNV5477,2
SNV5478,9
SNV5479,9
SNV5480,6
SNV5481,2
SNV5483,2
SNV5485,2
SNV5486,6
SNV5487,8
SNV5489,9
SNV5490,6
SNV5491,9
SNV5492,5
SNV5493,9
SNV5496,9
SNV5497,11
SNV5498,2
SNV5499,9
SNV5500,2
SNV5501,2
SNV5502,9
SNV5503,9
SNV5504,2
SNV5505,9
,9
SNV5506,9
SNV5508,2
SNV5509,9
SNV5510,2
SNV5511,5
SNV5512,5
SNV5514,6
SNV5515,9
,2
SNV5516,9
SNV5518,6
SNV5519,6
SNV5520,8
SNV5522,5
SNV5523,8
SNV5524,9
SNV5525,6
SNV5526,2
SNV5527,2
SNV5528,9
SNV5529,2
SNV5530,9
SNV5531,2
SNV5532,9
SNV5533,6
SNV5534,6
SNV5536,2
SNV5538,8
SNV5539,6
SNV5540,2
SNV5543,2
SNV5544,5
SNV5545,5
SNV5546,6
SNV5547,9
SNV5550,9
SNV5551,9
SNV6299,9
SNV6318,5
SNV6494,11
SNV6498,2
SNV6506,4
SNV5840,9
SNV5854,9
SNV5855,6
SNV5856,6
SNV5859,9
SNV5862,9
SNV5863,9
SNV5876,9
SNV5889,9
SNV5928,6
SNV5985,2
SNV5989,9
SNV5991,8
SNV5994,2
SNV6006,6
SNV6013,8
SNV6020,8
SNV6025,9
SNV6047,6
SNV6061,9
SNV6145,2
SNV6187,2
SNV6192,9
SNV6197,9
SNV6198,2
SNV6210,9
SNV6211,9
SNV6212,9
SNV6214,2
SNV6215,2
SNV6216,9
SNV6217,8
SNV6218,2
SNV6219,8
SNV6220,5
SNV6221,9
SNV6222,2
SNV6224,9
SNV6225,8
SNV6226,9
SNV6227,6
SNV6228,2
SNV6229,9
SNV6230,9
SNV6231,9
SNV6232,8
SNV6233,8
SNV6234,9
SNV6235,9
SNV6236,6
SNV6237,6
SNV6238,9
SNV6239,8
SNV6240,9
SNV6241,9
SNV6243,9
SNV6244,9
SNV6245,9
SNV6246,9
SNV6247,9
SNV6249,8
SNV6250,6
SNV6251,9
SNV6252,6
SNV6253,5
SNV6254,6
SNV6255,5
SNV6257,8
SNV6258,8
SNV6259,9
SNV6260,2
SNV6261,2
SNV6262,9
SNV6263,6
SNV6264,2
SNV6265,8
SNV6266,5
SNV6267,2
SNV6268,8
SNV6269,6
SNV6270,2
SNV6271,2
SNV6272,9
SNV6274,5
SNV6276,9
SNV6277,2
SNV6279,5
SNV6280,9
SNV6281,6
SNV6282,9
SNV6283,9
SNV6284,6
SNV6285,6
SNV6286,2
SNV6287,8
SNV6289,8
SNV6290,2
SNV6292,9
SNV6293,6
SNV6294,9
SNV6295,8
SNV6296,9
SNV6297,2
SNV6298,9
SNV6300,2
SNV6301,6
SNV6302,11
SNV6304,0
SNV6305,7
SNV6306,0
SNV6309,9
SNV6310,2
SNV6311,11
SNV6312,0
SNV6313,9
SNV6315,9
SNV6317,9
SNV6319,2
SNV6320,2
SNV6322,2
SNV6323,9
SNV6324,7
SNV6326,9
SNV6327,9
SNV6328,6
SNV6329,9
SNV6330,8
SNV6331,9
SNV6332,5
SNV6334,2
SNV6336,2
SNV6337,9
SNV6338,2
SNV6339,7
SNV6340,2
SNV6341,6
SNV6343,9
SNV6344,5
SNV6345,9
SNV6346,5
SNV6348,8
SNV6349,8
SNV6350,9
SNV6352,9
SNV6353,9
SNV6354,6
SNV6356,2
SNV6357,2
SNV6358,5
SNV6359,2
SNV6360,9
SNV6362,9
SNV6363,9
SNV6364,8
SNV6365,9
SNV6366,9
SNV6367,9
SNV6368,10
SNV6369,9
SNV6370,8
SNV6371,8
SNV6373,6
SNV6376,5
SNV6377,9
SNV6379,6
SNV6380,9
SNV6381,9
SNV6382,9
SNV6383,2
SNV6384,9
SNV6385,9
SNV6386,8
SNV6388,8
SNV6389,8
SNV6390,8
SNV6391,8
SNV6394,9
SNV6395,9
SNV6398,9
SNV6399,2
SNV6400,2
SNV6402,9
SNV6408,7
SNV6409,9
SNV6410,6
SNV6411,2
SNV6412,9
SNV6413,9
SNV6416,8
SNV6417,2
SNV6420,2
SNV6421,9
SNV6422,9
SNV6423,9
SNV6424,8
SNV6425,8
SNV6427,2
SNV6428,2
SNV6429,2
SNV6430,9
SNV6431,2
SNV6432,2
SNV6437,9
SNV6438,6
SNV6439,9
SNV6440,9
SNV6441,10
SNV6442,2
SNV6443,6
SNV6444,9
SNV6445,6
SNV6446,9
SNV6447,5
SNV6448,9
SNV6449,9
SNV6453,6
SNV6454,5
SNV6455,11
SNV6456,2
SNV6458,8
SNV6459,9
SNV6460,1
SNV6461,9
SNV6463,9
SNV6464,8
SNV6465,2
,11
SNV6466,6
SNV6468,8
SNV6469,2
SNV6470,9
SNV6471,2
SNV6473,10
SNV6474,7
SNV6475,9
SNV6476,9
SNV6477,6
SNV6478,7
SNV6479,6
SNV6480,5
SNV6481,9
SNV6484,9
SNV6486,8
SNV6487,8
SNV6489,9
SNV6492,2
SNV6496,5
SNV6497,8
SNV6500,9
SNV6502,9
SNV6503,2
SNV6504,2
SNV6505,9
,11
SNV6508,6
SNV6509,6
SNV6511,5
SNV6512,6
SNV5836,7
SNV5837,8
SNV5841,2
SNV5842,6
SNV5843,9
SNV5844,8
SNV5845,0
SNV5846,8
SNV5847,8
SNV5848,5
SNV5849,6
SNV5850,10
SNV5851,5
SNV5852,6
SNV5853,2
SNV5860,3
SNV5861,2
SNV5867,5
SNV5869,9
SNV5870,9
SNV5871,8
SNV5872,9
SNV5873,9
SNV5874,6
SNV5879,9
SNV5880,9
SNV5881,4
SNV5885,2
SNV5886,9
SNV5887,9
SNV5888,2
SNV5892,8
SNV5899,6
SNV5900,9
SNV5901,9
SNV5902,9
SNV5903,9
SNV5904,8
SNV5907,6
SNV5908,9
SNV5910,6
SNV5911,8
SNV5912,9
SNV5913,9
SNV5915,5
SNV5916,8
SNV5917,9
SNV5920,9
SNV5923,6
SNV5925,9
SNV5926,9
SNV5927,2
SNV5929,6
SNV5931,6
SNV5933,9
SNV5934,9
SNV5936,8
SNV5937,10
SNV5939,8
SNV5940,9
SNV5941,9
SNV5944,6
SNV5945,4
SNV5946,9
SNV5947,9
SNV5948,2
SNV5949,2
SNV5950,6
SNV5951,2
SNV5952,6
SNV5953,9
SNV5954,8
SNV5959,9
SNV5960,9
SNV5961,2
SNV5963,9
SNV5964,8
SNV5967,4
SNV5968,2
SNV5969,10
SNV5970,5
SNV5971,6
SNV5973,9
SNV5974,9
SNV5975,9
SNV5976,2
SNV5977,8
SNV5978,9
SNV5979,9
SNV5980,9
SNV5981,5
SNV5982,9
SNV5983,9
SNV5984,8
SNV5986,5
SNV5987,2
SNV5988,4
SNV5990,9
SNV5992,8
SNV5993,8
SNV5995,9
SNV5996,9
SNV5997,2
SNV5998,9
SNV5999,8
SNV6001,9
SNV6002,2
SNV6003,8
SNV6004,6
SNV6005,2
SNV6007,7
SNV6008,9
SNV6009,2
SNV6010,0
SNV6011,2
SNV6012,8
SNV6014,2
SNV6015,9
SNV6016,2
SNV6018,9
SNV6019,8
,0
SNV6021,5
SNV6022,9
SNV6023,9
SNV6024,6
SNV6026,6
SNV6027,5
SNV6028,5
SNV6029,11
SNV6031,9
SNV6032,9
SNV6034,9
SNV6035,5
SNV6036,6
SNV6037,2
SNV6038,2
SNV6041,5
SNV6043,8
SNV6045,9
SNV6046,9
SNV6048,2
SNV6049,5
SNV6050,9
SNV6051,9
SNV6053,8
SNV6054,2
SNV6057,9
SNV6058,9
SNV6059,8
SNV6065,9
SNV6066,9
SNV6067,9
SNV6068,8
SNV6069,8
SNV6071,2
SNV6072,9
SNV6075,9
SNV6076,9
SNV6077,6
SNV6078,6
SNV6079,2
SNV6080,8
SNV6081,8
SNV6082,9
SNV6087,9
SNV6088,9
SNV6089,4
SNV6090,1
SNV6091,6
SNV6092,9
SNV6093,9
SNV6094,2
SNV6095,7
SNV6096,9
SNV6098,9
SNV6099,5
SNV6100,2
SNV6101,9
SNV6102,9
SNV6105,8
SNV6106,6
SNV6109,9
SNV6110,2
SNV6111,9
SNV6112,2
SNV6113,6
SNV6116,2
SNV6117,8
SNV6118,2
SNV6120,2
SNV6121,9
SNV6122,9
SNV6123,8
SNV6124,6
SNV6125,6
SNV6128,2
SNV6131,9
SNV6132,9
SNV6133,1
SNV6134,9
SNV6135,6
SNV6138,6
SNV6139,9
SNV6141,9
SNV6142,6
SNV6143,8
SNV6144,4
SNV6146,6
SNV6148,9
SNV6149,9
SNV6150,9
SNV6151,9
SNV6152,9
SNV6153,9
SNV6154,9
SNV6155,9
SNV6158,8
SNV6161,8
SNV6162,2
SNV6163,9
SNV6164,9
SNV6166,2
SNV6167,6
SNV6168,9
SNV6169,8
SNV6170,9
SNV6173,8
SNV6174,8
SNV6175,9
SNV6177,1
SNV6178,8
SNV6180,6
SNV6181,2
SNV6182,8
SNV6183,9
SNV6184,5
SNV6185,8
SNV6186,8
SNV6189,8
SNV6191,6
SNV6193,5
SNV6194,6
SNV6196,5
SNV6199,6
SNV6201,6
SNV6847,9
SNV6851,6
SNV6859,6
SNV6881,2
SNV6884,9
SNV6893,9
SNV6900,8
SNV6939,2
SNV6941,6
SNV6943,2
SNV6955,2
SNV6993,9
SNV7001,9
SNV7004,9
SNV7019,8
SNV7033,7
SNV7045,9
SNV7059,2
SNV7065,2
SNV7103,6
SNV6579,2
SNV6591,10
SNV6596,5
SNV6597,6
SNV6607,9
SNV6612,8
SNV6614,2
SNV6615,4
SNV6616,10
SNV6617,9
SNV6621,6
SNV6633,5
SNV6641,9
SNV6642,9
SNV6644,7
SNV6645,8
SNV6649,9
SNV6650,9
SNV6661,6
SNV6709,9
SNV6728,6
SNV6770,9
SNV6782,9
SNV6795,9
SNV6797,8
SNV6798,6
SNV6799,9
SNV6803,9
SNV6806,8
SNV6807,8
SNV6808,6
SNV6809,2
SNV6812,9
SNV6816,5
SNV6820,6
SNV6821,1
SNV6827,4
SNV6828,7
SNV6829,9
SNV6830,2
SNV6831,9
SNV6832,9
SNV6833,8
SNV6834,8
SNV6836,2
SNV6839,5
SNV6841,10
SNV6844,2
SNV6845,5
SNV6849,2
SNV6852,6
SNV6853,5
SNV6855,9
SNV6858,9
SNV6861,9
SNV6862,10
SNV6863,9
SNV6864,6
SNV6865,2
SNV6866,8
SNV6867,8
SNV6868,9
SNV6869,8
SNV6870,8
SNV6872,8
SNV6876,2
SNV6879,2
SNV6880,8
SNV6882,9
SNV6883,5
SNV6885,9
SNV6886,8
SNV6887,9
SNV6888,5
SNV6889,9
SNV6890,9
SNV6891,8
SNV6892,5
SNV6894,9
SNV6897,2
SNV6898,11
SNV6899,2
SNV6901,9
SNV6902,9
SNV6903,9
SNV6904,4
SNV6906,8
SNV6907,2
SNV6908,4
SNV6911,9
SNV6915,2
SNV6916,6
SNV6917,9
SNV6918,5
SNV6919,6
SNV6920,5
SNV6921,9
SNV6923,9
SNV6924,5
SNV6925,2
SNV6926,2
SNV6927,2
SNV6928,9
SNV6931,6
SNV6932,2
SNV6933,5
SNV6935,9
SNV6936,6
SNV6937,6
SNV6945,10
SNV6946,6
SNV6947,1
SNV6948,9
SNV6949,7
SNV6950,9
SNV6951,9
SNV6953,5
SNV6954,8
SNV6956,2
SNV6957,5
SNV6959,2
SNV6960,6
SNV6961,8
SNV6962,8
SNV6964,8
SNV6965,9
SNV6966,2
SNV6967,9
SNV6968,2
SNV6971,5
SNV6973,6
SNV6974,8
SNV6975,9
SNV6976,9
SNV6977,2
SNV6978,9
SNV6979,9
SNV6980,2
SNV6981,6
SNV6982,9
SNV6984,2
SNV6985,5
SNV6986,5
SNV6987,5
SNV6988,5
SNV6989,9
SNV6990,2
SNV6991,2
SNV6994,5
SNV6996,2
SNV6997,10
SNV6998,7
SNV6999,2
SNV7000,2
SNV7002,2
SNV7003,8
SNV7005,5
SNV7006,8
SNV7007,0
SNV7008,9
SNV7010,7
SNV7015,2
SNV7016,9
SNV7017,9
SNV7020,8
SNV7021,9
SNV7022,9
SNV7023,8
SNV7025,1
SNV7026,9
SNV7027,5
SNV7028,5
SNV7029,4
SNV7030,6
SNV7031,8
SNV7032,2
SNV7034,9
SNV7035,0
SNV7036,9
SNV7040,9
SNV7041,10
SNV7044,9
SNV7046,9
SNV7047,1
SNV7049,9
SNV7051,9
SNV7052,6
SNV7053,6
SNV7055,9
SNV7057,5
SNV7058,9
SNV7062,9
SNV7063,5
SNV7064,6
SNV7066,2
SNV7067,5
SNV7068,8
SNV7069,9
SNV7070,8
SNV7071,9
SNV7072,7
SNV7074,7
SNV7075,9
SNV7076,9
SNV7077,6
SNV7078,5
SNV7079,6
SNV7083,6
SNV7084,9
SNV7089,2
SNV7090,9
SNV7091,6
,6
,6
SNV7092,9
SNV7093,5
SNV7094,8
SNV7096,2
SNV7097,8
SNV7098,7
SNV7099,9
SNV7100,8
SNV7101,5
SNV7102,7
SNV7104,9
SNV7106,5
SNV7107,6
SNV7109,6
SNV7110,8
SNV7111,2
SNV7112,6
SNV7114,7
SNV6514,6
SNV6516,5
SNV6517,9
SNV6518,9
SNV6520,9
SNV6521,8
SNV6522,2
SNV6523,6
SNV6524,9
SNV6526,9
SNV6527,2
SNV6528,8
SNV6529,9
SNV6531,7
SNV6534,7
SNV6536,7
SNV6538,6
SNV6539,9
SNV6540,8
SNV6542,2
SNV6543,5
SNV6544,8
SNV6545,9
SNV6546,9
SNV6547,2
SNV6548,1
SNV6549,9
SNV6551,2
SNV6553,5
SNV6554,5
SNV6555,6
SNV6560,7
SNV6561,6
SNV6562,1
SNV6563,5
SNV6564,2
SNV6565,3
SNV6567,6
SNV6568,5
SNV6569,9
SNV6570,8
SNV6572,9
SNV6573,8
SNV6576,6
SNV6577,5
SNV6578,7
SNV6580,2
SNV6581,2
SNV6582,9
SNV6583,10
SNV6584,8
SNV6586,9
SNV6588,2
SNV6589,4
SNV6592,1
SNV6595,9
SNV6599,5
SNV6600,2
SNV6602,9
SNV6603,8
SNV6604,9
SNV6605,2
SNV6606,6
SNV6609,9
SNV6610,9
SNV6611,2
SNV6613,9
SNV6619,6
SNV6620,2
SNV6622,6
SNV6623,6
SNV6624,5
SNV6626,1
SNV6628,6
SNV6630,2
SNV6632,7
SNV6634,2
SNV6635,9
SNV6637,9
SNV6638,2
SNV6639,8
SNV6640,2
SNV6643,8
SNV6647,2
SNV6648,6
SNV6651,9
,7
SNV6653,9
SNV6654,4
SNV6667,9
SNV6669,2
SNV6670,9
SNV6671,9
SNV6672,9
SNV6673,9
SNV6674,8
SNV6675,8
SNV6676,6
SNV6677,2
SNV6678,8
SNV6679,8
SNV6681,9
SNV6683,8
SNV6684,8
SNV6685,8
SNV6686,9
SNV6687,9
SNV6688,5
SNV6689,5
SNV6690,9
SNV6691,6
SNV6694,6
SNV6695,8
,2
SNV6697,9
SNV6698,9
SNV6701,9
SNV6705,8
SNV6707,7
SNV6708,9
SNV6711,9
SNV6712,9
SNV6713,2
SNV6714,9
SNV6715,9
SNV6716,9
SNV6717,9
SNV6718,2
SNV6719,6
SNV6721,1
SNV6722,1
SNV6724,8
SNV6725,6
SNV6727,6
SNV6729,9
SNV6730,10
SNV6731,8
SNV6732,2
SNV6733,9
SNV6734,1
SNV6735,5
SNV6736,5
SNV6738,9
SNV6739,10
SNV6740,2
SNV6742,2
SNV6743,8
SNV6746,1
SNV6747,2
SNV6748,6
SNV6749,4
SNV6750,9
SNV6751,8
SNV6752,9
SNV6753,9
SNV6754,10
SNV6755,2
SNV6757,5
SNV6758,5
SNV6759,9
SNV6760,9
SNV6761,8
SNV6762,2
SNV6763,9
SNV6764,8
SNV6765,4
SNV6767,9
SNV6768,1
SNV6769,2
SNV6771,10
SNV6773,1
SNV6775,9
SNV6777,5
SNV6778,7
SNV6780,9
SNV7297,6
SNV7490,9
SNV7513,9
SNV7541,8
SNV7225,9
SNV7334,9
SNV7362,8
SNV7365,6
SNV7381,6
SNV7399,2
SNV7508,9
SNV7519,8
SNV7539,2
SNV7548,6
SNV7554,8
SNV7567,2
SNV7582,8
SNV7599,6
SNV7600,5
SNV7126,6
SNV7153,9
SNV7206,9
SNV7235,2
SNV7242,9
SNV7243,8
SNV7254,8
SNV7258,6
SNV7265,5
SNV7287,8
SNV7300,2
SNV7309,9
SNV7325,9
SNV7326,9
SNV7327,2
SNV7328,9
SNV7329,5
SNV7330,9
SNV7331,2
SNV7332,6
SNV7335,8
SNV7336,9
SNV7337,8
SNV7338,6
SNV7339,9
SNV7340,9
SNV7341,9
SNV7342,8
SNV7343,6
SNV7345,8
SNV7346,5
SNV7347,2
SNV7348,9
SNV7349,5
SNV7350,2
SNV7351,6
SNV7352,9
SNV7353,9
SNV7354,2
SNV7355,5
SNV7356,2
SNV7357,2
SNV7358,6
SNV7359,9
SNV7368,9
SNV7369,9
SNV7370,2
SNV7371,9
SNV7372,5
SNV7373,9
SNV7374,9
SNV7375,9
SNV7376,9
SNV7378,9
SNV7379,9
SNV7380,8
SNV7382,2
SNV7383,9
SNV7384,2
SNV7385,10
SNV7386,2
SNV7387,9
SNV7388,9
SNV7390,2
SNV7391,8
SNV7392,9
SNV7394,9
SNV7396,2
SNV7398,8
SNV7400,9
SNV7401,5
SNV7402,6
SNV7403,9
SNV7404,2
SNV7405,6
SNV7406,6
SNV7407,9
SNV7410,2
SNV7412,6
SNV7413,2
SNV7414,9
SNV7415,9
SNV7416,9
SNV7417,9
SNV7418,9
SNV7419,2
SNV7421,2
SNV7422,9
SNV7423,6
SNV7424,5
SNV7425,8
SNV7426,9
SNV7427,8
SNV7428,2
SNV7429,9
SNV7430,9
SNV7431,2
SNV7432,2
SNV7433,9
SNV7434,9
SNV7436,6
SNV7437,9
SNV7439,9
SNV7440,9
SNV7442,8
SNV7444,9
SNV7445,2
SNV7446,8
SNV7447,9
SNV7448,6
SNV7449,8
SNV7450,8
SNV7451,6
SNV7452,6
SNV7453,9
SNV7454,10
SNV7455,6
SNV7456,5
SNV7457,6
SNV7458,9
SNV7459,6
SNV7460,8
SNV7461,6
SNV7462,9
SNV7464,6
SNV7465,8
SNV7466,2
SNV7467,9
SNV7468,6
SNV7469,8
SNV7470,2
SNV7471,6
SNV7472,8
SNV7473,9
SNV7474,6
SNV7475,9
SNV7477,9
SNV7478,9
SNV7479,9
SNV7481,9
SNV7482,5
SNV7483,8
SNV7484,9
SNV7485,2
SNV7486,6
SNV7487,9
SNV7488,9
SNV7489,2
SNV7491,8
SNV7492,6
SNV7493,9
SNV7494,9
SNV7496,5
SNV7497,2
SNV7498,9
SNV7499,8
SNV7500,9
SNV7502,8
SNV7503,2
SNV7504,4
SNV7505,2
SNV7506,2
SNV7507,2
SNV7509,9
SNV7510,6
SNV7511,6
SNV7512,8
SNV7514,8
SNV7515,2
SNV7517,2
SNV7518,6
SNV7520,2
SNV7521,2
SNV7522,9
SNV7523,2
SNV7524,9
SNV7525,2
SNV7528,2
SNV7530,2
SNV7532,9
SNV7533,2
SNV7534,2
SNV7535,9
SNV7536,9
SNV7537,8
SNV7542,9
SNV7543,9
SNV7544,2
SNV7545,8
SNV7546,9
SNV7547,2
SNV7549,2
SNV7550,8
SNV7551,9
SNV7552,5
SNV7553,9
SNV7555,9
SNV7557,8
SNV7558,8
SNV7559,9
SNV7560,2
SNV7561,2
SNV7562,2
SNV7563,8
SNV7564,10
SNV7565,9
SNV7566,2
SNV7568,9
SNV7569,5
SNV7570,2
SNV7571,9
SNV7572,6
SNV7574,2
SNV7575,8
SNV7576,9
SNV7577,2
SNV7579,2
SNV7580,9
SNV7581,6
SNV7583,2
SNV7584,6
SNV7587,9
SNV7588,9
SNV7589,9
SNV7590,6
SNV7591,9
SNV7592,2
SNV7594,8
SNV7595,6
SNV7596,4
SNV7597,8
SNV7598,2
SNV7601,9
SNV7602,2
SNV7115,9
SNV7117,2
SNV7118,9
SNV7119,2
SNV7120,9
SNV7121,10
SNV7122,8
SNV7123,6
SNV7124,6
SNV7125,2
SNV7127,8
SNV7128,6
SNV7129,6
SNV7131,6
SNV7132,8
SNV7133,2
SNV7134,9
SNV7135,8
SNV7136,2
SNV7137,6
SNV7138,2
SNV7139,9
SNV7140,5
SNV7142,9
SNV7143,9
SNV7144,9
SNV7146,2
SNV7147,8
SNV7148,8
SNV7150,2
SNV7151,9
SNV7152,6
SNV7156,8
SNV7157,6
SNV7158,6
SNV7159,6
SNV7160,8
SNV7161,8
SNV7162,5
SNV7163,2
SNV7164,8
SNV7165,6
SNV7166,6
SNV7167,6
SNV7168,2
SNV7170,5
SNV7171,5
SNV7172,9
SNV7173,9
SNV7174,2
SNV7175,9
SNV7176,9
SNV7177,8
SNV7178,9
SNV7179,4
SNV7180,2
SNV7181,8
SNV7182,6
SNV7183,6
SNV7184,5
SNV7185,9
SNV7186,2
SNV7187,2
SNV7188,9
SNV7189,6
SNV7190,10
SNV7192,9
,8
SNV7193,6
SNV7195,2
,0
,0
SNV7197,8
SNV7199,9
SNV7200,10
SNV7201,9
SNV7203,2
SNV7204,8
SNV7205,9
SNV7208,8
SNV7209,8
SNV7210,2
SNV7211,9
SNV7212,6
SNV7214,9
SNV7215,2
SNV7216,2
SNV7217,2
SNV7218,4
SNV7219,5
SNV7220,9
SNV7221,6
SNV7222,6
SNV7223,9
SNV7224,9
SNV7226,2
SNV7227,6
SNV7228,8
SNV7229,6
SNV7230,9
SNV7232,9
SNV7234,6
SNV7236,2
SNV7239,9
SNV7240,6
SNV7241,8
SNV7244,6
SNV7245,9
SNV7246,6
SNV7247,5
SNV7248,9
SNV7249,9
SNV7250,8
SNV7251,8
SNV7252,11
SNV7253,9
SNV7255,9
SNV7256,2
SNV7259,9
SNV7260,9
SNV7261,2
SNV7262,9
SNV7263,9
SNV7264,6
SNV7266,8
SNV7267,2
,6
SNV7268,9
SNV7269,8
SNV7270,9
SNV7271,8
SNV7272,9
SNV7273,5
SNV7274,6
SNV7275,9
SNV7276,2
SNV7277,6
,8
,8
SNV7278,9
SNV7279,9
SNV7280,2
SNV7282,9
SNV7283,2
SNV7285,9
SNV7286,9
SNV7288,5
,9
SNV7291,2
SNV7292,2
SNV7293,2
SNV7294,2
SNV7296,2
SNV7298,9
SNV7299,5
SNV7301,6
SNV7302,2
,11
SNV7304,5
SNV7305,5
SNV7306,2
SNV7307,9
SNV7308,9
SNV7311,5
SNV7312,9
SNV7313,2
SNV7315,2
SNV7316,2
SNV7317,2
SNV7318,2
SNV7319,6
SNV7320,5
SNV7321,9
SNV7322,8
SNV7937,9
SNV7984,9
SNV7990,11
SNV8086,6
SNV8089,2
SNV8092,2
SNV8115,10
SNV8122,5
SNV8144,2
SNV8163,6
SNV8166,6
SNV7608,6
SNV7622,5
SNV7628,9
SNV7636,9
SNV7640,10
SNV7648,0
SNV7651,0
SNV7655,2
SNV7676,5
SNV7742,6
SNV7744,2
SNV7770,6
SNV7796,6
SNV7880,9
SNV7881,10
SNV7883,9
SNV7884,9
SNV7886,8
SNV7888,6
SNV7889,9
SNV7890,8
SNV7891,2
SNV7892,6
SNV7895,9
SNV7896,9
SNV7899,8
SNV7900,9
SNV7903,6
SNV7904,2
SNV7906,6
SNV7907,6
SNV7908,2
SNV7910,9
SNV7911,6
SNV7917,5
SNV7920,8
,6
SNV7931,9
SNV7932,5
SNV7933,8
SNV7938,6
SNV7939,5
SNV7940,9
SNV7952,7
SNV7953,9
SNV7956,6
SNV7957,8
SNV7958,6
SNV7959,6
SNV7960,6
SNV7963,7
SNV7964,6
SNV7965,9
SNV7966,9
SNV7967,8
SNV7968,7
,4
SNV7971,9
SNV7972,9
SNV7973,9
SNV7974,6
SNV7975,9
SNV7976,9
SNV7978,5
SNV7979,2
SNV7980,6
SNV7981,9
SNV7983,5
SNV7986,2
SNV7987,6
SNV7988,10
SNV7989,2
SNV7991,8
SNV7992,9
SNV7993,9
SNV7994,5
SNV7995,6
SNV7996,9
SNV7997,2
SNV7998,10
SNV7999,9
SNV8000,5
SNV8002,2
SNV8003,6
SNV8005,0
SNV8006,6
SNV8007,10
SNV8008,9
SNV8011,5
SNV8012,5
SNV8013,9
SNV8016,2
SNV8017,2
SNV8018,9
SNV8021,6
SNV8022,2
SNV8023,5
SNV8024,5
SNV8025,9
SNV8026,5
SNV8027,2
SNV8028,6
SNV8029,8
SNV8030,9
SNV8037,2
SNV8038,2
SNV8050,6
SNV8051,8
SNV8053,5
SNV8054,5
SNV8057,9
SNV8058,9
SNV8059,9
SNV8061,5
SNV8062,8
SNV8063,6
SNV8065,9
SNV8066,8
SNV8067,9
SNV8068,5
SNV8069,9
SNV8088,8
SNV8090,6
SNV8093,9
SNV8094,8
SNV8096,6
SNV8098,9
SNV8100,9
SNV8101,9
SNV8102,6
SNV8103,5
,9
SNV8106,9
SNV8107,5
SNV8109,9
SNV8110,5
SNV8112,6
SNV8113,6
SNV8116,2
SNV8117,9
SNV8118,9
SNV8119,2
SNV8120,10
SNV8123,2
SNV8124,4
SNV8125,2
SNV8126,9
SNV8127,9
SNV8128,9
SNV8129,10
SNV8131,9
SNV8132,6
SNV8135,6
SNV8136,6
SNV8137,2
SNV8138,6
SNV8139,8
SNV8140,9
SNV8141,2
SNV8143,8
SNV8145,8
SNV8146,9
SNV8147,2
SNV8148,6
SNV8150,9
SNV8151,2
SNV8152,8
SNV8153,2
SNV8154,2
SNV8156,9
SNV8157,9
SNV8158,9
SNV8159,9
SNV8160,6
SNV8162,9
SNV8168,2
SNV8170,2
SNV8171,6
SNV8172,9
SNV8173,9
SNV8174,9
SNV8175,8
SNV8176,2
SNV8177,9
SNV7604,5
SNV7605,8
SNV7606,6
SNV7607,8
SNV7609,8
SNV7610,9
,5
SNV7613,6
SNV7614,2
SNV7615,2
SNV7617,8
SNV7618,9
SNV7619,10
SNV7620,7
SNV7621,9
SNV7623,4
SNV7625,2
SNV7627,9
SNV7631,2
SNV7632,6
SNV7633,8
SNV7634,2
SNV7635,6
SNV7637,2
SNV7638,5
SNV7639,6
SNV7641,9
SNV7642,2
SNV7643,2
SNV7644,9
SNV7645,9
SNV7647,2
SNV7649,2
SNV7650,9
SNV7652,9
SNV7653,9
SNV7654,3
SNV7656,9
SNV7658,9
SNV7659,2
SNV7660,2
SNV7664,5
SNV7665,2
SNV7668,6
SNV7669,9
SNV7670,9
SNV7671,9
SNV7674,2
SNV7675,8
SNV7677,9
SNV7679,5
SNV7680,2
SNV7681,9
SNV7682,4
SNV7683,2
SNV7684,6
SNV7685,2
SNV7686,8
SNV7688,2
SNV7690,2
SNV7691,9
SNV7692,2
SNV7693,2
SNV7694,8
SNV7695,9
SNV7696,5
SNV7700,2
SNV7704,6
SNV7705,6
SNV7706,9
SNV7707,9
SNV7709,11
SNV7710,2
SNV7711,6
SNV7712,2
SNV7713,6
SNV7714,9
SNV7715,9
SNV7716,6
SNV7717,6
SNV7718,6
SNV7721,2
SNV7726,8
SNV7727,6
SNV7729,5
SNV7730,5
SNV7731,2
SNV7732,5
SNV7733,8
SNV7734,8
SNV7735,8
SNV7736,2
SNV7737,2
SNV7738,8
SNV7739,9
SNV7741,9
SNV7747,2
SNV7748,9
SNV7751,2
SNV7752,9
SNV7753,6
SNV7754,6
SNV7755,6
SNV7756,9
SNV7759,9
SNV7760,9
SNV7762,6
SNV7764,9
SNV7765,2
SNV7766,6
SNV7768,9
SNV7769,9
SNV7774,9
SNV7776,8
SNV7777,6
SNV7779,2
SNV7780,9
SNV7782,8
SNV7784,6
SNV7785,2
SNV7786,2
SNV7787,9
SNV7788,10
SNV7789,2
SNV7790,2
SNV7791,2
SNV7792,2
SNV7793,6
SNV7795,2
SNV7797,5
SNV7799,5
SNV7801,8
SNV7802,9
SNV7806,2
SNV7810,6
SNV7811,9
SNV7812,8
SNV7815,9
SNV7817,5
SNV7818,8
SNV7819,2
SNV7823,2
SNV7824,6
SNV7825,2
SNV7826,5
SNV7827,9
SNV7829,2
SNV7835,2
SNV7838,9
,8
SNV7841,9
SNV7842,6
SNV7843,6
SNV7845,6
SNV7846,8
SNV7848,6
SNV7852,6
SNV7854,6
SNV7855,5
SNV7856,0
SNV7858,6
SNV7859,9
SNV7860,9
SNV7862,9
SNV7863,9
SNV7864,0
SNV7867,9
SNV7868,9
SNV7869,9
SNV7870,5
SNV7871,9
SNV7872,6
SNV7873,9
SNV7874,9
SNV7875,6
SNV7878,9
SNV8520,9
SNV8530,2
SNV8539,9
SNV8548,9
SNV8566,8
SNV8572,6
SNV8575,9
SNV8580,2
SNV8581,2
SNV8585,7
SNV8586,9
SNV8589,8
SNV8599,6
SNV8604,5
SNV8605,9
SNV8609,6
SNV8629,9
SNV8644,9
SNV8672,9
SNV8690,9
SNV8703,6
SNV8754,9
SNV8765,2
SNV8766,6
SNV8873,0
SNV8924,9
SNV8955,6
SNV8992,8
SNV8180,6
SNV8240,4
SNV8256,9
SNV8268,4
SNV8313,9
SNV8325,6
SNV8336,11
SNV8338,6
SNV8431,7
SNV8464,6
SNV8469,6
SNV8470,2
SNV8472,8
SNV8473,6
SNV8474,6
SNV8475,6
SNV8476,9
SNV8477,0
SNV8478,8
SNV8479,8
SNV8480,9
SNV8481,5
SNV8482,6
,7
SNV8484,6
SNV8485,9
SNV8486,10
SNV8487,10
SNV8488,9
SNV8489,9
SNV8491,5
SNV8492,8
SNV8494,9
SNV8495,5
SNV8497,9
SNV8498,9
SNV8500,9
SNV8501,2
SNV8504,6
SNV8510,8
SNV8511,9
SNV8513,2
SNV8514,6
SNV8515,5
SNV8516,9
SNV8517,2
SNV8518,5
SNV8519,5
SNV8521,9
SNV8522,8
SNV8523,5
SNV8524,8
SNV8528,9
SNV8529,9
SNV8533,6
SNV8534,2
SNV8535,2
SNV8538,9
SNV8541,8
SNV8542,2
SNV8543,6
SNV8545,6
SNV8550,6
SNV8554,6
SNV8555,6
SNV8561,2
SNV8563,6
SNV8564,6
SNV8565,9
SNV8567,6
SNV8568,5
SNV8570,7
SNV8582,9
SNV8587,9
SNV8591,5
SNV8593,8
SNV8594,9
SNV8600,8
SNV8602,8
SNV8603,6
SNV8608,6
SNV8610,6
SNV8612,5
SNV8613,2
SNV8615,10
SNV8617,6
SNV8619,9
SNV8623,6
SNV8624,5
SNV8628,6
SNV8633,6
SNV8635,6
SNV8637,8
SNV8640,6
SNV8642,6
SNV8643,6
SNV8647,2
SNV8649,8
SNV8650,6
SNV8651,2
SNV8652,6
SNV8654,6
SNV8655,6
SNV8656,10
SNV8657,9
SNV8658,6
SNV8659,5
SNV8661,8
SNV8664,6
SNV8665,5
SNV8666,6
SNV8667,6
SNV8669,6
SNV8670,2
SNV8671,6
SNV8676,2
SNV8678,8
SNV8679,6
SNV8680,8
SNV8683,6
SNV8684,6
SNV8689,9
SNV8692,6
SNV8696,6
SNV8697,5
SNV8700,9
SNV8701,8
SNV8702,9
SNV8704,5
SNV8705,5
SNV8706,9
SNV8709,9
SNV8711,8
SNV8715,5
SNV8720,5
SNV8722,6
SNV8723,9
SNV8725,9
SNV8729,6
SNV8734,2
SNV8737,5
SNV8738,6
SNV8742,6
SNV8747,6
SNV8748,6
SNV8755,6
SNV8757,6
SNV8760,6
SNV8761,8
SNV8763,4
SNV8770,6
SNV8772,6
SNV8773,6
SNV8774,9
SNV8776,6
SNV8778,2
SNV8779,8
SNV8780,6
SNV8781,9
SNV8789,10
SNV8790,6
SNV8792,5
SNV8793,6
SNV8795,10
SNV8803,6
SNV8805,8
SNV8809,6
SNV8810,8
SNV8811,9
SNV8817,8
SNV8820,6
SNV8821,6
SNV8826,9
SNV8827,6
SNV8828,9
SNV8829,6
SNV8830,6
SNV8840,6
SNV8842,2
SNV8845,10
SNV8847,6
SNV8848,6
SNV8852,8
,6
SNV8856,6
SNV8858,6
SNV8859,2
SNV8861,10
SNV8862,9
SNV8863,6
SNV8865,9
SNV8870,8
SNV8871,2
SNV8877,6
SNV8878,2
SNV8879,6
SNV8880,9
SNV8883,6
SNV8884,6
SNV8885,5
SNV8887,6
SNV8889,6
SNV8890,2
SNV8895,9
SNV8899,10
SNV8901,8
SNV8903,9
SNV8907,8
SNV8908,2
SNV8909,8
SNV8911,10
,5
SNV8917,8
SNV8919,6
SNV8921,6
SNV8923,6
SNV8925,6
SNV8926,6
SNV8927,6
SNV8937,6
SNV8940,2
SNV8941,2
SNV8943,6
SNV8944,8
SNV8946,6
SNV8951,2
SNV8953,6
SNV8954,6
SNV8956,9
SNV8957,6
SNV8958,6
SNV8959,6
SNV8960,6
SNV8962,6
SNV8964,6
SNV8966,2
SNV8968,6
SNV8970,6
SNV8972,9
SNV8974,9
SNV8975,6
SNV8976,9
SNV8981,6
SNV8982,2
SNV8983,6
SNV8984,6
SNV8985,2
SNV8987,9
SNV8990,8
SNV8993,9
SNV8179,2
SNV8181,10
SNV8182,11
SNV8183,6
SNV8184,6
SNV8189,6
SNV8192,9
SNV8193,9
SNV8194,9
SNV8195,6
SNV8196,9
SNV8197,6
SNV8198,9
SNV8202,8
SNV8203,5
SNV8204,6
SNV8205,6
SNV8206,9
SNV8208,2
SNV8209,6
SNV8210,8
SNV8212,6
SNV8213,6
SNV8214,6
SNV8215,6
SNV8216,8
SNV8217,9
SNV8218,5
SNV8225,8
SNV8226,6
SNV8228,6
SNV8230,5
SNV8233,9
SNV8234,8
SNV8235,6
SNV8237,6
SNV8241,6
SNV8243,5
SNV8244,9
SNV8247,10
SNV8248,2
SNV8251,6
SNV8252,9
SNV8253,2
SNV8254,5
SNV8255,8
SNV8257,10
SNV8259,8
SNV8262,8
SNV8264,6
SNV8265,2
SNV8271,9
SNV8273,9
SNV8274,8
SNV8275,2
SNV8278,6
SNV8285,9
SNV8288,6
SNV8290,6
SNV8292,6
SNV8294,9
SNV8295,5
SNV8296,6
SNV8297,5
SNV8301,6
SNV8302,6
SNV8307,10
SNV8322,2
SNV8332,2
,11
SNV8334,6
SNV8337,9
SNV8342,6
SNV8344,9
SNV8345,6
SNV8347,2
SNV8349,5
SNV8352,6
SNV8353,9
SNV8355,5
SNV8357,6
SNV8359,2
SNV8360,3
SNV8363,6
SNV8364,6
SNV8367,2
SNV8368,6
SNV8369,5
SNV8370,5
SNV8371,6
SNV8372,6
SNV8375,6
SNV8376,5
SNV8377,8
SNV8378,6
SNV8379,6
SNV8381,6
SNV8387,6
SNV8389,6
SNV8390,4
SNV8394,6
SNV8397,6
SNV8400,6
SNV8401,6
SNV8402,9
SNV8406,6
SNV8407,6
SNV8409,6
SNV8411,8
SNV8416,9
SNV8418,10
SNV8419,8
SNV8420,5
SNV8422,6
SNV8426,8
SNV8427,5
SNV8428,2
SNV8429,2
SNV8436,6
SNV8438,10
SNV8440,6
SNV9212,2
SNV9279,6
SNV9125,9
SNV9129,8
SNV9134,2
SNV9142,6
SNV9158,2
SNV9170,6
SNV9182,9
SNV9183,8
SNV9184,9
SNV9185,8
SNV9203,2
SNV9204,9
SNV9205,6
SNV9206,8
SNV9207,6
SNV9209,8
SNV9211,9
SNV9221,2
SNV9222,8
SNV9227,9
SNV9228,8
SNV9256,5
SNV9257,2
SNV9261,9
SNV9273,9
SNV9287,9
SNV9311,8
SNV9317,9
SNV9333,5
SNV9341,8
SNV8994,8
SNV8997,2
SNV9001,6
SNV9017,6
SNV9028,2
SNV9031,8
SNV9043,6
SNV9044,9
SNV9048,8
SNV9049,9
SNV9053,6
SNV9085,9
SNV9094,6
SNV9106,6
SNV9107,9
SNV9123,6
SNV9124,9
SNV9126,9
SNV9127,9
SNV9128,9
SNV9130,9
SNV9131,8
SNV9132,2
SNV9133,2
SNV9135,10
SNV9136,2
SNV9137,8
SNV9138,6
SNV9139,6
SNV9140,10
SNV9141,6
SNV9143,6
SNV9144,6
SNV9145,6
SNV9146,2
SNV9147,8
SNV9148,5
SNV9149,9
SNV9150,6
SNV9152,6
SNV9153,2
SNV9154,9
SNV9155,2
SNV9157,9
SNV9159,9
SNV9160,6
SNV9161,8
SNV9162,2
SNV9163,8
SNV9164,2
SNV9165,9
SNV9166,6
SNV9167,8
SNV9168,8
SNV9169,9
SNV9171,4
SNV9172,9
SNV9173,9
SNV9174,2
SNV9176,6
SNV9177,9
SNV9178,2
SNV9179,8
SNV9180,9
SNV9181,9
SNV9186,6
SNV9187,2
SNV9188,9
SNV9189,2
SNV9190,6
SNV9234,6
SNV9236,9
SNV9237,9
SNV9239,9
SNV9240,2
SNV9241,2
SNV9242,2
SNV9243,8
SNV9244,10
SNV9245,2
SNV9246,2
SNV9248,5
SNV9249,5
SNV9250,8
SNV9252,8
SNV9253,9
SNV9258,8
SNV9259,8
SNV9260,8
SNV9263,8
SNV9264,4
SNV9265,9
SNV9266,2
SNV9267,9
SNV9268,8
SNV9269,8
SNV9270,6
SNV9271,2
SNV9272,4
SNV9274,2
SNV9277,5
SNV9280,9
SNV9281,8
SNV9282,11
SNV9284,8
SNV9286,8
SNV9289,5
SNV9290,4
SNV9291,9
SNV9292,2
SNV9293,2
SNV9294,8
SNV9295,9
SNV9296,9
SNV9297,6
SNV9298,8
SNV9299,9
SNV9301,8
SNV9303,9
SNV9304,2
SNV9305,10
SNV9307,9
SNV9308,9
SNV9309,5
SNV9310,10
SNV9312,2
SNV9313,5
SNV9314,9
SNV9315,6
SNV9316,2
SNV9318,10
SNV9319,9
SNV9320,5
SNV9321,6
SNV9322,9
SNV9324,0
SNV9325,0
SNV9326,6
SNV9327,2
SNV9328,8
SNV9331,2
SNV9332,2
SNV9334,10
SNV9335,6
SNV9336,2
SNV9337,9
SNV9338,9
SNV9339,6
SNV9340,2
SNV8995,2
SNV8996,9
SNV8998,9
SNV8999,9
SNV9000,6
SNV9002,8
SNV9003,2
SNV9004,2
SNV9005,9
SNV9006,6
SNV9007,6
SNV9008,2
SNV9009,6
SNV9010,2
SNV9011,5
SNV9013,6
SNV9014,8
SNV9015,5
SNV9016,5
SNV9018,2
SNV9019,8
SNV9020,6
SNV9021,6
SNV9023,6
SNV9024,6
SNV9025,2
SNV9026,10
SNV9029,8
SNV9030,2
SNV9032,8
SNV9033,10
SNV9034,9
SNV9035,2
SNV9036,8
SNV9037,6
SNV9038,9
SNV9039,8
SNV9040,2
SNV9041,6
SNV9042,2
SNV9045,9
,5
SNV9046,5
SNV9047,9
SNV9050,8
SNV9051,2
SNV9052,6
SNV9054,9
SNV9056,5
,11
SNV9058,6
SNV9059,9
SNV9060,9
SNV9061,6
SNV9062,9
SNV9063,5
SNV9064,9
SNV9065,6
SNV9066,5
SNV9067,8
SNV9068,9
SNV9069,2
SNV9070,9
SNV9071,8
SNV9072,5
SNV9073,8
SNV9075,6
SNV9077,6
SNV9078,9
SNV9080,2
SNV9081,8
SNV9082,2
SNV9083,9
SNV9084,8
SNV9086,9
SNV9087,8
,9
SNV9088,6
SNV9089,9
SNV9090,8
SNV9091,9
SNV9092,10
SNV9093,8
SNV9095,2
SNV9096,6
SNV9097,8
SNV9098,6
SNV9100,9
SNV9102,8
SNV9103,8
SNV9104,9
SNV9105,9
SNV9108,8
SNV9109,2
SNV9110,9
SNV9112,9
SNV9631,6
,9
SNV9646,8
SNV9720,2
SNV9363,6
SNV9501,6
SNV9502,6
SNV9513,2
SNV9514,7
